{"total_time_consume": 4799.230273962021, "preprocess": {"total_time": 0.0513148307800293}, "classifier": [{"ins_id": 0, "dataset_partition": {"bulid_graph_time": 898.4908928871155, "save_graph_time": 26.699256896972656, "graph_partition_time": 119.3009250164032, "total_time": 1044.6477036476135, "cluster_number_distribution": [4021, 4023, 4023, 2867, 4022, 4020, 4023, 4023, 4023, 4023, 4022, 4023, 3176, 3594, 4023, 4023, 4023, 4023, 4023, 4023, 4023, 4023, 3505, 4019, 4019, 4022, 4020, 3072, 4024, 3995, 4024, 3980, 4022, 4023, 4019, 4023, 4019, 4023, 4023, 4020, 4024, 4023, 4023, 4023, 4023, 4023, 4012, 2659, 4016, 4023, 4023, 4023, 4022, 4022, 3992, 4023, 4023, 4024, 4023, 4023, 4020, 3497, 4023, 3481, 4023, 4023, 3040, 3848, 4023, 4023, 3928, 4021, 4023, 4023, 3871, 4023, 4004, 4010, 4024, 4002, 3398, 3882, 4023, 4002, 4022, 3639, 4014, 4016, 4021, 4018, 4022, 4022, 3896, 3475, 3898, 4020, 4023, 2532, 3999, 4021, 4022, 4014, 4016, 4022, 4017, 4023, 3897, 4021, 3954, 3458, 3047, 4004, 4023, 3884, 4023, 3742, 4023, 4023, 4023, 4022, 4023, 4020, 4023, 3023, 4017, 3752, 4023, 4022, 4023, 4022, 4023, 4023, 4020, 4023, 2675, 4022, 4022, 2051, 4023, 4023, 4023, 4023, 4023, 4023, 4023, 4015, 4023, 4003, 4016, 4022, 4023, 4023, 4023, 4019, 3942, 3120, 3884, 3950, 3782, 4014, 4023, 4020, 4023, 3996, 4023, 4023, 4023, 4022, 4023, 4023, 4019, 4020, 4009, 1331, 4014, 4022, 3908, 3797, 4015, 4023, 3866, 4021, 3519, 4023, 3787, 4023, 4016, 4018, 4023, 3554, 4003, 3886, 3196, 4023, 4023, 4022, 4007, 4020, 4007, 4022, 3955, 4023, 4018, 3974, 4023, 3851, 4023, 4013, 4023, 4022, 3428, 3926, 3922, 4014, 4023, 4021, 3907, 4023, 4023, 4007, 4022, 4021, 4023, 4023, 3877, 4021, 4023, 4023, 4022, 4023, 3993, 3754, 4023, 4023, 4024, 4016, 4023, 3973, 3842, 4021, 3999, 4022, 4023, 4002, 4021, 4024, 4012, 4024, 4011, 4022, 3101, 3986, 2535, 4004, 4023, 3862]}, "prepare_train_sample": {"time": 0.7180821895599365}, "train_eval_model": {"train_intermediate": [{"epoch": 0, "loss": 91.07495661001036, "eval_loss": 84.65596914291382, "train_recall": 0.4245050505050505, "val_recall": 0.4858, "lr": 0.008}, {"epoch": 1, "loss": 88.0258658893986, "eval_loss": 83.95947270515637, "train_recall": 0.4567878787878788, "val_recall": 0.4983, "lr": 0.008}, {"epoch": 2, "loss": 87.35925542144179, "eval_loss": 83.65382804626074, "train_recall": 0.46461919191919193, "val_recall": 0.5041, "lr": 0.008}, {"epoch": 3, "loss": 85.57718086964012, "eval_loss": 82.3811076482137, "train_recall": 0.4884030303030303, "val_recall": 0.5221, "lr": 0.0008}, {"epoch": 4, "loss": 85.31705933068486, "eval_loss": 82.27136718309842, "train_recall": 0.4919828282828283, "val_recall": 0.5245, "lr": 0.0008}, {"epoch": 5, "loss": 85.20796704923467, "eval_loss": 82.11583809974866, "train_recall": 0.493910101010101, "val_recall": 0.5297, "lr": 0.0008}, {"epoch": 6, "loss": 85.15517034165964, "eval_loss": 82.03671086140169, "train_recall": 0.49414848484848484, "val_recall": 0.5255, "lr": 0.0008}, {"epoch": 7, "loss": 84.977460934881, "eval_loss": 81.9775664867499, "train_recall": 0.496910101010101, "val_recall": 0.5286, "lr": 8e-05}, {"epoch": 8, "loss": 84.9605123524398, "eval_loss": 81.96631020766038, "train_recall": 0.496679797979798, "val_recall": 0.5311, "lr": 8e-05}, {"epoch": 9, "loss": 84.9528099030712, "eval_loss": 82.02281054472311, "train_recall": 0.4974737373737374, "val_recall": 0.531, "lr": 8e-05}, {"epoch": 10, "loss": 84.94825814025151, "eval_loss": 81.89286431288107, "train_recall": 0.4975414141414141, "val_recall": 0.5313, "lr": 8e-05}, {"epoch": 11, "loss": 84.94521276349029, "eval_loss": 81.93395901948978, "train_recall": 0.49735252525252527, "val_recall": 0.5287, "lr": 8e-05}], "train_total": {"correct": 492379, "final_recall": 0.49735252525252527}, "training_time": 3512.4045429229736, "eval_time": 0.017031192779541016}}], "integrate": {"time": 105.21822905540466}, "count_recall": {"time": 126.63559675216675}}