{"total_time_consume": 4895.093486785889, "preprocess": {"total_time": 0.10616445541381836}, "classifier": [{"ins_id": 0, "dataset_partition": {"bulid_graph_time": 75.04053163528442, "save_graph_time": 45.496034145355225, "graph_partition_time": 78.32581925392151, "total_time": 199.05011296272278, "cluster_number_distribution": [3901, 4022, 3971, 4024, 4023, 3826, 3782, 4018, 4024, 3871, 4023, 3859, 4024, 4024, 4024, 3892, 4023, 4024, 4024, 3728, 3838, 3846, 4024, 4024, 4024, 2846, 3984, 4021, 4024, 4023, 3874, 3877, 3981, 3921, 4023, 3990, 2909, 3721, 3846, 4023, 4024, 4024, 3961, 4024, 4023, 3946, 3857, 4023, 3927, 4024, 3997, 3338, 3926, 3725, 4024, 3703, 4017, 4021, 4024, 3961, 4024, 4019, 3918, 4024, 3955, 2885, 3220, 3797, 3901, 4024, 3866, 3890, 3992, 4000, 4024, 4015, 3796, 4023, 4024, 4024, 4015, 3973, 3833, 3900, 3996, 4016, 4003, 3767, 3912, 3978, 4024, 3464, 3983, 4024, 3907, 3685, 0, 4024, 3948, 3940, 4024, 4013, 3898, 3920, 3941, 4024, 4024, 3757, 4014, 4014, 3942, 3941, 4023, 4023, 4023, 4013, 4023, 3591, 3966, 4023, 3889, 4024, 3998, 4015, 4012, 4024, 4024, 4021, 4023, 4023, 4023, 4023, 4024, 4024, 4021, 3896, 4023, 4024, 4023, 3728, 4023, 4013, 3948, 3932, 2583, 4024, 4024, 3929, 3923, 4008, 4024, 3839, 3736, 4023, 4023, 4023, 3984, 3916, 4023, 4022, 3988, 4024, 4024, 3999, 4023, 4023, 4020, 4023, 4020, 3962, 4023, 4009, 3969, 3898, 3737, 3928, 4024, 4023, 3998, 4021, 3526, 4024, 4020, 4024, 4023, 4023, 3895, 3755, 4023, 4024, 3722, 4024, 2564, 4022, 4022, 3960, 3873, 4023, 3934, 4024, 4023, 4024, 4024, 2988, 4024, 4024, 4003, 4024, 3682, 4023, 3960, 4022, 3953, 3799, 3969, 4017, 4024, 3740, 4023, 4024, 4024, 3722, 4023, 4024, 4024, 3822, 2112, 4024, 3933, 4023, 4022, 4023, 4023, 4023, 4022, 4022, 3892, 4024, 4006, 4023, 4024, 4024, 3880, 3867, 4024, 3943, 4024, 4013, 4024, 3842, 4024, 3815, 4024, 3721, 4023, 3919]}, "prepare_train_sample": {"time": 0.39200329780578613}, "train_eval_model": {"train_intermediate": [{"epoch": 0, "loss": 56.24056804208274, "eval_loss": 53.39209479552049, "train_recall": 0.6577080808080809, "val_recall": 0.6913, "lr": 0.008}, {"epoch": 1, "loss": 54.805419327173354, "eval_loss": 53.01875494687985, "train_recall": 0.6754888888888889, "val_recall": 0.698, "lr": 0.008}, {"epoch": 2, "loss": 54.64251410536133, "eval_loss": 53.15405877431234, "train_recall": 0.6771737373737374, "val_recall": 0.7027, "lr": 0.008}, {"epoch": 3, "loss": 54.079903491471164, "eval_loss": 52.503366519243286, "train_recall": 0.6873585858585859, "val_recall": 0.7061, "lr": 0.0008}, {"epoch": 4, "loss": 54.007856114208074, "eval_loss": 52.49900053708981, "train_recall": 0.6886939393939394, "val_recall": 0.707, "lr": 0.0008}], "train_total": {"correct": 681807, "final_recall": 0.6886939393939394}, "training_time": 924.1168987751007, "eval_time": 0.007417917251586914}}, {"ins_id": 1, "dataset_partition": {"bulid_graph_time": 66.83928513526917, "save_graph_time": 50.03479313850403, "graph_partition_time": 86.75717282295227, "total_time": 203.8256413936615, "cluster_number_distribution": [1730, 4012, 3970, 4017, 3870, 3882, 3945, 4024, 3909, 4015, 4023, 3884, 4018, 4023, 4023, 4022, 4023, 4024, 4023, 3908, 3948, 4024, 4022, 4023, 3868, 4006, 4018, 3846, 4022, 4023, 4023, 4014, 4017, 4024, 3956, 3734, 4024, 4023, 4023, 4024, 3850, 4024, 4024, 4023, 4012, 4016, 4024, 3996, 4018, 3871, 4024, 1905, 3909, 3731, 4024, 4024, 3871, 3945, 3886, 4023, 4024, 4024, 4023, 3994, 4023, 4024, 3976, 4023, 3936, 3970, 3973, 4021, 4011, 3853, 4023, 4003, 4024, 3919, 3744, 3416, 3899, 3874, 4023, 4022, 4024, 4023, 4022, 3804, 4023, 4023, 4020, 4023, 3920, 3844, 4023, 4023, 4022, 4024, 4001, 3974, 4024, 3986, 3980, 4023, 3820, 4006, 4023, 3857, 3929, 3955, 4024, 4023, 4024, 4024, 4013, 4022, 3830, 4023, 3891, 4021, 3875, 4007, 4024, 3919, 4023, 3519, 4019, 4021, 3995, 4024, 3953, 4006, 3917, 4024, 4024, 4021, 4001, 3956, 3919, 4022, 4024, 4018, 3931, 4012, 3871, 3975, 3902, 4024, 4016, 513, 4001, 4024, 4019, 4024, 4013, 3904, 3751, 3881, 3914, 4003, 4006, 4023, 4024, 4024, 3966, 3938, 3791, 4017, 4024, 4023, 3965, 3992, 3970, 4019, 3870, 1510, 3723, 3885, 0, 3976, 4023, 4024, 3798, 4023, 4016, 3967, 3930, 4024, 4023, 4024, 4023, 4023, 4019, 3958, 3970, 4022, 4000, 4012, 4007, 4023, 3940, 4024, 4022, 4024, 4023, 3955, 3930, 4024, 3910, 3996, 4022, 3987, 4024, 4024, 4023, 3921, 4015, 3971, 4019, 4024, 3899, 3937, 4023, 4023, 3878, 3936, 4024, 3998, 3972, 3991, 4024, 4022, 3860, 4024, 3966, 4024, 4023, 4023, 4012, 4019, 3929, 3803, 4023, 958, 3931, 3843, 4024, 3849, 3912, 4022, 4024, 4024, 3976, 4016, 4023, 4023]}, "prepare_train_sample": {"time": 0.6626861095428467}, "train_eval_model": {"train_intermediate": [{"epoch": 0, "loss": 64.93859132413516, "eval_loss": 62.56625108229808, "train_recall": 0.5700060606060606, "val_recall": 0.5992, "lr": 0.008}, {"epoch": 1, "loss": 63.75620975081928, "eval_loss": 62.34822997068748, "train_recall": 0.5838010101010102, "val_recall": 0.6052, "lr": 0.008}, {"epoch": 2, "loss": 63.616595298736755, "eval_loss": 62.126256820483086, "train_recall": 0.586330303030303, "val_recall": 0.6079, "lr": 0.008}, {"epoch": 3, "loss": 63.10219015043839, "eval_loss": 61.77737618715335, "train_recall": 0.5939808080808081, "val_recall": 0.6117, "lr": 0.0008}, {"epoch": 4, "loss": 63.05649744506011, "eval_loss": 61.75832818104671, "train_recall": 0.594360606060606, "val_recall": 0.6104, "lr": 0.0008}], "train_total": {"correct": 588417, "final_recall": 0.594360606060606}, "training_time": 932.9906024932861, "eval_time": 0.006541728973388672}}, {"ins_id": 2, "dataset_partition": {"bulid_graph_time": 76.02352905273438, "save_graph_time": 48.59415245056152, "graph_partition_time": 62.186495304107666, "total_time": 186.99414253234863, "cluster_number_distribution": [4022, 3879, 4024, 1557, 4023, 3996, 4021, 3895, 4023, 3939, 4023, 4023, 4022, 4023, 4019, 4023, 4023, 3911, 4015, 3993, 4004, 3783, 4012, 3983, 4023, 3859, 4023, 4020, 3946, 4022, 3916, 4020, 4024, 3957, 4011, 3798, 3873, 4023, 3979, 3934, 2348, 4002, 4024, 3805, 4018, 4001, 3970, 3770, 3954, 3999, 3908, 4008, 4024, 4020, 3895, 4021, 3998, 3921, 4016, 3845, 3987, 4022, 4016, 3994, 4024, 4024, 4023, 4024, 4023, 4022, 3899, 4010, 4018, 4009, 3758, 3772, 4013, 3727, 4022, 4017, 4023, 3939, 4023, 4018, 4020, 2906, 4020, 4024, 4023, 4024, 3996, 3990, 3976, 4024, 4019, 3979, 4022, 4023, 4024, 3909, 3732, 4022, 4016, 3916, 4018, 4002, 3988, 4023, 4024, 3883, 0, 4009, 4023, 4021, 3773, 3980, 4010, 4021, 3908, 4022, 4019, 3984, 4020, 3892, 3962, 3739, 4020, 3938, 3812, 4021, 3937, 4022, 3742, 3939, 3879, 4023, 3901, 4023, 3888, 4024, 4014, 4024, 4016, 3727, 4014, 3836, 4023, 3770, 4018, 3925, 3987, 3760, 4023, 3821, 3726, 4023, 4024, 4023, 3989, 3970, 4024, 4004, 3981, 3743, 4022, 3793, 0, 4023, 4022, 4023, 4006, 4023, 4020, 4017, 4006, 4024, 4021, 4021, 3959, 3916, 3866, 3985, 4023, 3981, 3732, 4023, 4024, 4016, 4023, 3930, 3949, 4023, 3902, 4023, 3963, 3943, 4004, 4024, 4023, 3932, 4024, 4022, 3957, 4024, 3758, 3916, 3803, 4024, 3872, 3980, 4023, 3973, 3880, 3978, 3798, 3026, 3911, 4023, 4024, 4015, 3804, 3942, 3956, 4024, 4019, 2142, 4015, 4020, 4024, 3923, 4019, 4002, 4023, 4018, 3994, 3947, 3985, 4005, 3888, 4023, 4023, 4014, 4022, 4001, 3958, 3961, 4023, 3834, 3993, 4022, 4018, 4021, 3751, 4024, 3988, 4020]}, "prepare_train_sample": {"time": 0.45060205459594727}, "train_eval_model": {"train_intermediate": [{"epoch": 0, "loss": 63.262032684159465, "eval_loss": 60.49777451539651, "train_recall": 0.5730565656565657, "val_recall": 0.6022, "lr": 0.008}, {"epoch": 1, "loss": 61.69703468692423, "eval_loss": 60.15731103603657, "train_recall": 0.5901040404040404, "val_recall": 0.6092, "lr": 0.008}, {"epoch": 2, "loss": 61.48428383173167, "eval_loss": 59.93467967938154, "train_recall": 0.5918050505050505, "val_recall": 0.6, "lr": 0.008}, {"epoch": 3, "loss": 60.9108142651179, "eval_loss": 59.51076139547886, "train_recall": 0.6001737373737374, "val_recall": 0.6113, "lr": 0.0008}, {"epoch": 4,