{"total_time_consume": 4182.17094373703, "preprocess": {"total_time": 0.050458669662475586}, "classifier": [{"ins_id": 0, "dataset_partition": {"bulid_graph_time": 891.5132095813751, "save_graph_time": 27.618478059768677, "graph_partition_time": 56.66673994064331, "total_time": 975.9545359611511, "cluster_number_distribution": [4012, 4010, 4010, 4014, 4016, 4012, 4010, 4010, 4016, 4012, 4016, 4001, 4012, 4011, 4011, 4013, 4010, 4010, 4011, 4010, 4013, 4010, 310, 4024, 4010, 4014, 4010, 4010, 4013, 4013, 4010, 4010, 4011, 4011, 4010, 4010, 4010, 4011, 4011, 4012, 4013, 4011, 4011, 4010, 4011, 4010, 4010, 3844, 4009, 4015, 4007, 4010, 4008, 1569, 4010, 4011, 3781, 4010, 4011, 4010, 4011, 4010, 4009, 2486, 4011, 3801, 4011, 4015, 4010, 4015, 4011, 2516, 4010, 4013, 4009, 4010, 4008, 4010, 2024, 4013, 4014, 4010, 4009, 3833, 4010, 4010, 4011, 4010, 4012, 4017, 3718, 3346, 4010, 4010, 3371, 4010, 4010, 4013, 4011, 4011, 4011, 4010, 4010, 4012, 4010, 4014, 4014, 4011, 4012, 3657, 4012, 4011, 4011, 4011, 4010, 4010, 4011, 4011, 4014, 2923, 4012, 4010, 4010, 4010, 4011, 4010, 4012, 4036, 4035, 4026, 4029, 3984, 4008, 4015, 3982, 2212, 3970, 3982, 4034, 4033, 4020, 4036, 3900, 4009, 3976, 4036, 4029, 4036, 576, 4035, 4015, 4036, 2983, 4036, 3957, 3947, 4031, 3921, 4029, 4031, 3994, 4035, 4031, 4022, 4036, 4036, 4031, 3944, 4036, 4035, 4037, 3943, 3989, 4036, 4035, 3794, 3973, 4036, 4036, 3942, 4028, 4035, 4036, 4036, 3974, 4035, 4036, 4036, 3969, 4034, 4004, 3914, 4036, 4035, 4024, 4036, 4034, 4031, 4030, 4009, 4005, 4035, 3866, 4037, 3975, 4036, 3940, 4030, 4007, 4034, 4033, 4036, 4012, 3832, 4037, 4003, 4021, 4012, 4036, 4035, 3989, 4036, 4032, 4003, 4036, 4035, 2560, 3997, 4033, 4037, 2552, 3628, 3943, 3968, 4033, 3983, 4030, 4035, 3291, 3940, 4037, 4016, 3347, 4037, 3767, 3982, 4037, 3924, 3952, 4036, 3959, 4036, 4025, 4035, 4015, 3794]}, "prepare_train_sample": {"time": 0.6558313369750977}, "train_eval_model": {"train_intermediate": [{"epoch": 0, "loss": 69.12616944016345, "eval_loss": 63.874819425436165, "train_recall": 0.40994646464646467, "val_recall": 0.4422, "lr": 0.008}, {"epoch": 1, "loss": 66.67235554581288, "eval_loss": 63.436247764489586, "train_recall": 0.43333434343434346, "val_recall": 0.4537, "lr": 0.008}, {"epoch": 2, "loss": 66.15840402170286, "eval_loss": 63.13742050757775, "train_recall": 0.4394181818181818, "val_recall": 0.4573, "lr": 0.008}, {"epoch": 3, "loss": 64.6628378820538, "eval_loss": 62.012441500639305, "train_recall": 0.45792727272727274, "val_recall": 0.4755, "lr": 0.0008}, {"epoch": 4, "loss": 64.45149929888683, "eval_loss": 61.94276538262, "train_recall": 0.461369696969697, "val_recall": 0.4768, "lr": 0.0008}, {"epoch": 5, "loss": 64.37952209641831, "eval_loss": 61.904706429212524, "train_recall": 0.4625161616161616, "val_recall": 0.4768, "lr": 0.0008}, {"epoch": 6, "loss": 64.33024264724445, "eval_loss": 61.856411004677796, "train_recall": 0.4630121212121212, "val_recall": 0.4814, "lr": 0.0008}, {"epoch": 7, "loss": 64.2023404638634, "eval_loss": 61.853994895250366, "train_recall": 0.4648555555555556, "val_recall": 0.4791, "lr": 8e-05}, {"epoch": 8, "loss": 64.18340526743204, "eval_loss": 61.8034224265661, "train_recall": 0.46513232323232323, "val_recall": 0.478, "lr": 8e-05}, {"epoch": 9, "loss": 64.18417527610355, "eval_loss": 61.81474388562716, "train_recall": 0.46537575757575755, "val_recall": 0.4831, "lr": 8e-05}, {"epoch": 10, "loss": 64.17192184628762, "eval_loss": 61.76870231139354, "train_recall": 0.46534343434343434, "val_recall": 0.4832, "lr": 8e-05}, {"epoch": 11, "loss": 64.16816907518262, "eval_loss": 61.80783528548021, "train_recall": 0.46612929292929295, "val_recall": 0.48, "lr": 8e-05}], "train_total": {"correct": 461468, "final_recall": 0.46612929292929295}, "training_time": 2979.1973145008087, "eval_time": 0.006335258483886719}}], "integrate": {"time": 87.31042623519897}, "count_recall": {"time": 130.12801146507263}}