{"total_time_consume": 9922.288401842117, "preprocess": {"total_time": 0.11599969863891602}, "classifier": [{"ins_id": 0, "dataset_partition": {"bulid_graph_time": 1177.361139535904, "save_graph_time": 32.17406630516052, "graph_partition_time": 63.101388692855835, "total_time": 1272.828824043274, "cluster_number_distribution": [3977, 3892, 3843, 3952, 4024, 4011, 4023, 4007, 4023, 2055, 4023, 4021, 3983, 4022, 3912, 4016, 4022, 4023, 4022, 4023, 3999, 3886, 4021, 4023, 4023, 3901, 3998, 4013, 3972, 3313, 4023, 3945, 3855, 4023, 4022, 3944, 4020, 3993, 3965, 4012, 3831, 4014, 4013, 4017, 3969, 4009, 4022, 4002, 4021, 3317, 4000, 4023, 4023, 3248, 4024, 4024, 4016, 4022, 3850, 2256, 4023, 4016, 4021, 4016, 4023, 4022, 4021, 2546, 4022, 4011, 3740, 4023, 4023, 3748, 4024, 4012, 4020, 4013, 4023, 3922, 3981, 4023, 4011, 3878, 4023, 4018, 3986, 3926, 3622, 4010, 3969, 4023, 4010, 4019, 4022, 4023, 4018, 3075, 4021, 3974, 4000, 3978, 4003, 3975, 4022, 3997, 3132, 4023, 4004, 3906, 3992, 4023, 4010, 4022, 4020, 3852, 4017, 3864, 4020, 3605, 4023, 4023, 3343, 3951, 3837, 4023, 3885, 4023, 4023, 4017, 3962, 3923, 3868, 3964, 3726, 4021, 4022, 4012, 3595, 3861, 4024, 4023, 4022, 4015, 4012, 3732, 4023, 4016, 4023, 4024, 4022, 2353, 4019, 4014, 4023, 4021, 4022, 3995, 3914, 3426, 3999, 3947, 3997, 3974, 4016, 4020, 3970, 4020, 4019, 3879, 4024, 4023, 4024, 4022, 3265, 3194, 4015, 4021, 4023, 3997, 3467, 3916, 4023, 3993, 3974, 3895, 4015, 4017, 4012, 4023, 3924, 3994, 4024, 4021, 4023, 4020, 3887, 3927, 4023, 4023, 4023, 3925, 3991, 4021, 3729, 4022, 3790, 4021, 3968, 3842, 4021, 3995, 4023, 4011, 3885, 3774, 3724, 4017, 4021, 4023, 3923, 4008, 4008, 4022, 3872, 3117, 3974, 2056, 3825, 4023, 3962, 4023, 3969, 4022, 4023, 3941, 3902, 4018, 4023, 3974, 4023, 4023, 4022, 3231, 3723, 4024, 4023, 4023, 3867, 3881, 4024, 3884, 4022, 3465, 4003, 3884]}, "prepare_train_sample": {"time": 0.5442078113555908}, "train_eval_model": {"train_intermediate": [{"epoch": 0, "loss": 61.31367490986498, "eval_loss": 58.53872798039363, "train_recall": 0.5894020202020201, "val_recall": 0.6296, "lr": 0.008}, {"epoch": 1, "loss": 59.96077305075231, "eval_loss": 58.2339028945336, "train_recall": 0.6056020202020203, "val_recall": 0.632, "lr": 0.008}, {"epoch": 2, "loss": 59.79273804842387, "eval_loss": 58.16064876165145, "train_recall": 0.6082353535353535, "val_recall": 0.6325, "lr": 0.008}, {"epoch": 3, "loss": 59.242077603376984, "eval_loss": 57.70148361646212, "train_recall": 0.6166030303030303, "val_recall": 0.6402, "lr": 0.0008}, {"epoch": 4, "loss": 59.166272776311125, "eval_loss": 57.64370302053598, "train_recall": 0.6175757575757576, "val_recall": 0.6436, "lr": 0.0008}], "train_total": {"correct": 611400, "final_recall": 0.6175757575757576}, "training_time": 961.1269330978394, "eval_time": 0.009190559387207031}}, {"ins_id": 1, "dataset_partition": {"bulid_graph_time": 1307.4595515727997, "save_graph_time": 30.250314712524414, "graph_partition_time": 62.75027012825012, "total_time": 1400.6499831676483, "cluster_number_distribution": [4023, 4020, 4005, 3953, 4023, 3693, 4020, 3935, 4023, 3961, 4020, 3827, 3857, 4020, 4000, 3958, 4018, 1476, 3998, 4015, 4023, 4011, 4002, 4023, 4011, 3977, 4004, 4023, 4023, 4022, 4023, 1187, 4023, 4005, 4023, 4006, 4018, 4019, 4024, 4015, 4014, 4022, 4019, 3843, 4023, 4019, 3998, 4014, 4023, 4024, 4009, 3998, 4022, 3988, 4020, 4021, 3851, 4019, 4022, 4023, 3992, 4021, 3950, 4021, 4022, 3997, 4021, 4024, 3954, 3920, 4023, 4023, 4021, 3938, 4024, 3998, 4016, 4021, 4015, 4009, 3954, 4016, 3285, 4023, 3899, 4018, 4017, 4016, 3842, 4017, 4022, 3955, 4020, 2322, 4023, 3908, 4023, 3725, 3948, 4024, 4024, 4023, 4022, 3717, 3995, 3997, 4023, 2215, 4024, 3957, 4024, 3922, 4014, 3896, 4023, 4022, 3946, 3158, 4022, 4023, 3981, 4016, 4021, 3963, 4023, 4023, 3827, 3753, 3789, 3945, 3904, 4000, 4024, 3545, 4005, 3926, 4023, 4023, 3923, 4020, 4014, 4021, 2933, 3968, 4023, 4022, 4012, 4023, 3921, 4009, 3999, 4018, 4024, 4013, 3502, 3998, 4024, 4021, 4023, 4018, 4023, 3951, 4024, 4024, 3859, 4022, 1515, 4022, 2178, 4022, 4022, 4018, 3986, 3986, 3970, 3801, 4023, 4023, 3999, 2855, 3970, 4024, 3293, 4022, 3936, 4023, 3994, 4024, 4023, 3954, 3972, 3617, 4023, 4017, 4024, 4020, 4015, 4023, 4018, 4015, 4023, 4000, 3954, 3952, 3809, 3791, 4022, 3935, 3782, 4015, 3444, 4021, 4011, 3885, 4023, 4022, 4024, 3893, 4023, 3919, 3732, 4023, 4021, 4023, 4022, 3957, 4005, 4021, 4018, 4009, 3940, 4004, 4004, 4000, 4015, 3741, 4023, 4023, 4021, 4023, 3750, 4023, 4006, 4023, 3788, 3935, 3748, 4017, 3910, 3996, 4022, 3785, 3978, 4022, 4019, 3762]}, "prepare_train_sample": {"time": 0.3807549476623535}, "train_eval_model": {"train_intermediate": [{"epoch": 0, "loss": 61.10478490709923, "eval_loss": 58.34706964248266, "train_recall": 0.5922949494949495, "val_recall": 0.6292, "lr": 0.008}, {"epoch": 1, "loss": 59.82870168920501, "eval_loss": 58.06340583165487, "train_recall": 0.6090232323232323, "val_recall": 0.6351, "lr": 0.008}, {"epoch": 2, "loss": 59.68621245218771, "eval_loss": 58.06854812915508, "train_recall": 0.6109929292929293, "val_recall": 0.6321, "lr": 0.008}, {"epoch": 3, "loss": 59.14334939323554, "eval_loss": 57.57590279212365, "train_recall": 0.6196090909090909, "val_recall": 0.6371, "lr": 0.0008}, {"epoch": 4, "loss": 59.09309104813144, "eval_loss": 57.546337347764236, "train_recall": 0.6198181818181818, "val_recall": 0.639, "lr": 0.0008}], "train_total": {"correct": 613620, "final_recall": 0.6198181818181818}, "training_time": 989.5966141223907, "eval_time": 0.022053956985473633}}, {"ins_id": 2, "dataset_partition": {"bulid_graph_time": 1314.5448536872864, "save_graph_time": 30.35504174232483, "graph_partition_time": 64.7684018611908, "total_time": 1409.8635046482086, "cluster_number_distribution": [3834, 3989, 3107, 4023, 4021, 3927, 4024, 4024, 3673, 3837, 3985, 3899, 4018, 4019, 4005, 3161, 4024, 4011, 4023, 3986, 4024, 4019, 3941, 3903, 4021, 3992, 4023, 4019, 4001, 3226, 3868, 3452, 3830, 3926, 3985, 4003, 3885, 3919, 3869, 3772, 4023, 4024, 4024, 4023, 4023, 3922, 3966, 4022, 4023, 3865, 3846, 4004, 3989, 4018, 4023, 4022, 4017, 4002, 4023, 3708, 3929, 3890, 4021, 4014, 3967, 4024, 4016, 3953, 3981, 4023, 4018, 4024, 3809, 2734, 4023, 3927, 4006, 4016, 4017, 3789, 3928, 4010, 4022, 4023, 3078, 4022, 4023, 3912, 3743, 4021, 4020, 4023, 4003, 4022, 4023, 4012, 3986, 4023, 3812, 4010, 4022, 4001, 3795, 3945, 4023, 2166, 4023, 4023, 4024, 4022, 2474, 4021, 3971, 3891, 4023, 4023, 4023, 4022, 3996, 3693, 4023, 4022, 4021, 3994, 3992, 4003, 4018, 4014, 3962, 4015, 3912, 4017, 4021, 2917, 4023, 3643, 3910, 4014, 4007, 4021, 4024, 4023, 4001, 3859, 4023, 4023, 4024, 3991, 4024, 2797, 3439, 4023, 3777, 4017, 4011, 4023, 4004, 4019, 4020, 4022, 4023, 3805, 4023, 4022, 4023, 4024, 3848, 3991, 3975, 4022, 3869, 3997, 4024, 3934, 3318, 4020, 3763, 3791, 3449, 3968, 4023, 4023, 4023, 4024, 3998, 4023, 4000, 4019, 3778, 4013, 4019, 3985, 3929, 4022, 3980, 3559, 3952, 3946, 4016, 4012, 4022, 4018, 1505, 4023, 3936, 4014, 4023, 2942, 4022, 3973, 3921, 4020, 3997, 4006, 3624, 3995, 3974, 3938, 3971, 4002, 4024, 3807, 4023, 4014, 4023, 4023, 4023, 3946, 4008, 3939, 3877, 4023, 3972, 3569, 3982, 4022, 3972, 4023, 3984, 3579, 4022, 3424, 4023, 3923, 4023, 4024, 4004, 4023, 4020, 3970, 4014, 4021, 3926, 4024, 3940, 4021]}, "prepare_train_sample": {"time": 0.459608793258667}, "train_eval_model": {"train_intermediate": [{"epoch": 0, "loss": 61.00391625585833, "eval_loss": 58.117417152111344, "train_recall": 0.5925303030303031, "val_recall": 0.6196, "lr": 0.008}, {"epoch": 1, "loss": 59.619953646272826, "eval_loss": 58.07041593698355, "train_recall": 0.6087656565656566, "val_recall": 0.6208, "lr": 0.008}, {"epoch": 2, "loss": 59.42561644871557, "eval_loss": 57.90409745925512, "train_recall": 0.6116949494949495, "val_recall": 0.6273, "lr": 0.008}, {"epoch": 3, "loss": 58.879613551371556, "eval_loss": 57.36121766995161, "train_recall": 0.6197949494949495, "val_recall": 0.6334,