{"total_time_consume": 13749.328339576721, "preprocess": {"total_time": 0.19782447814941406}, "classifier": [{"ins_id": 0, "dataset_partition": {"bulid_graph_time": 832.3072321414948, "save_graph_time": 29.61167335510254, "graph_partition_time": 70.89537692070007, "total_time": 932.9891948699951, "cluster_number_distribution": [3986, 4022, 4023, 3998, 3995, 4009, 4023, 4018, 4006, 3857, 4017, 3829, 4020, 3875, 4013, 4023, 3982, 4023, 3961, 4023, 4022, 4021, 4022, 4022, 4010, 4015, 4024, 3983, 4024, 4023, 4024, 4015, 3224, 2817, 3981, 4014, 4000, 4019, 3997, 4019, 4013, 3976, 3975, 4018, 3822, 4019, 3973, 3969, 4023, 3997, 4020, 4023, 4006, 3922, 4014, 4020, 4023, 3676, 4021, 3993, 4012, 4023, 4020, 3929, 4016, 4017, 4020, 4003, 4024, 4021, 4024, 3980, 4023, 4008, 4019, 4015, 3649, 4024, 3949, 3910, 4001, 4014, 4019, 4022, 4023, 4015, 4023, 3858, 3962, 3976, 3937, 4013, 4020, 3485, 4023, 3591, 4022, 3964, 4022, 4019, 3990, 1467, 3986, 4005, 3942, 4023, 535, 4022, 2959, 3866, 3776, 4024, 3958, 3918, 4020, 4018, 3888, 4023, 3973, 4009, 3989, 3990, 3970, 3998, 3967, 4023, 4020, 3464, 3848, 4000, 1644, 4021, 4023, 4021, 3924, 4023, 3672, 3804, 4010, 4009, 4022, 3918, 4019, 4019, 3873, 4021, 4018, 3997, 4019, 4015, 3882, 4020, 3416, 4017, 4018, 4010, 4023, 4009, 3989, 4023, 3894, 4018, 3885, 4002, 4023, 3943, 4024, 4021, 3838, 4008, 3909, 4022, 4023, 4016, 3381, 3765, 4023, 4020, 4007, 4022, 4021, 4023, 4023, 4018, 3999, 4003, 3976, 3846, 3983, 4017, 3848, 3866, 4024, 4024, 3899, 3991, 3434, 3272, 3991, 3996, 3588, 4004, 4023, 4024, 4022, 3926, 4023, 4015, 3763, 4021, 4023, 4020, 3977, 2702, 4011, 4022, 4024, 4013, 4018, 3998, 3996, 3887, 3928, 3889, 4015, 4024, 4023, 4000, 3738, 4023, 4021, 4024, 4023, 4019, 3939, 4023, 3997, 4022, 3969, 2721, 4024, 4014, 3435, 4022, 3991, 4020, 3992, 3960, 4006, 3409, 3839, 4021, 4024, 4010, 4023, 3287]}, "prepare_train_sample": {"time": 0.5290842056274414}, "train_eval_model": {"train_config": {"model_name": "one_block_2048_dim", "lr": 0.004, "n_epochs": 12, "milestones": [3, 7]}, "train_intermediate": [{"epoch": 0, "loss": 60.34964129418991, "eval_loss": 55.855707572056694, "train_recall": 0.5994757575757576, "val_recall": 0.6556, "lr": 0.004}, {"epoch": 1, "loss": 57.97831982056102, "eval_loss": 55.429080828642235, "train_recall": 0.6302222222222222, "val_recall": 0.6685, "lr": 0.004}, {"epoch": 2, "loss": 57.57874352239077, "eval_loss": 55.10553516485752, "train_recall": 0.6362878787878787, "val_recall": 0.6707, "lr": 0.004}, {"epoch": 3, "loss": 56.47398579930983, "eval_loss": 54.43137154212365, "train_recall": 0.6569353535353535, "val_recall": 0.6933, "lr": 0.0004}, {"epoch": 4, "loss": 56.30233328048894, "eval_loss": 54.234389207301994, "train_recall": 0.6594484848484848, "val_recall": 0.6951, "lr": 0.0004}, {"epoch": 5, "loss": 56.2315819356785, "eval_loss": 54.20142715405195, "train_recall": 0.6611484848484849, "val_recall": 0.6974, "lr": 0.0004}, {"epoch": 6, "loss": 56.18855248813227, "eval_loss": 54.27172699952737, "train_recall": 0.6617363636363637, "val_recall": 0.6948, "lr": 0.0004}, {"epoch": 7, "loss": 56.07796034224298, "eval_loss": 54.13169376666729, "train_recall": 0.6635575757575758, "val_recall": 0.6998, "lr": 4e-05}, {"epoch": 8, "loss": 56.05751616023, "eval_loss": 54.089520307687614, "train_recall": 0.6641444444444444, "val_recall": 0.6957, "lr": 4e-05}, {"epoch": 9, "loss": 56.06193527622175, "eval_loss": 54.10144271606054, "train_recall": 0.6640565656565657, "val_recall": 0.697, "lr": 4e-05}, {"epoch": 10, "loss": 56.05018219505611, "eval_loss": 54.143732755612106, "train_recall": 0.664620202020202, "val_recall": 0.6961, "lr": 4e-05}, {"epoch": 11, "loss": 56.04399155705756, "eval_loss": 54.120090240087265, "train_recall": 0.6647484848484848, "val_recall": 0.6968, "lr": 4e-05}], "train_total": {"correct": 658101, "final_recall": 0.6647484848484848}, "training_time": 2131.859857559204, "eval_time": 0.013168573379516602}}, {"ins_id": 1, "dataset_partition": {"bulid_graph_time": 1175.4988498687744, "save_graph_time": 26.717560052871704, "graph_partition_time": 67.03909516334534, "total_time": 1269.413254737854, "cluster_number_distribution": [4023, 4023, 3930, 4023, 4020, 4019, 4011, 4022, 4021, 4016, 4023, 3655, 4017, 3858, 4015, 4019, 3999, 3109, 4023, 4014, 3998, 4002, 4022, 4023, 4023, 4019, 4020, 3961, 3978, 3890, 4023, 3876, 4022, 4012, 3325, 4020, 4008, 4019, 3978, 4023, 3374, 4017, 4021, 3949, 4018, 3962, 4023, 4022, 3970, 4018, 4023, 3945, 3874, 4023, 3927, 3755, 3788, 4024, 4024, 4024, 4023, 3976, 4023, 4024, 4023, 4023, 4013, 3938, 4009, 1599, 4024, 3307, 3972, 4005, 3398, 4002, 4024, 4022, 4018, 3973, 3979, 4010, 4022, 3869, 4023, 4003, 4022, 4007, 4017, 4020, 4023, 4014, 4021, 3981, 3786, 4021, 4010, 3969, 3797, 4008, 3969, 4023, 4012, 3088, 4024, 4024, 4022, 4021, 3367, 3123, 3767, 2918, 4023, 3531, 3999, 4023, 3944, 3890, 4022, 3839, 4023, 4024, 4017, 3934, 4000, 3605, 3884, 4023, 3945, 4021, 3951, 4018, 4017, 3963, 3901, 4007, 3882, 4000, 4021, 3956, 4021, 4023, 1106, 3965, 4021, 3699, 4023, 4022, 4024, 4018, 4002, 2094, 3965, 4022, 3914, 3987, 4023, 3986, 3611, 4001, 3463, 4020, 4024, 4024, 4004, 3668, 4022, 4016, 3885, 3826, 4021, 4022, 3892, 4019, 3941, 3939, 4019, 4020, 4024, 1966, 4016, 4024, 4024, 4022, 4024, 4022, 3971, 4007, 3994, 3993, 4024, 3777, 4022, 4023, 4022, 4023, 4001, 4022, 3716, 4019, 4005, 4023, 4012, 4019, 2724, 4022, 3981, 4020, 3994, 3970, 4023, 4023, 4019, 4023, 3997, 3896, 4023, 4022, 4022, 3263, 3997, 3994, 4016, 4017, 3892, 3986, 4021, 4002, 3896, 4024, 4021, 3985, 4023, 4023, 4013, 4021, 4015, 4016, 4009, 4012, 3871, 4023, 4023, 3755, 4022, 4022, 4023, 3958, 3819, 3960, 4010, 3639, 4021, 4014, 3996, 4010]}, "prepare_train_sample": {"time": 0.7177131175994873}, "train_eval_model": {"train_config": {"model_name": "one_block_2048_dim", "lr": 0.004, "n_epochs": 12, "milestones": [3, 7]}, "train_intermediate": [{"epoch": 0, "loss": 60.37453609300954, "eval_loss": 55.81418553376809, "train_recall": 0.6013777777777778, "val_recall": 0.6609, "lr": 0.004}, {"epoch": 1, "loss": 58.0247559994252, "eval_loss": 55.536157950376854, "train_recall": 0.6310767676767677, "val_recall": 0.6732, "lr": 0.004}, {"epoch": 2, "loss": 57.62074410488815, "eval_loss": 55.18097381102733, "train_recall": 0.6387565656565657, "val_recall": 0.6795, "lr": 0.004}, {"epoch": 3, "loss": 56.517544174108025, "eval_loss": 54.467148303985596, "train_recall": 0.6587353535353535, "val_recall": 0.6913, "lr": 0.0004}, {"epoch": 4, "loss": 56.35250608091129, "eval_loss": 54.48981841405233, "train_recall": 0.6621040404040404, "val_recall": 0.6929, "lr": 0.0004}, {"epoch": 5, "loss": 56.27587779946128, "eval_loss": 54.36594933729906, "train_recall": 0.663589898989899, "val_recall": 0.6921, "lr": 0.0004}, {"epoch": 6, "loss": 56.219010857129774, "eval_loss": 54.290134002000855, "train_recall": 0.6641767676767677, "val_recall": 0.6937, "lr": 0.0004}, {"epoch": 7, "loss": 56.12359026954405, "eval_loss": 54.25771161837456, "train_recall": 0.6663080808080808, "val_recall": 0.6965, "lr": 4e-05}, {"epoch": 8, "loss": 56.10859897526102, "eval_loss": 54.25209044187497, "train_recall": 0.6660626262626262, "val_recall": 0.695, "lr": 4e-05}, {"epoch": 9, "loss": 56.105427918793424, "eval_loss": 54.25010655476497, "train_recall": 0.6665949494949495, "val_recall": 0.6966, "lr": 4e-05}, {"epoch": 10, "loss": 56.10203012242693, "eval_loss": 54.286971018864556, "train_recall": 0.6667676767676768, "val_recall": 0.6963, "lr": 4e-05}, {"epoch": 11, "loss": 56.08972093418342, "eval_loss": 54.20052446463169, "train_recall": 0.6672838383838384, "val_recall": 0.6966, "lr": 4e-05}], "train_total": {"correct": 660611, "final_recall": 0.6672838383838384}, "training_time": 2087.009583711624, "eval_time": 0.01665806770324707}}, {"ins_id": 2, "dataset_partition": {"bulid_graph_time": 1125.495408296585, "save_graph_time": 28.10036563873291, "graph_partition_time": 60.88777041435242, "total_time": 1214.6492183208466,