{"total_time_consume": 6545.712647438049, "preprocess": {"total_time": 0.1352097988128662}, "classifier": [{"ins_id": 0, "dataset_partition": {"bulid_graph_time": 15.343128681182861, "save_graph_time": 10.867736577987671, "graph_partition_time": 42.971014976501465, "total_time": 69.24436950683594, "cluster_number_distribution": [1580, 1605, 1605, 915, 1574, 1594, 1581, 1603, 1599, 1595, 1605, 1572, 1603, 1602, 1597, 1599, 1599, 1344, 1600, 1212, 1600, 1601, 1412, 1599, 1598, 1595, 1565, 1574, 1600, 1292, 1551, 1571, 1587, 1602, 1597, 1605, 1594, 1602, 1602, 1604, 997, 1596, 1605, 1604, 1603, 1597, 1605, 1603, 1599, 1555, 1592, 1605, 1598, 1604, 1527, 1605, 1603, 1595, 1598, 1605, 1599, 1300, 1605, 1606, 1603, 1604, 1599, 1603, 1601, 1605, 1605, 1605, 1601, 1605, 1605, 1587, 1602, 1603, 1602, 1603, 1577, 1595, 1603, 1597, 1605, 1587, 1582, 1605, 1592, 1598, 1587, 1602, 1604, 1604, 1602, 1604, 1605, 1533, 1587, 1571, 1605, 1385, 1602, 1602, 1595, 1558, 1597, 1597, 1584, 1605, 1367, 1207, 1606, 1572, 1601, 1591, 1589, 1598, 1604, 1580, 1604, 1588, 1574, 1601, 1593, 1605, 1605, 1533, 1605, 1351, 1596, 1584, 1603, 1603, 1583, 1605, 1605, 1602, 1605, 1575, 1595, 1605, 1605, 1595, 1604, 1517, 1605, 1604, 1278, 1534, 1570, 1605, 1512, 1116, 1602, 1602, 1586, 1401, 1551, 1566, 1591, 1605, 1060, 1606, 1600, 1598, 1605, 1587, 1605, 1606, 1582, 1605, 1601, 1589, 1587, 1095, 1604, 1603, 1591, 1606, 1605, 1564, 1536, 1500, 1597, 1039, 1604, 1594, 1597, 1605, 1605, 1603, 1581, 1603, 1518, 1583, 1602, 1605, 1603, 1599, 1605, 897, 1440, 1604, 1600, 1605, 1603, 1605, 1605, 1596, 1592, 1604, 1605, 1596, 1605, 1605, 1579, 1606, 1604, 1601, 1596, 1573, 1602, 1605, 1575, 1069, 1600, 1589, 1604, 1582, 1549, 1604, 1605, 1531, 1603, 1600, 1590, 1511, 1593, 1529, 1555, 1511, 1601, 1495, 1569, 1580, 909, 1597, 1605, 1595, 1580, 1521, 1605, 1602, 1603, 1604]}, "prepare_train_sample": {"time": 0.11313533782958984}, "train_eval_model": {"train_intermediate": [{"epoch": 0, "loss": 263.0769784622044, "eval_loss": NaN, "train_recall": 0.12648034226981594, "val_recall": 0.003258145363408521, "lr": 0.004}, {"epoch": 1, "loss": NaN, "eval_loss": NaN, "train_recall": 0.16020100756942862, "val_recall": 0.0035087719298245615, "lr": 0.004}, {"epoch": 2, "loss": NaN, "eval_loss": NaN, "train_recall": 0.003964456596035544, "val_recall": 0.0035087719298245615, "lr": 0.004}, {"epoch": 3, "loss": NaN, "eval_loss": NaN, "train_recall": 0.003964456596035544, "val_recall": 0.0035087719298245615, "lr": 0.004}, {"epoch": 4, "loss": NaN, "eval_loss": NaN, "train_recall": 0.003964456596035544, "val_recall": 0.0035087719298245615, "lr": 0.004}, {"epoch": 5, "loss": NaN, "eval_loss": NaN, "train_recall": 0.003964456596035544, "val_recall": 0.0035087719298245615, "lr": 0.004}, {"epoch": 6, "loss": NaN, "eval_loss": NaN, "train_recall": 0.003964456596035544, "val_recall": 0.0035087719298245615, "lr": 0.004}, {"epoch": 7, "loss": NaN, "eval_loss": NaN, "train_recall": 0.003964456596035544, "val_recall": 0.0035087719298245615, "lr": 0.004}, {"epoch": 8, "loss": NaN, "eval_loss": NaN, "train_recall": 0.003964456596035544, "val_recall": 0.0035087719298245615, "lr": 0.004}, {"epoch": 9, "loss": NaN, "eval_loss": NaN, "train_recall": 0.003964456596035544, "val_recall": 0.0035087719298245615, "lr": 0.004}, {"epoch": 10, "loss": NaN, "eval_loss": NaN, "train_recall": 0.003964456596035544, "val_recall": 0.0035087719298245615, "lr": 0.00084}, {"epoch": 11, "loss": NaN, "eval_loss": NaN, "train_recall": 0.003964456596035544, "val_recall": 0.0035087719298245615, "lr": 0.00084}], "train_total": {"correct": 1566, "final_recall": 0.003964456596035544}, "training_time": 6380.915521144867, "eval_time": 0.2879009246826172}}], "integrate": {"time": 51.24563550949097}, "count_recall": {"time": 23.029980897903442}}