{"total_time_consume": 0.523759126663208, "preprocess": {"total_time": 0.02594614028930664}, "classifier": [{"ins_id": 1, "dataset_partition": {"time": 0.014218330383300781, "cluster_number_distribution": [2691, 2865, 988, 47, 0, 0, 0, 0, 0, 0, 0, 0, 0, 2, 459, 2948]}, "predict": {"time": 0.0002181529998779297}}], "integrate": {"time": 0.27617311477661133}, "count_recall": {"time": 0.16090130805969238}}