{"total_time_consume": 26619.050235033035, "preprocess": {"total_time": 0.05144476890563965}, "classifier": [{"ins_id": 0, "dataset_partition": {"bulid_graph_time": 78.6055371761322, "save_graph_time": 50.06219148635864, "graph_partition_time": 88.56885409355164, "total_time": 217.3939323425293, "cluster_number_distribution": [3903, 3981, 4024, 3755, 4024, 3932, 4024, 3936, 4011, 3761, 3750, 4024, 4020, 3745, 4024, 4007, 3936, 4023, 4024, 3969, 3743, 3875, 3985, 4024, 3837, 4006, 3867, 3970, 3952, 4024, 4024, 3809, 4023, 4018, 4023, 3926, 4020, 4023, 4017, 3984, 3826, 3966, 4022, 0, 3908, 3807, 3813, 3814, 4024, 3739, 4024, 3738, 2969, 3841, 4023, 3984, 4015, 4024, 4016, 4024, 3738, 4023, 3826, 3858, 3883, 3895, 3882, 4023, 3971, 3777, 3895, 3741, 4018, 3917, 4020, 4006, 3751, 4009, 3949, 3834, 3873, 4022, 4024, 3788, 4022, 3995, 4024, 4024, 3836, 4024, 4023, 4024, 3989, 3767, 4023, 3998, 3788, 3946, 4021, 4020, 3738, 3742, 4024, 3697, 3771, 4023, 4023, 3743, 4024, 4024, 3864, 4023, 4023, 3864, 4024, 4022, 4024, 4023, 4023, 4022, 3970, 3957, 4024, 4024, 4023, 3936, 3835, 4020, 4024, 4019, 3998, 3895, 4024, 3974, 3892, 3894, 4024, 4024, 3741, 4024, 4022, 3986, 4022, 3742, 4024, 3980, 4023, 4023, 4023, 3743, 3934, 4023, 3898, 4021, 3830, 3877, 4024, 4024, 4024, 4018, 3769, 3904, 4019, 4024, 4024, 4022, 3887, 3854, 3998, 3818, 3741, 4016, 3880, 3999, 4024, 4003, 4023, 4023, 3997, 3949, 3889, 4021, 4020, 3737, 4022, 3831, 3939, 3929, 3897, 3757, 4024, 3777, 3878, 3998, 3746, 1977, 4023, 3906, 4022, 4024, 3940, 3832, 3949, 4024, 3924, 3843, 4022, 4024, 3952, 3999, 4023, 3823, 3896, 3947, 3988, 4024, 4024, 4023, 4023, 4024, 3900, 4019, 4024, 4023, 4024, 3984, 4024, 4009, 4023, 3921, 3824, 4023, 4020, 4024, 4024, 3907, 3917, 4019, 3752, 4024, 3948, 4024, 3938, 0, 4022, 4022, 3823, 4023, 3956, 3985, 4021, 4023, 4024, 4004, 3910, 3946]}, "prepare_train_sample": {"time": 0.5797936916351318}, "train_eval_model": {"train_intermediate": [{"epoch": 0, "loss": 65.88897413424007, "eval_loss": 64.09090717022235, "train_recall": 0.6552222222222223, "val_recall": 0.6766, "lr": 0.001}, {"epoch": 1, "loss": 63.500661899112764, "eval_loss": 63.50617932050656, "train_recall": 0.7022888888888889, "val_recall": 0.6961, "lr": 0.001}, {"epoch": 2, "loss": 63.045159968607884, "eval_loss": 63.22010924265935, "train_recall": 0.7159989898989899, "val_recall": 0.7046, "lr": 0.001}, {"epoch": 3, "loss": 62.76525932581064, "eval_loss": 63.107742101718216, "train_recall": 0.7256616161616162, "val_recall": 0.71, "lr": 0.001}, {"epoch": 4, "loss": 62.556971721043126, "eval_loss": 63.04184232613979, "train_recall": 0.7326717171717172, "val_recall": 0.7024, "lr": 0.001}, {"epoch": 5, "loss": 61.89353884966906, "eval_loss": 62.56458947597406, "train_recall": 0.7574676767676768, "val_recall": 0.7254, "lr": 0.0001}, {"epoch": 6, "loss": 61.793163869231215, "eval_loss": 62.54815518550384, "train_recall": 0.761639393939394, "val_recall": 0.7262, "lr": 0.0001}, {"epoch": 7, "loss": 61.71011400936408, "eval_loss": 62.521670549343796, "train_recall": 0.7649555555555556, "val_recall": 0.7263, "lr": 1e-05}, {"epoch": 8, "loss": 61.7008968202469, "eval_loss": 62.51991353890835, "train_recall": 0.7653757575757576, "val_recall": 0.7262, "lr": 1e-05}, {"epoch": 9, "loss": 61.6956994005869, "eval_loss": 62.517319728166626, "train_recall": 0.7655808080808081, "val_recall": 0.7269, "lr": 1e-05}, {"epoch": 10, "loss": 61.690989974752156, "eval_loss": 62.51576190117078, "train_recall": 0.765789898989899, "val_recall": 0.7262, "lr": 1e-05}, {"epoch": 11, "loss": 61.68653820701348, "eval_loss": 62.51661707804753, "train_recall": 0.7659787878787879, "val_recall": 0.7263, "lr": 1e-05}], "train_total": {"correct": 758319, "final_recall": 0.7659787878787879}, "training_time": 26340.74561715126, "eval_time": 0.03331756591796875}}], "integrate": {"time": 20.93782687187195}, "count_recall": {"time": 27.3855197429657}}