{"total_time_consume": 16448.843693494797, "preprocess": {"total_time": 0.11600112915039062}, "classifier": [{"ins_id": 0, "dataset_partition": {"bulid_graph_time": 1475.8604493141174, "save_graph_time": 28.64202308654785, "graph_partition_time": 83.86209654808044, "total_time": 1588.5568742752075, "cluster_number_distribution": [4002, 4024, 4023, 4024, 4009, 4022, 4023, 4024, 4021, 4023, 3931, 3680, 4022, 4023, 3904, 3614, 4011, 3841, 4022, 4021, 4018, 3970, 4023, 4009, 4013, 4024, 4024, 3430, 4019, 4022, 3993, 4012, 4021, 3961, 3893, 4020, 4020, 4023, 4016, 3961, 4012, 4021, 4021, 3920, 0, 4023, 4010, 4010, 3994, 4020, 4021, 4017, 3953, 4018, 0, 4014, 4017, 4004, 4012, 4023, 2486, 3979, 4023, 4002, 4020, 3995, 4022, 4003, 4011, 3990, 4018, 4018, 4001, 4013, 3982, 4020, 4017, 4017, 4023, 4017, 4023, 4023, 4023, 4012, 3981, 4023, 4019, 3516, 4011, 4023, 3989, 4019, 4007, 4010, 4018, 3996, 4015, 3948, 4020, 4017, 3967, 4016, 4023, 3957, 4023, 4022, 4023, 4011, 4021, 2883, 3938, 3776, 4010, 4022, 4005, 4023, 4023, 4002, 4023, 4023, 3998, 4001, 4008, 4012, 4022, 3974, 4009, 3989, 4009, 4005, 4017, 4014, 4022, 4003, 4021, 4023, 4022, 4021, 3979, 4023, 4022, 4024, 3996, 4009, 3844, 4021, 4018, 4020, 4014, 4020, 3869, 4004, 4020, 4023, 4020, 4024, 3849, 4022, 4022, 3999, 4022, 4021, 4021, 3969, 0, 4022, 4023, 4024, 3981, 4023, 4023, 3912, 4019, 4024, 3617, 4022, 4021, 4023, 4024, 4023, 3944, 3790, 4010, 4019, 4009, 4022, 4013, 4020, 4021, 3836, 3705, 4023, 3890, 3991, 3878, 4023, 3918, 4008, 4000, 4016, 4019, 3983, 4023, 4023, 4002, 3981, 3936, 3944, 3772, 3768, 4021, 4019, 3990, 4022, 4014, 4019, 4021, 4022, 4011, 2729, 4019, 4007, 3973, 4019, 4022, 4014, 3969, 3984, 2565, 3894, 3310, 4019, 4023, 4020, 3905, 4023, 3904, 4016, 4023, 3825, 3018, 4023, 3967, 4022, 3509, 4023, 4024, 4022, 4024, 4023, 3802, 3973, 3423, 3646, 4015, 3684]}, "prepare_train_sample": {"time": 0.584658145904541}, "train_eval_model": {"train_config": {"model_name": "one_block_512_dim", "lr": 0.004, "n_epochs": 8, "milestones": [3, 7]}, "train_intermediate": [{"epoch": 0, "loss": 63.58161330371821, "eval_loss": 52.047219441487236, "train_recall": 0.6009878787878787, "val_recall": 0.6922, "lr": 0.004}, {"epoch": 1, "loss": 61.83384949030347, "eval_loss": 51.73719966105926, "train_recall": 0.6285383838383838, "val_recall": 0.697, "lr": 0.004}, {"epoch": 2, "loss": 61.517418372699275, "eval_loss": 51.383452659998184, "train_recall": 0.634889898989899, "val_recall": 0.6994, "lr": 0.004}, {"epoch": 3, "loss": 60.72519478608485, "eval_loss": 50.787924852126686, "train_recall": 0.6504848484848484, "val_recall": 0.7091, "lr": 0.0004}, {"epoch": 4, "loss": 60.63786139122774, "eval_loss": 50.68356604453845, "train_recall": 0.6518636363636363, "val_recall": 0.7126, "lr": 0.0004}, {"epoch": 5, "loss": 60.612375403728315, "eval_loss": 50.69108064358051, "train_recall": 0.6528818181818182, "val_recall": 0.7143, "lr": 0.0004}, {"epoch": 6, "loss": 60.583234365961225, "eval_loss": 50.719016723143746, "train_recall": 0.6544323232323233, "val_recall": 0.7174, "lr": 0.0004}, {"epoch": 7, "loss": 60.51142476121892, "eval_loss": 50.655635870420014, "train_recall": 0.6552525252525252, "val_recall": 0.7144, "lr": 4e-05}], "train_total": {"correct": 648700, "final_recall": 0.6552525252525252}, "training_time": 1886.5406377315521, "eval_time": 0.015265703201293945}}, {"ins_id": 1, "dataset_partition": {"bulid_graph_time": 2114.1244082450867, "save_graph_time": 30.1940815448761, "graph_partition_time": 59.49812936782837, "total_time": 2203.9973089694977, "cluster_number_distribution": [4022, 3830, 3753, 4024, 3985, 4020, 4022, 4022, 4021, 3801, 4023, 4002, 4022, 4022, 4020, 4023, 4010, 4018, 4015, 4023, 4005, 4022, 4020, 4022, 4017, 4017, 4001, 3997, 4023, 3930, 4018, 3982, 4023, 4010, 3910, 4021, 4015, 4009, 4003, 3997, 4002, 4023, 4016, 3923, 4023, 4014, 4023, 4001, 4000, 4016, 4006, 4017, 3999, 4018, 4000, 0, 3972, 4022, 3716, 4022, 3986, 4017, 4021, 4003, 4023, 4022, 4023, 3916, 4017, 4022, 3962, 4018, 3996, 4018, 0, 4020, 4011, 4009, 4012, 4023, 4022, 4017, 4021, 4023, 4018, 4023, 4022, 4016, 3874, 4018, 4017, 3983, 3975, 4020, 4008, 4005, 938, 4021, 4021, 4022, 3938, 3996, 4014, 4000, 4020, 3955, 4021, 4022, 4022, 4014, 4021, 4022, 3916, 4023, 3989, 4013, 3993, 4017, 3204, 4021, 4023, 3940, 4008, 4023, 4023, 4021, 4024, 4001, 4023, 4017, 3987, 3993, 4022, 4005, 4020, 3833, 4022, 3501, 3911, 4024, 4023, 4022, 4022, 4021, 3918, 4012, 3902, 4022, 4012, 3592, 3981, 3789, 3495, 3978, 3140, 4018, 4009, 3989, 4016, 4022, 4012, 3985, 3999, 4023, 4023, 3779, 3993, 3991, 4017, 3994, 3908, 4022, 3433, 4023, 4016, 4020, 4023, 4015, 4019, 4022, 3920, 4017, 4010, 3420, 4023, 4024, 4021, 4021, 4023, 3858, 4022, 3993, 4009, 4023, 3981, 4020, 4018, 4013, 4003, 4018, 4008, 3968, 3939, 4024, 3824, 4017, 4023, 4015, 4016, 3991, 4019, 4004, 4011, 3927, 4018, 4010, 4008, 4021, 3995, 3539, 3714, 3885, 4010, 3457, 4023, 4024, 4023, 4023, 4023, 3278, 4024, 4023, 4023, 3813, 4024, 4008, 4023, 4023, 4010, 4023, 3998, 3914, 3864, 2789, 991, 4013, 3857, 4024, 4003, 4018, 4015, 4016, 3956, 4004, 4022, 2590]}, "prepare_train_sample": {"time": 0.4628012180328369}, "train_eval_model": {"train_config": {"model_name": "one_block_512_dim", "lr": 0.004, "n_epochs": 8, "milestones": [3, 7]}, "train_intermediate": [{"epoch": 0, "loss": 66.95411705470607, "eval_loss": 54.76960509862655, "train_recall": 0.5654272727272728, "val_recall": 0.6684, "lr": 0.004}, {"epoch": 1, "loss": 65.2292415798799, "eval_loss": 54.525547357705925, "train_recall": 0.5925747474747475, "val_recall": 0.6685, "lr": 0.004}, {"epoch": 2, "loss": 64.92954739332238, "eval_loss": 54.25878775425446, "train_recall": 0.5983363636363637, "val_recall": 0.6752, "lr": 0.004}, {"epoch": 3, "loss": 64.14890553007439, "eval_loss": 53.636696265294, "train_recall": 0.6138020202020202, "val_recall": 0.6868, "lr": 0.0004}, {"epoch": 4, "loss": 64.05997688201471, "eval_loss": 53.63732708417452, "train_recall": 0.6158717171717172, "val_recall": 0.6861, "lr": 0.0004}, {"epoch": 5, "loss": 64.0232128918038, "eval_loss": 53.565934523558006, "train_recall": 0.6167515151515152, "val_recall": 0.6884, "lr": 0.0004}, {"epoch": 6, "loss": 64.01341423428998, "eval_loss": 53.55855224071405, "train_recall": 0.6166212121212121, "val_recall": 0.6868, "lr": 0.0004}, {"epoch": 7, "loss": 63.93824905946436, "eval_loss": 53.568074617630394, "train_recall": 0.6189232323232323, "val_recall": 0.69, "lr": 4e-05}], "train_total": {"correct": 612734, "final_recall": 0.6189232323232323}, "training_time": 1955.3727812767029, "eval_time": 0.042595863342285156}}, {"ins_id": 2, "dataset_partition": {"bulid_graph_time": 2163.1692955493927, "save_graph_time": 30.130131244659424, "graph_partition_time": 67.5322744846344, "total_time": 2261.012904405594,