{"total_time_consume": 25767.79764509201, "preprocess": {"total_time": 0.11513853073120117}, "classifier": [{"ins_id": 0, "dataset_partition": {"bulid_graph_time": 1425.7050426006317, "save_graph_time": 28.60004758834839, "graph_partition_time": 86.57011079788208, "total_time": 1541.0689289569855, "cluster_number_distribution": [3992, 3995, 4022, 4018, 4012, 4008, 4021, 4021, 4016, 3209, 4011, 3977, 4000, 4022, 4005, 3999, 4022, 4022, 4022, 4022, 3982, 3090, 3980, 3977, 4020, 4020, 4023, 4012, 4020, 0, 4008, 4022, 3996, 3890, 3944, 3879, 4019, 3851, 4006, 4011, 4005, 4024, 4024, 3992, 3984, 4019, 4017, 4023, 3995, 4023, 3818, 4011, 4023, 1263, 4008, 4016, 3811, 4003, 3792, 4023, 4017, 4023, 4023, 3977, 4022, 4024, 3959, 4023, 3924, 3990, 3789, 4003, 4020, 4022, 4023, 4014, 3850, 4024, 4024, 4023, 4023, 4004, 3937, 3931, 4022, 4024, 3909, 4024, 4023, 4024, 4023, 3240, 4020, 4024, 4016, 3927, 4019, 4020, 3963, 3966, 4004, 3511, 4020, 4009, 4019, 2124, 4020, 4023, 3999, 4019, 4018, 4003, 4019, 4023, 4019, 4023, 4014, 3995, 4020, 4010, 4023, 4013, 4019, 4023, 4022, 4010, 4023, 4022, 4018, 3976, 4017, 4007, 3957, 4021, 3998, 3736, 4017, 4022, 3958, 4021, 4019, 4016, 4014, 4018, 4005, 4008, 4023, 3951, 3966, 4022, 4020, 3979, 3967, 4023, 4023, 4022, 3995, 4016, 4004, 4018, 4015, 3977, 4023, 3987, 4015, 3996, 3795, 4015, 4017, 4019, 4023, 3997, 4019, 4018, 4022, 4011, 4018, 3973, 4015, 3984, 4010, 4003, 3920, 4023, 4014, 4010, 4023, 4017, 4002, 4011, 4024, 3880, 4014, 4023, 4004, 4012, 4000, 3995, 3976, 3835, 4014, 4023, 3995, 3895, 0, 4024, 4018, 4015, 4004, 4011, 4018, 3831, 4020, 3984, 3935, 3972, 4017, 4015, 4011, 4006, 4024, 4023, 3862, 4022, 3759, 4018, 4023, 3820, 3716, 4019, 4023, 3903, 3989, 2320, 4021, 3944, 4024, 3925, 4003, 4024, 4022, 961, 4022, 4023, 4023, 4022, 4019, 4011, 4014, 4023, 4022, 4009, 3883, 4024, 2497, 3563]}, "prepare_train_sample": {"time": 0.6051595211029053}, "train_eval_model": {"train_config": {"model_name": "two_block_1024_dim", "lr": 0.004, "n_epochs": 8, "milestones": [3, 7]}, "train_intermediate": [{"epoch": 0, "loss": 62.71365103348774, "eval_loss": 50.945240509815704, "train_recall": 0.6162939393939394, "val_recall": 0.7136, "lr": 0.004}, {"epoch": 1, "loss": 60.13646300399982, "eval_loss": 50.17514503919161, "train_recall": 0.6597666666666666, "val_recall": 0.7279, "lr": 0.004}, {"epoch": 2, "loss": 59.5828470445332, "eval_loss": 49.99820317977514, "train_recall": 0.6708838383838384, "val_recall": 0.7361, "lr": 0.004}, {"epoch": 3, "loss": 58.49818912817696, "eval_loss": 49.29303152133257, "train_recall": 0.6962555555555555, "val_recall": 0.7507, "lr": 0.0004}, {"epoch": 4, "loss": 58.34529353549093, "eval_loss": 49.214573744015816, "train_recall": 0.7003626262626262, "val_recall": 0.7543, "lr": 0.0004}, {"epoch": 5, "loss": 58.271664770340706, "eval_loss": 49.17747619213202, "train_recall": 0.7017646464646464, "val_recall": 0.7531, "lr": 0.0004}, {"epoch": 6, "loss": 58.21846513975976, "eval_loss": 49.17181849479675, "train_recall": 0.7033656565656565, "val_recall": 0.7546, "lr": 0.0004}, {"epoch": 7, "loss": 58.1220739664071, "eval_loss": 49.09036008516947, "train_recall": 0.7055636363636364, "val_recall": 0.7594, "lr": 4e-05}], "train_total": {"correct": 698508, "final_recall": 0.7055636363636364}, "training_time": 3993.0488724708557, "eval_time": 0.08184599876403809}}, {"ins_id": 1, "dataset_partition": {"bulid_graph_time": 2109.6754007339478, "save_graph_time": 30.304664611816406, "graph_partition_time": 59.59580063819885, "total_time": 2199.7665209770203, "cluster_number_distribution": [3831, 4020, 4006, 3778, 3897, 3929, 4021, 4024, 1634, 4022, 3925, 4007, 4020, 3998, 4016, 4022, 3972, 4022, 4015, 3982, 4015, 4004, 3980, 4021, 3967, 4017, 3895, 4016, 4010, 3994, 4006, 4023, 3976, 3931, 4016, 4023, 3936, 4006, 4022, 4016, 4022, 4023, 4024, 4008, 3990, 4013, 3948, 4023, 4022, 4020, 4022, 1544, 824, 4009, 4023, 4019, 4021, 4022, 4020, 4002, 4023, 3881, 4023, 4024, 4017, 3994, 4016, 3997, 3935, 3872, 4014, 4022, 4012, 4021, 3991, 3857, 4008, 4013, 4023, 4022, 3965, 4021, 3994, 3931, 4017, 4024, 4022, 3735, 4022, 4023, 4020, 3868, 4023, 4007, 4010, 4012, 4004, 4019, 3367, 4022, 4020, 4013, 4024, 4024, 3938, 3909, 4023, 4014, 4014, 4019, 4020, 4019, 3130, 4023, 3988, 4021, 4023, 4022, 3931, 4015, 4001, 3879, 4020, 4021, 2388, 4021, 4014, 3981, 4015, 3888, 4021, 4010, 1775, 3998, 3892, 4017, 4018, 3954, 4023, 4024, 4024, 4023, 4023, 3423, 4021, 4022, 4022, 4018, 4023, 3793, 3969, 4023, 4011, 3984, 4010, 4023, 4024, 3791, 4024, 2438, 3977, 4004, 3994, 3009, 4023, 3969, 4008, 4016, 4023, 3896, 4023, 4012, 4009, 4016, 3857, 3863, 4023, 4007, 4006, 3662, 4014, 4023, 4022, 3699, 4023, 3984, 4004, 4024, 4024, 4017, 4024, 4003, 4019, 575, 3965, 4018, 3990, 4023, 3991, 4014, 4023, 3978, 4023, 4023, 4023, 4022, 3955, 4016, 4012, 3955, 3994, 4005, 3959, 4012, 3989, 3878, 3996, 4024, 4019, 4013, 4013, 4021, 4023, 4022, 4008, 3986, 4023, 4016, 3959, 3999, 4019, 4015, 4021, 4021, 3990, 4019, 3830, 4022, 3998, 4023, 4019, 1843, 4014, 4001, 4023, 4006, 4023, 3859, 4023, 4022, 4021, 4016, 4019, 3951, 4017, 4019]}, "prepare_train_sample": {"time": 0.49594736099243164}, "train_eval_model": {"train_config": {"model_name": "two_block_1024_dim", "lr": 0.004, "n_epochs": 8, "milestones": [3, 7]}, "train_intermediate": [{"epoch": 0, "loss": 65.7579963110219, "eval_loss": 53.59294133308606, "train_recall": 0.5838909090909091, "val_recall": 0.6897, "lr": 0.004}, {"epoch": 1, "loss": 63.25516595090449, "eval_loss": 52.99488996848082, "train_recall": 0.6249343434343434, "val_recall": 0.6983, "lr": 0.004}, {"epoch": 2, "loss": 62.70521235284899, "eval_loss": 52.79357213240404, "train_recall": 0.6361878787878787, "val_recall": 0.7033, "lr": 0.004}, {"epoch": 3, "loss": 61.65089434975046, "eval_loss": 52.02450775488829, "train_recall": 0.6605656565656566, "val_recall": 0.7248, "lr": 0.0004}, {"epoch": 4, "loss": 61.49674817200032, "eval_loss": 51.973721235226364, "train_recall": 0.6642494949494949, "val_recall": 0.7271, "lr": 0.0004}, {"epoch": 5, "loss": 61.424780715339175, "eval_loss": 51.94890710635063, "train_recall": 0.6663919191919192, "val_recall": 0.7282, "lr": 0.0004}, {"epoch": 6, "loss": 61.370882431036684, "eval_loss": 51.909950916583725, "train_recall": 0.6680131313131313, "val_recall": 0.7285, "lr": 0.0004}, {"epoch": 7, "loss": 61.2697466104191, "eval_loss": 51.86180985279572, "train_recall": 0.6705626262626263, "val_recall": 0.7294, "lr": 4e-05}], "train_total": {"correct": 663857, "final_recall": 0.6705626262626263}, "training_time": 4386.726910114288, "eval_time": 0.026658058166503906}}, {"ins_id": 2, "dataset_partition": {"bulid_graph_time": 2161.500117301941, "save_graph_time": 29.846643447875977, "graph_partition_time": 67.01533842086792, "total_time": 2258.555391073227,