{"total_time_consume": 10167.381674289703, "preprocess": {"kmeans_time": 9483.727174043655, "random_projection": 2.613093137741089, "total_time": 9486.447087287903}, "classifier": [{"ins_id": 1, "dataset_partition": {"time": 135.7133674621582, "cluster_number_distribution": [9288, 7711, 503, 2403, 3445, 2345, 2396, 7384, 6539, 9733, 1152, 1055, 7715, 1872, 2397, 975, 9702, 3479, 2297, 1814, 2080, 9173, 8997, 7500, 1288, 8280, 5329, 4025, 11166, 10075, 15319, 3793, 2295, 2428, 7947, 1629, 3201, 1461, 1822, 1342, 613, 3025, 10334, 1506, 2111, 12558, 1601, 583, 2961, 2362, 15348, 6664, 2036, 1550, 2105, 1979, 1026, 2356, 2393, 3797, 1896, 4588, 1769, 3198, 7558, 2049, 2549, 3322, 6016, 5796, 3779, 1452, 2601, 2144, 7880, 2493, 3581, 4440, 2200, 4585, 6708, 3366, 3027, 7514, 2577, 2907, 1765, 4281, 5236, 3171, 3184, 2602, 786, 532, 1519, 2248, 747, 712, 2583, 2819, 5650, 883, 529, 609, 2416, 5080, 4306, 16031, 4314, 4268, 586, 1344, 3783, 1973, 2135, 1639, 2861, 2302, 3721, 6989, 2131, 2596, 5192, 3328, 3688, 2443, 2727, 2683, 12229, 2989, 4530, 2826, 3484, 2564, 2615, 4934, 1437, 5724, 4179, 613, 3635, 527, 1998, 1542, 806, 3658, 4552, 4218, 2831, 995, 1466, 1713, 8418, 1813, 2447, 2945, 8397, 4719, 1310, 2079, 5158, 4687, 9106, 7672, 21926, 2117, 7590, 1914, 3557, 6177, 2374, 4429, 5097, 2224, 9450, 3587, 1698, 5345, 3581, 2026, 4756, 8302, 2650, 4770, 1887, 1931, 5714, 2958, 8677, 591, 3800, 2263, 893, 1383, 3000, 4121, 2186, 3316, 1761, 3107, 2116, 1682, 1658, 5025, 8104, 872, 10298, 1495, 3103, 2501, 4048, 10341, 3620, 6659, 6653, 3902, 3122, 3112, 4506, 2466, 1100, 2373, 5683, 6341, 7644, 10677, 5997, 6359, 2127, 814, 7749, 1553, 1395, 3339, 998, 3050, 638, 3598, 3754, 1013, 2913, 4503, 2727, 3317, 7363, 3254, 1643, 2419, 3267, 1904, 885, 4791, 8603, 2884, 2504, 914]}, "predict": {"time": 1.3766865730285645}}, {"ins_id": 2, "dataset_partition": {"time": 135.4620954990387, "cluster_number_distribution": [10040, 3786, 3977, 4430, 4834, 2006, 1444, 1948, 3086, 4640, 999, 3949, 7306, 3146, 1756, 2540, 2650, 3165, 6866, 3546, 1722, 436, 3287, 4545, 5036, 4428, 7526, 902, 3060, 945, 6367, 1736, 1616, 3203, 7520, 2508, 8991, 1221, 2659, 2319, 5409, 2364, 1549, 6368, 4099, 10497, 2610, 7515, 5008, 1952, 2412, 1783, 3877, 1993, 5203, 1453, 2143, 2996, 17904, 2399, 1478, 4077, 2646, 4344, 3216, 14406, 2306, 8204, 2554, 1991, 2590, 7140, 4081, 11285, 2499, 1460, 5360, 1604, 3572, 2692, 1561, 1295, 1575, 14515, 3523, 3696, 3235, 6759, 3227, 7080, 1175, 3658, 14219, 1062, 2371, 7630, 6044, 4429, 3130, 2755, 3553, 3368, 2366, 4127, 6504, 873, 3295, 8123, 2718, 9785, 3104, 1285, 7395, 3831, 11922, 8264, 4708, 2600, 2189, 8371, 2062, 3933, 2109, 2377, 4063, 947, 11795, 5931, 10923, 3824, 6812, 3356, 2708, 3943, 4998, 1874, 3661, 3012, 2240, 3292, 1050, 4129, 950, 2900, 3625, 3420, 3740, 1836, 1442, 1712, 4660, 2979, 2162, 3030, 6274, 1997, 2550, 3469, 4019, 1302, 635, 2509, 2032, 1678, 3412, 3227, 2870, 2712, 2566, 2237, 3433, 4514, 1985, 1107, 5661, 2531, 2783, 4486, 10968, 3135, 882, 2927, 238, 2386, 4335, 3728, 1455, 1655, 2786, 868, 482, 9185, 4217, 4268, 3482, 5000, 1699, 2464, 5780, 1218, 1764, 5755, 3323, 1283, 2272, 1444, 1827, 1644, 8543, 1599, 336, 2687, 1443, 2578, 3661, 3251, 2066, 6356, 4968, 9336, 3001, 3100, 3526, 3573, 3870, 2875, 12733, 1540, 1398, 3943, 1566, 1680, 1531, 5684, 1588, 1920, 12300, 4477, 4766, 2891, 2383, 7713, 5903, 3579, 6430, 3326, 1990, 2109, 630, 14137, 377, 1654, 2125, 1387, 6126, 16891]}, "predict": {"time": 1.3735010623931885}}, {"ins_id": 3, "dataset_partition": {"time": 132.7083294391632, "cluster_number_distribution": [2364, 5838, 5372, 7445, 5592, 1923, 7347, 1140, 1604, 2029, 1765, 5222, 6281, 3173, 11145, 8549, 2626, 6418, 9635, 3692, 5626, 3013, 3057, 1668, 1540, 2756, 4389, 2225, 6886, 9239, 6456, 625, 2110, 6259, 3193, 13986, 2472, 4421, 2487, 7880, 1958, 2510, 3166, 2889, 1533, 5459, 5670, 3947, 1160, 3657, 2097, 1633, 2651, 2862, 3293, 2610, 4259, 4394, 1161, 4060, 1731, 1470, 3627, 6320, 1445, 5343, 3880, 4351, 1497, 4277, 6835, 4327, 963, 1878, 2627, 6706, 7515, 5064, 7033, 1777, 1700, 3337, 6581, 584, 5397, 1654, 3629, 5004, 1003, 5614, 1921, 10821, 1679, 3397, 1660, 4025, 3736, 1294, 9929, 10096, 5775, 1443, 1430, 2530, 4313, 4422, 1542, 4915, 3929, 4147, 1482, 6413, 3835, 4432, 954, 1441, 2179, 5114, 1031, 3078, 1363, 2941, 2606, 868, 4119, 973, 3998, 8188, 1032, 4613, 1931, 2306, 1747, 3259, 1890, 2444, 1748, 5489, 2611, 11856, 8826, 7270, 3958, 1790, 3661, 15430, 1345, 2575, 2354, 3161, 982, 3390, 2357, 4429, 1128, 1576, 930, 10648, 10639, 2801, 5386, 5706, 10277, 3202, 10120, 2609, 4469, 5913, 1853, 6487, 4772, 1542, 2314, 2952, 10573, 3169, 1504, 2059, 3019, 5381, 11067, 7731, 5189, 4646, 1503, 8509, 805, 1888, 1996, 4668, 4724, 3709, 2206, 6236, 4409, 3702, 3212, 1524, 5239, 1204, 908, 2762, 3448, 3865, 4435, 918, 3308, 1580, 1542, 1389, 1804, 1919, 3464, 5480, 1117, 4001, 7389, 12713, 2187, 2256, 1268, 3901, 4750, 1167, 3406, 4411, 2529, 3786, 3415, 1997, 1298, 1289, 2660, 4731, 4547, 2772, 1770, 8315, 3373, 8035, 3700, 1435, 1630, 5351, 3045, 6204, 1336, 5979, 4519, 5040, 1989, 4023, 1276, 4139, 3665, 1509]}, "predict": {"time": 1.3697922229766846}}, {"ins_id": 4, "dataset_partition": {"time": 132.61965084075928, "cluster_number_distribution": [3192, 2646, 8026, 2995, 3379, 1946, 6264, 5292, 7031, 7119, 5744, 1848, 2965, 3943, 1906, 691, 4920, 855, 2568, 3495, 1141, 949, 11188, 6836, 1270, 3225, 2644, 1628, 4501, 3657, 2657, 3408, 2952, 3494, 2110, 3769, 7481, 2496, 2576, 5527, 4263, 5053, 5797, 2557, 3977, 3811, 444, 3185, 4194, 9947, 1589, 3016, 6455, 2373, 4640, 2041, 5323, 5008, 811, 1272, 991, 4381, 7352, 2771, 1722, 3705, 3758, 1783, 3112, 7521, 3280, 5145, 2291, 1632, 2691, 2646, 2713, 4370, 1856, 2354, 2154, 9375, 832, 2933, 2802, 1490, 3486, 1053, 5389, 1743, 318, 739, 4314, 2130, 1594, 1327, 1485, 5667, 12632, 5865, 3454, 3267, 1341, 5667, 2578, 4271, 1071, 3437, 8540, 1965, 1991, 2930, 461, 2194, 6479, 4408, 1179, 994, 1446, 4719, 2475, 1872, 1948, 1982, 8142, 2877, 1899, 1434, 9170, 5436, 4195, 5391, 3258, 5521, 2301, 2635, 3149, 1965, 3929, 1863, 5661, 2141, 3114, 6871, 6520, 4098, 1684, 2367, 1555, 6236, 4756, 2029, 4825, 5028, 1899, 562, 2516, 455, 2110, 993, 2229, 6527, 8385, 2433, 3411, 3359, 4316, 4576, 5780, 4089, 7129, 4854, 14539, 15051, 3701, 4246, 4900, 3893, 5461, 8419, 2021, 6967, 9423, 3585, 1667, 2630, 594, 3535, 2481, 7469, 7041, 3368, 5266, 6246, 5898, 4215, 2869, 1401, 8972, 3772, 4474, 4030, 1665, 3258, 7041, 5398, 4847, 2210, 2809, 2303, 3560, 11989, 1002, 3529, 749, 1359, 7675, 4513, 9254, 5355, 1086, 1529, 1558, 5429, 10122, 8536, 1410, 6234, 2148, 4967, 1278, 2496, 3108, 12920, 3636, 3114, 4374, 1904, 9285, 4363, 788, 2146, 612, 6089, 1843, 864, 2244, 3163, 4417, 1872, 3551, 2604, 7785, 12374, 2522, 5145]}, "predict": {"time": 1.8443138599395752}}], "integrate": {"time": 72.52053046226501}, "count_recall": {"time": 65.14493489265442}}