{"total_time_consume": 13842.244276285172, "preprocess": {"total_time": 0.21907830238342285}, "classifier": [{"ins_id": 0, "dataset_partition": {"bulid_graph_time": 850.0284795761108, "save_graph_time": 28.45282530784607, "graph_partition_time": 118.28859567642212, "total_time": 996.9278190135956, "cluster_number_distribution": [3933, 4022, 4023, 4023, 4023, 3942, 4021, 4006, 3830, 4023, 4008, 3256, 4022, 4017, 4023, 4023, 4004, 3358, 4023, 4002, 4022, 4023, 4023, 4023, 4019, 4023, 4022, 4023, 4022, 4023, 4023, 4023, 4023, 4009, 4022, 4023, 4023, 4023, 4023, 4023, 4021, 4023, 4023, 4023, 4022, 4021, 4023, 4021, 4023, 4023, 4021, 3961, 3911, 4020, 4003, 4023, 4021, 3954, 4014, 4010, 4015, 4023, 4013, 4022, 4023, 4022, 4023, 2660, 4012, 4021, 4010, 4004, 4004, 4023, 4011, 4012, 3942, 4022, 3817, 3052, 4023, 4020, 4018, 2121, 4001, 4023, 4024, 4023, 4023, 4003, 4022, 4023, 4023, 3480, 3902, 3831, 4018, 4023, 3932, 3963, 4022, 4023, 4008, 3055, 3624, 3327, 4022, 4022, 4023, 4021, 4002, 4006, 4023, 4022, 3100, 4023, 3915, 4022, 2097, 3867, 4023, 3918, 4023, 4023, 4018, 2321, 4019, 4023, 3984, 4011, 4020, 3932, 4023, 4023, 4018, 3866, 3305, 4023, 3941, 4023, 3875, 3880, 4023, 4023, 4023, 3954, 3861, 4023, 4019, 4018, 4023, 4023, 4023, 3990, 4023, 4015, 4018, 4023, 4019, 4019, 3981, 4020, 4019, 3368, 4023, 4023, 4023, 4022, 4023, 4022, 4023, 4014, 3998, 4022, 3468, 3982, 4021, 3689, 4023, 3709, 4022, 4006, 3814, 3869, 4023, 4023, 4023, 3090, 4023, 4022, 3942, 4023, 4022, 4022, 4023, 4024, 4023, 4023, 3915, 4010, 2554, 4021, 4017, 2371, 3837, 1244, 4023, 4008, 3645, 4022, 4023, 4016, 4021, 4023, 4023, 4013, 4022, 4020, 4018, 4023, 4022, 4019, 4018, 4023, 3998, 4023, 4023, 4023, 4023, 4023, 4020, 2960, 4023, 4023, 4023, 4022, 4017, 4021, 4023, 4023, 4022, 4021, 3759, 4023, 4023, 4021, 3990, 3930, 4023, 4023, 3993, 3963, 4020, 4022, 3968, 2446]}, "prepare_train_sample": {"time": 0.6664440631866455}, "train_eval_model": {"train_config": {"model_name": "one_block_2048_dim", "lr": 0.004, "n_epochs": 12, "milestones": [3, 7]}, "train_intermediate": [{"epoch": 0, "loss": 87.58942699028547, "eval_loss": 82.41278127523569, "train_recall": 0.4641313131313131, "val_recall": 0.5293, "lr": 0.004}, {"epoch": 1, "loss": 84.6672934819991, "eval_loss": 81.99181859921187, "train_recall": 0.4976606060606061, "val_recall": 0.5371, "lr": 0.004}, {"epoch": 2, "loss": 84.12851170546854, "eval_loss": 81.86650809263571, "train_recall": 0.5056242424242424, "val_recall": 0.5366, "lr": 0.004}, {"epoch": 3, "loss": 82.8256728217956, "eval_loss": 80.95527527882503, "train_recall": 0.5251737373737374, "val_recall": 0.5577, "lr": 0.0004}, {"epoch": 4, "loss": 82.62674707327083, "eval_loss": 80.77631954046396, "train_recall": 0.5292484848484849, "val_recall": 0.558, "lr": 0.0004}, {"epoch": 5, "loss": 82.53083530885584, "eval_loss": 80.62154294282962, "train_recall": 0.5303404040404041, "val_recall": 0.5583, "lr": 0.0004}, {"epoch": 6, "loss": 82.46146415461126, "eval_loss": 80.73085249387302, "train_recall": 0.5318545454545455, "val_recall": 0.5587, "lr": 0.0004}, {"epoch": 7, "loss": 82.32601653789354, "eval_loss": 80.54715000054775, "train_recall": 0.533870707070707, "val_recall": 0.5639, "lr": 4e-05}, {"epoch": 8, "loss": 82.31330669176317, "eval_loss": 80.45137195098094, "train_recall": 0.5339363636363637, "val_recall": 0.561, "lr": 4e-05}, {"epoch": 9, "loss": 82.30996068252922, "eval_loss": 80.53654686609904, "train_recall": 0.5335232323232323, "val_recall": 0.5593, "lr": 4e-05}, {"epoch": 10, "loss": 82.29956027954903, "eval_loss": 80.52135114180736, "train_recall": 0.5342969696969697, "val_recall": 0.564, "lr": 4e-05}, {"epoch": 11, "loss": 82.29462598213787, "eval_loss": 80.59708051192455, "train_recall": 0.5340373737373737, "val_recall": 0.5662, "lr": 4e-05}], "train_total": {"correct": 528697, "final_recall": 0.5340373737373737}, "training_time": 2017.6074271202087, "eval_time": 0.012246370315551758}}, {"ins_id": 1, "dataset_partition": {"bulid_graph_time": 1165.102966785431, "save_graph_time": 29.04310703277588, "graph_partition_time": 126.29455900192261, "total_time": 1320.598364830017, "cluster_number_distribution": [2408, 4021, 4021, 4020, 4022, 4023, 4023, 4022, 4023, 4013, 4023, 4023, 4023, 4023, 4017, 4023, 4023, 4023, 4023, 4023, 4023, 4023, 4023, 4023, 4023, 4021, 4023, 4022, 2321, 4023, 4023, 4023, 4023, 4023, 4023, 4023, 4022, 4023, 4022, 4021, 4023, 4023, 4021, 4024, 4023, 4022, 4023, 4023, 4021, 4023, 3989, 4022, 4023, 4023, 4023, 3542, 4022, 3525, 4021, 4023, 4019, 4023, 2981, 4020, 4017, 4023, 4024, 2938, 3319, 4022, 3946, 4024, 4023, 4005, 4023, 3989, 4023, 4023, 4023, 2829, 3944, 4023, 3949, 3967, 4021, 3811, 4021, 2822, 3802, 3940, 4006, 3956, 4021, 3070, 4016, 4023, 4003, 4023, 4023, 4021, 4005, 3874, 4021, 2946, 3724, 3987, 4023, 4019, 4022, 4013, 4013, 4023, 4024, 3033, 4023, 3879, 3912, 4022, 3655, 4019, 4023, 4020, 3995, 4023, 4014, 4019, 3882, 4021, 4020, 4023, 4023, 4019, 4023, 4006, 4023, 4017, 4012, 4022, 3995, 3950, 4018, 4022, 4016, 4023, 4013, 4023, 4023, 4023, 4023, 4023, 4023, 4011, 4022, 4023, 2765, 4023, 4007, 4023, 4023, 2452, 4023, 4023, 4023, 4022, 4020, 4023, 4015, 4016, 3905, 3893, 4023, 4020, 4002, 4021, 4023, 3641, 4023, 4018, 4022, 4023, 4020, 4011, 4023, 4023, 4023, 4019, 4022, 3732, 4023, 4020, 4022, 4023, 3623, 4023, 4023, 4023, 4021, 4019, 4020, 4023, 3185, 3992, 3875, 3700, 3094, 4023, 4022, 4023, 4017, 4023, 3946, 4023, 4023, 2510, 4023, 4022, 4023, 4023, 3995, 3962, 4023, 4023, 1527, 4023, 4023, 4023, 4023, 4018, 4023, 4023, 4023, 4005, 4008, 4023, 4016, 4023, 4023, 3417, 4023, 2261, 4022, 3858, 3936, 4021, 4023, 4018, 3991, 3627, 3599, 3965, 3921, 4023, 4003, 3796, 3892, 4023]}, "prepare_train_sample": {"time": 0.8899509906768799}, "train_eval_model": {"train_config": {"model_name": "one_block_2048_dim", "lr": 0.004, "n_epochs": 12, "milestones": [3, 7]}, "train_intermediate": [{"epoch": 0, "loss": 88.40325260109948, "eval_loss": 83.14888839232616, "train_recall": 0.46534848484848484, "val_recall": 0.5201, "lr": 0.004}, {"epoch": 1, "loss": 85.45436308214936, "eval_loss": 82.6415832226093, "train_recall": 0.5000060606060606, "val_recall": 0.5359, "lr": 0.004}, {"epoch": 2, "loss": 84.894196588583, "eval_loss": 82.44323616761427, "train_recall": 0.5076181818181819, "val_recall": 0.5395, "lr": 0.004}, {"epoch": 3, "loss": 83.60112213939703, "eval_loss": 81.52125769395094, "train_recall": 0.5284979797979797, "val_recall": 0.5567, "lr": 0.0004}, {"epoch": 4, "loss": 83.38249451957584, "eval_loss": 81.22402279193585, "train_recall": 0.531910101010101, "val_recall": 0.5597, "lr": 0.0004}, {"epoch": 5, "loss": 83.28747997979994, "eval_loss": 81.34607316286136, "train_recall": 0.5332424242424243, "val_recall": 0.5628, "lr": 0.0004}, {"epoch": 6, "loss": 83.20925527793904, "eval_loss": 81.25706098018549, "train_recall": 0.534630303030303, "val_recall": 0.5624, "lr": 0.0004}, {"epoch": 7, "loss": 83.09599522831915, "eval_loss": 81.12897026844514, "train_recall": 0.5365868686868687, "val_recall": 0.5605, "lr": 4e-05}, {"epoch": 8, "loss": 83.06889362312394, "eval_loss": 81.27542488391583, "train_recall": 0.5372666666666667, "val_recall": 0.5627, "lr": 4e-05}, {"epoch": 9, "loss": 83.06015535712137, "eval_loss": 81.15118730985202, "train_recall": 0.5372464646464646, "val_recall": 0.5638, "lr": 4e-05}, {"epoch": 10, "loss": 83.05601977657732, "eval_loss": 81.25810209910075, "train_recall": 0.5373434343434343, "val_recall": 0.5622, "lr": 4e-05}, {"epoch": 11, "loss": 83.05242749600211, "eval_loss": 81.16040757986215, "train_recall": 0.5376070707070707, "val_recall": 0.563, "lr": 4e-05}], "train_total": {"correct": 532231, "final_recall": 0.5376070707070707}, "training_time": 2041.2596225738525, "eval_time": 0.026455402374267578}}, {"ins_id": 2, "dataset_partition": {"bulid_graph_time": 1184.6486463546753, "save_graph_time": 33.355430126190186, "graph_partition_time": 156.19504022598267, "total_time": 1374.3528718948364,