{"total_time_consume": 16507.459710121155, "preprocess": {"kmeans_time": 5781.010125160217, "random_projection_time": 0.018647432327270508, "total_time": 5781.232844591141}, "classifier": [{"ins_id": 0, "dataset_partition": {"count_label_time": 179.21540760993958, "total_time": 179.3641755580902, "cluster_number_distribution": [4786, 5922, 5254, 3642, 3377, 3128, 2642, 2255, 3224, 1849, 1273, 6868, 2775, 3383, 4580, 4696, 5941, 3780, 5270, 6501, 4627, 3171, 2552, 5008, 4801, 4050, 1907, 3965, 5230, 1617, 3481, 3780, 4555, 5119, 2635, 2475, 2778, 4153, 4796, 3138, 2030, 900, 2795, 3279, 6870, 1957, 4301, 3378, 4412, 7371, 8257, 2439, 2358, 7390, 2873, 3230, 5405, 2080, 6751, 2144, 3271, 2614, 4666, 2916, 5517, 5742, 4500, 2692, 1820, 2863, 3556, 3125, 5398, 8199, 3135, 2116, 4300, 1658, 4847, 3339, 2773, 3332, 3107, 4044, 4606, 7543, 4186, 2562, 5299, 3697, 4532, 7027, 3980, 2732, 3854, 2439, 4564, 3135, 5812, 5134, 3063, 4730, 4568, 3178, 3671, 4121, 5177, 4925, 3845, 3135, 4456, 2201, 3642, 2946, 2860, 3120, 3852, 3626, 3112, 2050, 2089, 1838, 2358, 4490, 1433, 4932, 6537, 3738, 5314, 8583, 4909, 2183, 4363, 3067, 3686, 3554, 2347, 3184, 3027, 7944, 2457, 4415, 5790, 2965, 2906, 4679, 3541, 4163, 3657, 3264, 3186, 5008, 6414, 3269, 2653, 1657, 4074, 2863, 2752, 5343, 1842, 4568, 2558, 3601, 6828, 2148, 2112, 4539, 2408, 3333, 3640, 7579, 2291, 3673, 12491, 1580, 3333, 3507, 5086, 2197, 2601, 4858, 4598, 4839, 4689, 4324, 1798, 3709, 1938, 3461, 3761, 2974, 4642, 2870, 5139, 2009, 3903, 3181, 4473, 1996, 5391, 2523, 5425, 2588, 4081, 1738, 2127, 6268, 6652, 2261, 4778, 6250, 4176, 6905, 2942, 2339, 3953, 3246, 3364, 4376, 2725, 2605, 2090, 5861, 4786, 2878, 4471, 2356, 1235, 8529, 3139, 2485, 6627, 4519, 4708, 2455, 5570, 4369, 4145, 3106, 3298, 2900, 4262, 1786, 3273, 1590, 3461, 8466, 3339, 3370, 3767, 3809, 6958, 4743, 3475, 7638]}, "prepare_train_sample": {"time": 0.5305309295654297}, "train_eval_model": {"train_config": {"model_name": "one_block_8192_dim", "lr": 0.001, "n_epochs": 12, "milestones": [3, 7]}, "train_intermediate": [{"epoch": 0, "loss": 60.889450862889575, "eval_loss": 50.05390998644707, "train_recall": 0.654849494949495, "val_recall": 0.7567, "lr": 0.001}, {"epoch": 1, "loss": 57.05831231962106, "eval_loss": 49.6611619973794, "train_recall": 0.6956363636363636, "val_recall": 0.7467, "lr": 0.001}, {"epoch": 2, "loss": 56.54729414764571, "eval_loss": 49.35700437350151, "train_recall": 0.7041838383838384, "val_recall": 0.7581, "lr": 0.001}, {"epoch": 3, "loss": 55.79552222563639, "eval_loss": 48.87848918865888, "train_recall": 0.7199515151515151, "val_recall": 0.7622, "lr": 0.0001}, {"epoch": 4, "loss": 55.686719080162376, "eval_loss": 48.851608435312905, "train_recall": 0.7204454545454545, "val_recall": 0.7676, "lr": 0.0001}, {"epoch": 5, "loss": 55.63377729423847, "eval_loss": 48.82082095512977, "train_recall": 0.7213474747474747, "val_recall": 0.7664, "lr": 0.0001}, {"epoch": 6, "loss": 55.588353454055195, "eval_loss": 48.81660672945854, "train_recall": 0.7216343434343434, "val_recall": 0.7655, "lr": 0.0001}, {"epoch": 7, "loss": 55.52402161477582, "eval_loss": 48.72513865201901, "train_recall": 0.7225242424242424, "val_recall": 0.7653, "lr": 1e-05}, {"epoch": 8, "loss": 55.50924598855871, "eval_loss": 48.71556410422692, "train_recall": 0.7227242424242424, "val_recall": 0.7669, "lr": 1e-05}, {"epoch": 9, "loss": 55.49706669990019, "eval_loss": 48.73656450173794, "train_recall": 0.7236191919191919, "val_recall": 0.7653, "lr": 1e-05}, {"epoch": 10, "loss": 55.49046644674505, "eval_loss": 48.76528941667997, "train_recall": 0.7236676767676767, "val_recall": 0.7656, "lr": 1e-05}, {"epoch": 11, "loss": 55.48512864925899, "eval_loss": 48.73408415378668, "train_recall": 0.7236121212121213, "val_recall": 0.7673, "lr": 1e-05}], "train_total": {"correct": 716376, "final_recall": 0.7236121212121213}, "training_time": 2356.1899325847626, "eval_time": 0.016069889068603516}}, {"ins_id": 1, "dataset_partition": {"count_label_time": 186.00324392318726, "total_time": 186.16130328178406, "cluster_number_distribution": [3169, 2287, 4037, 5698, 1460, 3262, 3509, 3579, 2545, 5101, 2035, 4515, 6566, 2184, 4612, 4011, 3287, 4171, 3843, 3655, 2976, 4981, 3320, 1731, 5265, 3497, 6568, 7255, 3481, 1653, 4241, 5503, 3252, 2045, 4845, 6583, 2950, 4511, 4896, 1915, 2941, 3624, 4039, 6561, 6704, 4521, 2580, 1428, 4004, 1926, 4272, 2734, 8086, 2244, 3089, 4195, 1720, 2395, 2366, 5181, 2410, 2400, 2344, 7699, 8281, 3577, 1605, 2826, 4771, 1884, 5177, 3959, 3186, 4142, 3052, 3641, 1375, 2567, 4697, 2546, 4226, 4346, 3987, 4142, 2717, 2374, 2870, 5180, 5102, 4996, 2060, 3592, 5498, 2536, 5078, 6557, 2724, 2454, 2917, 7628, 3406, 2311, 4463, 2533, 1875, 5096, 4097, 3199, 7231, 3809, 2413, 2819, 4974, 2343, 2385, 4181, 2690, 3233, 1071, 5538, 5563, 2857, 12729, 4167, 3533, 5512, 5293, 4079, 3123, 2427, 1653, 2867, 2505, 8987, 2084, 2424, 4024, 6183, 19610, 4620, 2713, 1489, 3255, 4490, 4343, 2956, 4227, 1313, 1632, 2137, 2593, 3555, 6133, 2542, 1937, 2225, 5617, 1955, 2942, 4514, 4273, 4306, 2721, 1457, 2607, 3009, 6184, 4115, 1720, 5718, 1614, 3089, 4880, 3659, 2202, 4475, 2987, 3156, 2664, 3193, 4452, 3960, 10685, 4814, 3929, 6236, 5119, 2596, 1991, 3897, 3977, 3906, 4398, 3325, 5297, 2479, 3252, 4756, 5370, 4856, 5195, 3695, 2070, 3283, 5069, 3989, 4604, 3254, 2405, 6892, 3617, 3079, 2411, 6159, 2486, 2832, 2643, 4339, 6763, 7724, 7748, 2797, 2752, 3752, 2767, 2026, 2388, 1712, 2879, 2012, 3600, 3953, 6008, 2345, 3793, 4784, 2970, 3675, 3927, 3736, 2920, 4638, 5952, 3484, 3226, 3307, 2422, 4446, 2154, 7224, 6654, 4888, 3537, 6267, 6177, 4045]}, "prepare_train_sample": {"time": 0.6067688465118408}, "train_eval_model": {"train_config": {"model_name": "one_block_8192_dim", "lr": 0.001, "n_epochs": 12, "milestones": [3, 7]}, "train_intermediate": [{"epoch": 0, "loss": 59.8204731942302, "eval_loss": 48.587279252516915, "train_recall": 0.6559767676767677, "val_recall": 0.7351, "lr": 0.001}, {"epoch": 1, "loss": 56.02988551261565, "eval_loss": 48.32904622493646, "train_recall": 0.6949575757575758, "val_recall": 0.7411, "lr": 0.001}, {"epoch": 2, "loss": 55.521949806044454, "eval_loss": 48.0577432070023, "train_recall": 0.7035525252525252, "val_recall": 0.7548, "lr": 0.001}, {"epoch": 3, "loss": 54.78468836665897, "eval_loss": 47.61567469743582, "train_recall": 0.7188747474747474, "val_recall": 0.7606, "lr": 0.0001}, {"epoch": 4, "loss": 54.66174343743044, "eval_loss": 47.569294220361954, "train_recall": 0.7193272727272727, "val_recall": 0.764, "lr": 0.0001}, {"epoch": 5, "loss": 54.60549875697072, "eval_loss": 47.589628788141106, "train_recall": 0.7203181818181819, "val_recall": 0.7579, "lr": 0.0001}, {"epoch": 6, "loss": 54.56749864405558, "eval_loss": 47.5198891713069, "train_recall": 0.7204252525252526, "val_recall": 0.76, "lr": 0.0001}, {"epoch": 7, "loss": 54.48620448155799, "eval_loss": 47.48979981740316, "train_recall": 0.721919191919192, "val_recall": 0.7589, "lr": 1e-05}, {"epoch": 8, "loss": 54.48014366718833, "eval_loss": 47.53868393408946, "train_recall": 0.721940404040404, "val_recall": 0.7638, "lr": 1e-05}, {"epoch": 9, "loss": 54.471419050346945, "eval_loss": 47.4537440324441, "train_recall": 0.7218464646464646, "val_recall": 0.7606, "lr": 1e-05}, {"epoch": 10, "loss": 54.47281005343466, "eval_loss": 47.44171699499473, "train_recall": 0.7226191919191919, "val_recall": 0.7582, "lr": 1e-05}, {"epoch": 11, "loss": 54.46554894716595, "eval_loss": 47.46029758453369, "train_recall": 0.7221232323232323, "val_recall": 0.7635, "lr": 1e-05}], "train_total": {"correct": 714902, "final_recall": 0.7221232323232323}, "training_time": 2323.571047067642, "eval_time": 0.01678299903869629}}, {"ins_id": 2, "dataset_partition": {"count_label_time": 202.3448522090912, "total_time": 202.50915145874023,