{"total_time_consume": 16318.188467502594, "preprocess": {"kmeans_time": 5662.585796833038, "random_projection_time": 0.017873048782348633, "total_time": 5662.803373575211}, "classifier": [{"ins_id": 0, "dataset_partition": {"count_label_time": 192.42585277557373, "total_time": 192.58174777030945, "cluster_number_distribution": [5758, 6209, 6033, 5562, 3209, 3489, 3015, 9445, 3536, 1465, 2603, 1784, 5829, 3681, 3674, 3488, 5368, 3469, 2549, 3725, 2755, 2820, 1964, 3220, 10926, 3734, 5566, 5137, 1891, 4183, 2572, 3008, 2567, 6166, 3096, 5058, 2801, 2685, 4604, 5570, 2558, 2169, 5071, 3755, 5103, 3539, 3169, 4238, 2629, 8422, 4651, 2541, 1709, 3977, 2580, 3023, 4324, 3155, 2346, 3636, 4874, 3498, 5775, 3755, 3950, 4336, 1733, 2657, 4198, 4071, 3189, 3666, 2490, 4132, 6406, 3399, 5909, 2155, 1600, 4163, 4551, 3831, 4801, 2891, 3381, 4775, 7568, 5158, 3420, 3543, 3200, 1154, 2817, 3601, 5149, 6385, 2318, 2192, 3763, 3312, 6137, 2801, 2307, 3407, 4136, 2135, 1530, 4219, 9039, 6358, 3882, 3815, 4216, 4438, 3874, 3973, 2615, 5414, 5283, 2915, 6028, 8057, 2528, 2671, 5669, 2135, 4571, 6664, 2510, 2656, 4216, 5727, 4564, 2697, 2700, 4486, 5175, 5336, 3182, 4388, 2185, 2132, 3950, 10319, 2775, 2447, 3261, 3751, 2121, 1998, 3551, 3594, 2539, 4257, 3606, 2335, 2780, 3486, 4574, 4985, 3472, 7648, 4349, 1806, 4384, 4603, 5662, 2805, 2686, 4012, 3009, 5274, 5105, 3600, 4126, 3047, 2045, 3411, 3157, 2570, 4043, 2682, 3571, 3524, 6182, 3195, 8274, 2482, 4367, 6011, 4977, 4419, 3050, 2612, 689, 6402, 3651, 3380, 1958, 2678, 3806, 5153, 2968, 3110, 3603, 4543, 4593, 2980, 5239, 6224, 6489, 5404, 4202, 3054, 2172, 3104, 3682, 4207, 3693, 2138, 5225, 5714, 2119, 1596, 2382, 1143, 3929, 3623, 2883, 3404, 4114, 5392, 3670, 3009, 3911, 3969, 5757, 2395, 4895, 2442, 2852, 5563, 4880, 2417, 2872, 5848, 2135, 1748, 8255, 4701, 1560, 5597, 3013, 3074, 3904, 5052]}, "prepare_train_sample": {"time": 0.4708552360534668}, "train_eval_model": {"train_config": {"model_name": "one_block_2048_dim", "lr": 0.008, "n_epochs": 12, "milestones": [3, 7]}, "train_intermediate": [{"epoch": 0, "loss": 61.19917455662675, "eval_loss": 50.383555693504135, "train_recall": 0.6315090909090909, "val_recall": 0.7337, "lr": 0.008}, {"epoch": 1, "loss": 59.28074497992696, "eval_loss": 50.31351332175426, "train_recall": 0.6537717171717172, "val_recall": 0.7324, "lr": 0.008}, {"epoch": 2, "loss": 59.00684185430668, "eval_loss": 50.196145345003174, "train_recall": 0.6570525252525252, "val_recall": 0.7278, "lr": 0.008}, {"epoch": 3, "loss": 57.57507799227906, "eval_loss": 48.996352825409325, "train_recall": 0.6850828282828283, "val_recall": 0.7574, "lr": 0.0008}, {"epoch": 4, "loss": 57.41878533146787, "eval_loss": 48.97941556954995, "train_recall": 0.6876525252525253, "val_recall": 0.7512, "lr": 0.0008}, {"epoch": 5, "loss": 57.352975943796224, "eval_loss": 48.91661068109366, "train_recall": 0.6876656565656566, "val_recall": 0.7602, "lr": 0.0008}, {"epoch": 6, "loss": 57.30924181030798, "eval_loss": 48.914001929454315, "train_recall": 0.6882191919191919, "val_recall": 0.7479, "lr": 0.0008}, {"epoch": 7, "loss": 57.1905086304139, "eval_loss": 48.81220394525773, "train_recall": 0.6911292929292929, "val_recall": 0.7567, "lr": 8e-05}, {"epoch": 8, "loss": 57.16625164165276, "eval_loss": 48.886668131901665, "train_recall": 0.6914343434343434, "val_recall": 0.757, "lr": 8e-05}, {"epoch": 9, "loss": 57.16056200939864, "eval_loss": 48.795329399597954, "train_recall": 0.6917595959595959, "val_recall": 0.755, "lr": 8e-05}, {"epoch": 10, "loss": 57.15111203126926, "eval_loss": 48.93331484305553, "train_recall": 0.6920919191919191, "val_recall": 0.7537, "lr": 8e-05}, {"epoch": 11, "loss": 57.15113494855291, "eval_loss": 48.81571026337453, "train_recall": 0.6918171717171717, "val_recall": 0.7609, "lr": 8e-05}], "train_total": {"correct": 684899, "final_recall": 0.6918171717171717}, "training_time": 2323.112086057663, "eval_time": 0.021756887435913086}}, {"ins_id": 1, "dataset_partition": {"count_label_time": 198.32561039924622, "total_time": 198.48563838005066, "cluster_number_distribution": [3077, 4608, 6681, 3239, 4428, 2797, 4828, 3245, 4701, 4489, 4207, 4306, 2509, 7251, 3577, 4527, 4371, 2660, 1308, 3861, 4266, 1879, 3675, 3614, 4147, 2087, 9564, 2869, 4381, 4550, 6702, 3106, 3820, 4168, 2438, 4799, 3045, 3137, 2277, 3479, 3935, 8404, 6245, 1764, 5723, 2141, 3644, 3436, 4656, 8694, 2865, 3574, 2661, 3011, 3170, 2563, 2565, 2518, 5235, 2010, 5245, 4043, 3975, 4183, 4284, 3125, 5393, 2938, 2597, 7021, 4643, 4738, 2540, 2847, 3325, 4275, 3312, 3298, 3489, 3583, 5578, 4035, 2340, 4578, 3283, 3346, 2474, 2312, 4566, 5102, 3038, 3483, 2863, 3689, 2838, 2924, 3891, 4251, 4023, 2349, 4792, 3023, 3082, 1415, 3078, 4620, 5728, 3592, 7357, 4967, 4013, 2014, 5703, 4324, 2135, 6048, 2888, 5217, 4254, 3661, 1026, 2083, 7394, 2191, 2566, 3212, 1909, 3899, 6201, 7141, 2041, 2571, 5010, 2807, 2980, 10881, 3483, 6695, 7290, 1800, 4765, 2195, 3533, 5269, 3990, 3028, 1706, 4112, 3550, 6389, 2664, 3525, 3548, 4046, 2291, 4627, 2802, 4195, 1174, 2637, 2686, 2515, 4354, 4524, 4316, 4525, 3623, 2547, 2192, 7512, 1977, 4771, 2396, 1906, 6076, 4947, 2057, 2212, 3718, 3933, 2777, 3043, 3193, 3468, 4477, 3553, 5126, 3876, 3314, 5577, 3397, 2814, 3358, 4336, 2458, 2258, 4303, 3793, 6830, 2122, 6397, 2109, 4727, 4113, 5839, 3564, 2193, 4395, 3904, 2977, 2710, 3150, 2910, 3733, 3593, 9729, 3202, 4292, 5395, 7063, 6859, 6987, 2380, 2872, 3570, 5621, 1824, 2238, 2106, 1850, 2263, 4643, 6538, 6007, 3170, 3000, 1948, 6161, 2076, 2733, 3341, 1193, 5978, 3194, 2310, 6703, 3562, 7335, 3478, 2479, 3881, 3954, 5302, 7296, 4382, 5470]}, "prepare_train_sample": {"time": 0.605149507522583}, "train_eval_model": {"train_config": {"model_name": "one_block_2048_dim", "lr": 0.008, "n_epochs": 12, "milestones": [3, 7]}, "train_intermediate": [{"epoch": 0, "loss": 60.88444056758923, "eval_loss": 50.914815321946755, "train_recall": 0.6302313131313131, "val_recall": 0.7121, "lr": 0.008}, {"epoch": 1, "loss": 58.98634878986503, "eval_loss": 50.58739005602323, "train_recall": 0.6522404040404041, "val_recall": 0.7238, "lr": 0.008}, {"epoch": 2, "loss": 58.69693955438926, "eval_loss": 50.53124059774937, "train_recall": 0.6560131313131313, "val_recall": 0.7161, "lr": 0.008}, {"epoch": 3, "loss": 57.271089872885575, "eval_loss": 49.48936024078956, "train_recall": 0.6833272727272727, "val_recall": 0.7365, "lr": 0.0008}, {"epoch": 4, "loss": 57.10146649101068, "eval_loss": 49.564642569957634, "train_recall": 0.6857383838383838, "val_recall": 0.7292, "lr": 0.0008}, {"epoch": 5, "loss": 57.03948111669292, "eval_loss": 49.429312822146294, "train_recall": 0.6860686868686868, "val_recall": 0.7343, "lr": 0.0008}, {"epoch": 6, "loss": 56.99629838248471, "eval_loss": 49.349386734840195, "train_recall": 0.687479797979798, "val_recall": 0.7358, "lr": 0.0008}, {"epoch": 7, "loss": 56.860953715367216, "eval_loss": 49.35713101656009, "train_recall": 0.6892343434343434, "val_recall": 0.7459, "lr": 8e-05}, {"epoch": 8, "loss": 56.85177509147441, "eval_loss": 49.37438164001856, "train_recall": 0.6897434343434343, "val_recall": 0.7411, "lr": 8e-05}, {"epoch": 9, "loss": 56.83816809925045, "eval_loss": 49.32395060857137, "train_recall": 0.6896979797979798, "val_recall": 0.7428, "lr": 8e-05}, {"epoch": 10, "loss": 56.84655384046828, "eval_loss": 49.36722270036355, "train_recall": 0.6904141414141414, "val_recall": 0.743, "lr": 8e-05}, {"epoch": 11, "loss": 56.827809095914446, "eval_loss": 49.27241284419329, "train_recall": 0.6903979797979798, "val_recall": 0.7391, "lr": 8e-05}], "train_total": {"correct": 683494, "final_recall": 0.6903979797979798}, "training_time": 2327.2979996204376, "eval_time": 0.02222895622253418}}, {"ins_id": 2, "dataset_partition": {"count_label_time": 180.20627784729004, "total_time": 180.37904953956604,