{"total_time_consume": 9875.477377653122, "preprocess": {"total_time": 0.21168136596679688}, "classifier": [{"ins_id": 0, "dataset_partition": {"bulid_graph_time": 70.40517973899841, "save_graph_time": 39.28372550010681, "graph_partition_time": 66.07456398010254, "total_time": 175.9168758392334, "cluster_number_distribution": [4023, 4024, 4023, 3887, 3871, 3881, 3910, 3996, 4020, 4024, 3738, 4024, 3638, 4019, 4024, 3755, 3955, 4013, 4022, 3754, 2208, 3916, 3743, 3878, 3834, 3785, 4022, 4007, 4003, 4024, 3972, 4021, 3971, 3944, 4023, 3911, 3941, 3605, 4023, 3952, 4024, 3992, 3919, 4011, 4023, 3868, 3975, 3977, 4019, 3750, 3868, 4005, 4024, 4024, 3958, 3958, 4024, 4022, 3847, 4024, 3940, 3961, 3790, 3945, 3960, 4021, 524, 3952, 4022, 4024, 3954, 3959, 4023, 4022, 3436, 4023, 3783, 3899, 4022, 3910, 3885, 4016, 4000, 4024, 3888, 3996, 4024, 4009, 4023, 4024, 3754, 4023, 4012, 4023, 3919, 4004, 4024, 3776, 3229, 3812, 4023, 4024, 4021, 4024, 4024, 3982, 3936, 3972, 4024, 4023, 4022, 579, 3955, 3970, 4022, 4024, 4024, 4024, 3756, 3740, 4024, 4024, 4024, 2977, 3973, 3921, 4024, 4024, 3794, 4018, 4024, 3746, 3949, 4024, 3972, 4022, 4023, 4019, 4022, 3742, 3991, 3812, 3776, 4024, 3904, 3826, 4024, 4024, 4023, 4024, 3992, 4024, 3941, 4023, 4024, 3898, 3908, 3790, 3742, 3957, 3746, 3787, 4023, 4024, 3919, 4024, 3865, 3853, 3806, 4023, 4022, 4021, 4024, 3964, 3955, 4024, 4024, 4024, 4024, 4022, 4023, 4024, 3892, 3853, 4024, 3837, 3832, 3950, 4021, 4024, 4010, 4016, 4024, 4012, 3746, 4024, 3970, 4022, 4024, 4024, 3762, 4022, 4021, 3682, 4024, 3922, 4024, 4023, 4022, 4023, 4011, 4024, 3958, 3944, 4019, 3828, 4024, 3856, 4024, 3745, 3738, 4022, 4024, 3908, 3993, 4024, 3882, 3750, 3920, 4010, 3922, 4021, 3892, 4024, 3900, 3906, 4005, 4023, 3952, 3827, 4023, 4024, 3933, 3766, 4024, 4022, 3738, 4023, 3895, 4024, 3754, 3742, 3318, 4024, 4024, 3866]}, "prepare_train_sample": {"time": 0.6958613395690918}, "train_eval_model": {"train_config": {"model_name": "one_block_2048_dim", "lr": 0.008, "n_epochs": 12, "milestones": [3, 7]}, "train_intermediate": [{"epoch": 0, "loss": 57.64099936339328, "eval_loss": 52.380451899308426, "train_recall": 0.639289898989899, "val_recall": 0.6989, "lr": 0.008}, {"epoch": 1, "loss": 55.21752662743772, "eval_loss": 52.082702881250626, "train_recall": 0.6689585858585858, "val_recall": 0.7004, "lr": 0.008}, {"epoch": 2, "loss": 54.861683679520205, "eval_loss": 51.701440896743385, "train_recall": 0.6739828282828283, "val_recall": 0.7115, "lr": 0.008}, {"epoch": 3, "loss": 52.94943002284712, "eval_loss": 50.33224678039551, "train_recall": 0.7070737373737374, "val_recall": 0.737, "lr": 0.0008}, {"epoch": 4, "loss": 52.649181049318685, "eval_loss": 50.08787542734391, "train_recall": 0.712010101010101, "val_recall": 0.7407, "lr": 0.0008}, {"epoch": 5, "loss": 52.529377153557334, "eval_loss": 50.011809508005776, "train_recall": 0.7147878787878787, "val_recall": 0.7404, "lr": 0.0008}, {"epoch": 6, "loss": 52.458408309350084, "eval_loss": 50.029046413226006, "train_recall": 0.7164676767676768, "val_recall": 0.7424, "lr": 0.0008}, {"epoch": 7, "loss": 52.28422053831213, "eval_loss": 49.91070812176435, "train_recall": 0.7195222222222222, "val_recall": 0.7455, "lr": 8e-05}, {"epoch": 8, "loss": 52.26513681893559, "eval_loss": 49.828770576379235, "train_recall": 0.719440404040404, "val_recall": 0.7466, "lr": 8e-05}, {"epoch": 9, "loss": 52.26043193708753, "eval_loss": 49.86298284775172, "train_recall": 0.7204464646464647, "val_recall": 0.7435, "lr": 8e-05}, {"epoch": 10, "loss": 52.250293301847044, "eval_loss": 49.89922188489865, "train_recall": 0.7205171717171717, "val_recall": 0.7475, "lr": 8e-05}, {"epoch": 11, "loss": 52.24509500462295, "eval_loss": 49.89024701485267, "train_recall": 0.7196787878787879, "val_recall": 0.7452, "lr": 8e-05}], "train_total": {"correct": 712482, "final_recall": 0.7196787878787879}, "training_time": 2128.960468530655, "eval_time": 0.015657424926757812}}, {"ins_id": 1, "dataset_partition": {"bulid_graph_time": 65.28776597976685, "save_graph_time": 43.3374400138855, "graph_partition_time": 51.432199239730835, "total_time": 160.21535897254944, "cluster_number_distribution": [3973, 3846, 4024, 4024, 4022, 4024, 4024, 4024, 3962, 4021, 4024, 3998, 4007, 3965, 4023, 0, 3910, 3813, 4019, 4023, 4007, 4023, 3970, 3936, 4023, 4006, 2008, 4019, 3916, 4020, 3985, 4024, 3998, 3914, 3828, 4024, 4024, 3912, 4007, 3999, 3939, 3785, 3877, 0, 3741, 3916, 3977, 4022, 3773, 3948, 4023, 4023, 4023, 3956, 4013, 3883, 3741, 4024, 3947, 3993, 3741, 4022, 3983, 4019, 4022, 4023, 3953, 3942, 3910, 4024, 3948, 4024, 513, 3965, 4024, 4004, 4024, 4024, 3944, 4010, 4024, 3808, 4021, 3955, 4008, 3737, 3922, 3899, 3989, 4004, 3985, 4024, 4023, 3952, 3904, 3893, 4023, 4022, 4024, 4023, 3996, 3973, 3969, 3995, 3998, 4023, 3994, 4023, 3964, 4023, 3862, 3838, 3935, 4024, 4023, 4023, 4014, 3943, 3913, 3975, 3996, 4005, 4024, 4021, 4008, 3966, 3952, 4020, 3751, 4023, 3922, 3901, 4023, 4018, 4015, 4023, 3838, 4023, 3899, 4019, 4024, 4015, 3948, 4005, 4024, 4017, 3987, 4024, 4012, 4021, 3996, 4024, 4020, 4024, 3820, 3994, 3978, 4024, 4023, 3986, 4002, 3986, 4011, 4015, 3945, 4023, 3949, 4009, 3863, 3946, 4023, 3912, 3895, 3845, 4024, 4024, 3764, 4017, 4020, 4024, 4024, 4023, 4023, 3978, 3946, 3916, 3973, 4024, 4024, 4024, 4005, 4006, 3929, 3992, 4022, 4019, 4024, 4016, 4023, 3946, 4009, 3861, 3998, 4023, 3979, 3889, 3952, 3957, 4024, 3884, 3893, 4024, 4012, 4024, 4023, 4024, 4024, 3855, 4024, 4024, 4023, 4005, 4024, 3270, 4023, 4024, 3957, 3998, 3907, 4024, 3918, 3850, 4023, 3774, 4024, 4020, 3855, 3912, 4024, 4016, 3946, 4020, 4013, 1087, 3861, 4024, 3989, 4024, 3981, 4023, 4024, 4024, 4010, 3385, 3975, 3953]}, "prepare_train_sample": {"time": 0.7162666320800781}, "train_eval_model": {"train_config": {"model_name": "one_block_2048_dim", "lr": 0.008, "n_epochs": 12, "milestones": [3, 7]}, "train_intermediate": [{"epoch": 0, "loss": 65.96708159356241, "eval_loss": 60.78398763216459, "train_recall": 0.5592020202020203, "val_recall": 0.6185, "lr": 0.008}, {"epoch": 1, "loss": 63.81052294870876, "eval_loss": 60.482171498812164, "train_recall": 0.5829686868686869, "val_recall": 0.6211, "lr": 0.008}, {"epoch": 2, "loss": 63.48478637718987, "eval_loss": 60.050713930374535, "train_recall": 0.5877707070707071, "val_recall": 0.6286, "lr": 0.008}, {"epoch": 3, "loss": 61.643429043552175, "eval_loss": 58.66010186611078, "train_recall": 0.6164969696969697, "val_recall": 0.6532, "lr": 0.0008}, {"epoch": 4, "loss": 61.376593950358355, "eval_loss": 58.65601990773128, "train_recall": 0.6205686868686868, "val_recall": 0.6587, "lr": 0.0008}, {"epoch": 5, "loss": 61.26037468826832, "eval_loss": 58.536452953632065, "train_recall": 0.6222858585858586, "val_recall": 0.6558, "lr": 0.0008}, {"epoch": 6, "loss": 61.1788204089662, "eval_loss": 58.37474906138885, "train_recall": 0.6238535353535354, "val_recall": 0.6617, "lr": 0.0008}, {"epoch": 7, "loss": 61.013581938798616, "eval_loss": 58.342678180107704, "train_recall": 0.6260868686868687, "val_recall": 0.6592, "lr": 8e-05}, {"epoch": 8, "loss": 60.99977375813137, "eval_loss": 58.31659807303013, "train_recall": 0.6274434343434343, "val_recall": 0.6594, "lr": 8e-05}, {"epoch": 9, "loss": 60.98457941583723, "eval_loss": 58.32976509974553, "train_recall": 0.6271060606060606, "val_recall": 0.6631, "lr": 8e-05}, {"epoch": 10, "loss": 60.98519108689016, "eval_loss": 58.36523322570018, "train_recall": 0.6270626262626262, "val_recall": 0.6592, "lr": 8e-05}, {"epoch": 11, "loss": 60.96932445861144, "eval_loss": 58.23048814137777, "train_recall": 0.6272989898989899, "val_recall": 0.6616, "lr": 8e-05}], "train_total": {"correct": 621026, "final_recall": 0.6272989898989899}, "training_time": 2152.159497499466, "eval_time": 0.018361806869506836}}, {"ins_id": 2, "dataset_partition": {"bulid_graph_time": 78.29356741905212, "save_graph_time": 54.34703469276428, "graph_partition_time": 48.323996782302856, "total_time": 181.13475942611694,