{"total_time_consume": 22949.05596113205, "preprocess": {"total_time": 0.2451016902923584}, "classifier": [{"ins_id": 0, "dataset_partition": {"bulid_graph_time": 2169.932965993881, "save_graph_time": 34.14500141143799, "graph_partition_time": 157.15504097938538, "total_time": 2361.393476963043, "cluster_number_distribution": [3954, 3949, 4031, 3963, 3751, 805, 4031, 4031, 4031, 3993, 3928, 4029, 4031, 4029, 4030, 4018, 4031, 4031, 4027, 3837, 3799, 4031, 3944, 4030, 4024, 4031, 3830, 4030, 4030, 4031, 4031, 4031, 3949, 3665, 4030, 4010, 4014, 4031, 4030, 3980, 4029, 3968, 4024, 4030, 3947, 3987, 4031, 3935, 4031, 3922, 3910, 3774, 3957, 4029, 3909, 4030, 3837, 3957, 4029, 3915, 3882, 4029, 3955, 3938, 3949, 3997, 3905, 3909, 4031, 4031, 3893, 4025, 4030, 4031, 4031, 4029, 3746, 4030, 4031, 3954, 4031, 3989, 3931, 3978, 3889, 3919, 3923, 2977, 4031, 3949, 3966, 4030, 3930, 4031, 4010, 4031, 3889, 3993, 3919, 3746, 4028, 4031, 3915, 4029, 4031, 3926, 4031, 4031, 4031, 3837, 0, 4029, 4029, 4031, 3964, 3706, 0, 3790, 3815, 3920, 4028, 4029, 4031, 4028, 3957, 4031, 3925, 3922, 4030, 4031, 3803, 3977, 3941, 4024, 3940, 4030, 4031, 4031, 4030, 4031, 3998, 3913, 4031, 3858, 3793, 4030, 3958, 4026, 4030, 3750, 3943, 4031, 4020, 3909, 4029, 3938, 4031, 4031, 4030, 4030, 3990, 4031, 3748, 3965, 3926, 3940, 4025, 3956, 4024, 3735, 4030, 3885, 4027, 3823, 4009, 3944, 4030, 4031, 3970, 3746, 3746, 4031, 4031, 4031, 4031, 4031, 4031, 4031, 4031, 3858, 4030, 4029, 4030, 3988, 4031, 3748, 3976, 4031, 4031, 3973, 4021, 4031, 4003, 3872, 4029, 4031, 3992, 3954, 4031, 3927, 3547, 4031, 3745, 4031, 4030, 4031, 4031, 3980, 3983, 3936, 3982, 3982, 3982, 3977, 3981, 3959, 3981, 3420, 3981, 3982, 3982, 3982, 3978, 3982, 307, 3981, 3982, 3979, 3983, 3961, 3981, 3880, 3980, 3982, 3956, 3963, 3969, 3982, 3982, 3983, 3983, 3980, 3982, 3975, 3983, 3982]}, "prepare_train_sample": {"time": 0.5835654735565186}, "train_eval_model": {"train_intermediate": [{"epoch": 0, "loss": 94.32062528544692, "eval_loss": 85.34988226034703, "train_recall": 0.3761020202020202, "val_recall": 0.4686, "lr": 0.008}, {"epoch": 1, "loss": 92.09462487653289, "eval_loss": 84.54580311897473, "train_recall": 0.4023878787878788, "val_recall": 0.4912, "lr": 0.008}, {"epoch": 2, "loss": 91.45442755690804, "eval_loss": 83.95307099513518, "train_recall": 0.41047575757575755, "val_recall": 0.4909, "lr": 0.008}, {"epoch": 3, "loss": 89.44239126236826, "eval_loss": 82.8568314161056, "train_recall": 0.43746060606060605, "val_recall": 0.5168, "lr": 0.0008}, {"epoch": 4, "loss": 89.19715550544093, "eval_loss": 82.47676256375435, "train_recall": 0.441320202020202, "val_recall": 0.5181, "lr": 0.0008}, {"epoch": 5, "loss": 89.10985151126219, "eval_loss": 82.9885184948261, "train_recall": 0.4421272727272727, "val_recall": 0.5243, "lr": 0.0008}, {"epoch": 6, "loss": 88.99715173964657, "eval_loss": 82.56728162520972, "train_recall": 0.44325050505050506, "val_recall": 0.5215, "lr": 0.0008}, {"epoch": 7, "loss": 88.78908623282517, "eval_loss": 82.27545490020361, "train_recall": 0.44697777777777775, "val_recall": 0.5179, "lr": 8e-05}, {"epoch": 8, "loss": 88.80803181107284, "eval_loss": 82.79222452946199, "train_recall": 0.4462969696969697, "val_recall": 0.5267, "lr": 8e-05}, {"epoch": 9, "loss": 88.76600615801067, "eval_loss": 82.43080812845474, "train_recall": 0.44744343434343437, "val_recall": 0.5154, "lr": 8e-05}, {"epoch": 10, "loss": 88.74905565175959, "eval_loss": 82.81236932216547, "train_recall": 0.4468171717171717, "val_recall": 0.5306, "lr": 8e-05}, {"epoch": 11, "loss": 88.74229543902746, "eval_loss": 82.49831759623991, "train_recall": 0.44697878787878786, "val_recall": 0.5072, "lr": 8e-05}], "train_total": {"correct": 442509, "final_recall": 0.44697878787878786}, "training_time": 2804.3158898353577, "eval_time": 0.010686397552490234}}, {"ins_id": 1, "dataset_partition": {"bulid_graph_time": 1995.9464905261993, "save_graph_time": 36.575066328048706, "graph_partition_time": 106.46099424362183, "total_time": 2139.1458451747894, "cluster_number_distribution": [4009, 4012, 4012, 4010, 1024, 4012, 4011, 4009, 4009, 4013, 4010, 4009, 4010, 4009, 4011, 4009, 4014, 4010, 4009, 4011, 4010, 4010, 4016, 4009, 4012, 4010, 4013, 4011, 1591, 4014, 4009, 4009, 4013, 4009, 4013, 4010, 4011, 4012, 4013, 4009, 4009, 4009, 4009, 4011, 4009, 4014, 4013, 4009, 4011, 4015, 4013, 4010, 4010, 4012, 4009, 4009, 4009, 4014, 4011, 4014, 4009, 4009, 4009, 4012, 4009, 4012, 4009, 4012, 4011, 4011, 1881, 4009, 4014, 1088, 4010, 4014, 4011, 4009, 4012, 4011, 4010, 4014, 4009, 4009, 4009, 4011, 4012, 4010, 989, 4011, 4011, 4011, 4012, 4012, 4009, 4009, 4012, 4012, 4011, 4010, 4009, 4010, 4011, 4009, 4010, 4009, 4012, 4013, 4010, 4010, 4009, 4009, 4012, 4009, 4010, 4016, 2204, 4009, 4010, 4013, 4012, 4009, 4013, 4013, 4015, 4019, 4013, 4017, 4012, 4037, 4027, 3874, 4027, 4025, 4033, 4027, 3988, 4022, 3653, 4006, 4037, 4037, 4037, 4024, 4021, 4036, 4010, 4002, 3769, 4021, 3892, 4007, 4035, 3770, 1874, 4025, 4034, 3877, 4035, 4030, 4036, 4034, 4032, 3977, 4035, 4037, 4029, 0, 4036, 4008, 4036, 4032, 4033, 4036, 3989, 4034, 4014, 4029, 4035, 4036, 4025, 4018, 3995, 4023, 4037, 4004, 3994, 4021, 4024, 4011, 2103, 4032, 4037, 4030, 3973, 4036, 4030, 4036, 604, 4035, 4033, 4028, 4029, 4037, 4033, 4020, 4037, 4022, 4037, 4035, 4033, 4027, 4003, 4020, 4036, 4036, 4028, 4005, 3995, 4037, 4025, 4024, 4032, 3782, 3998, 4035, 4037, 4037, 4010, 4023, 4019, 4037, 4014, 4032, 4037, 3885, 4037, 4022, 4034, 4037, 4036, 4036, 4001, 4034, 4029, 4037, 4011, 4036, 4030, 4037, 4009, 4037, 4034, 4031, 4031, 3896]}, "prepare_train_sample": {"time": 0.8432903289794922}, "train_eval_model": {"train_intermediate": [{"epoch": 0, "loss": 96.27853238806487, "eval_loss": 87.69564587030655, "train_recall": 0.36146262626262626, "val_recall": 0.4364, "lr": 0.008}, {"epoch": 1, "loss": 94.21226273991155, "eval_loss": 87.06633156996507, "train_recall": 0.38572222222222224, "val_recall": 0.4543, "lr": 0.008}, {"epoch": 2, "loss": 93.5025156143622, "eval_loss": 87.05371906818488, "train_recall": 0.394, "val_recall": 0.4424, "lr": 0.008}, {"epoch": 3, "loss": 91.64868171485482, "eval_loss": 85.19983043426123, "train_recall": 0.41943535353535355, "val_recall": 0.4812, "lr": 0.0008}, {"epoch": 4, "loss": 91.40987091873336, "eval_loss": 85.68798082302779, "train_recall": 0.4225141414141414, "val_recall": 0.482, "lr": 0.0008}, {"epoch": 5, "loss": 91.26879953195187, "eval_loss": 85.98577726804294, "train_recall": 0.4239868686868687, "val_recall": 0.4739, "lr": 0.0008}, {"epoch": 6, "loss": 91.22319656856907, "eval_loss": 85.40661229842749, "train_recall": 0.42465858585858585, "val_recall": 0.4839, "lr": 0.0008}, {"epoch": 7, "loss": 91.02628711917826, "eval_loss": 85.10766545320169, "train_recall": 0.4271030303030303, "val_recall": 0.4746, "lr": 8e-05}, {"epoch": 8, "loss": 90.9853057696099, "eval_loss": 85.32016581755418, "train_recall": 0.427630303030303, "val_recall": 0.4799, "lr": 8e-05}, {"epoch": 9, "loss": 90.98956608250542, "eval_loss": 85.2146861736591, "train_recall": 0.4272151515151515, "val_recall": 0.4806, "lr": 8e-05}, {"epoch": 10, "loss": 90.974948667149, "eval_loss": 85.16106213056125, "train_recall": 0.4285686868686869, "val_recall": 0.4889, "lr": 8e-05}, {"epoch": 11, "loss": 90.98629517707364, "eval_loss": 85.13355607252855, "train_recall": 0.42866464646464647, "val_recall": 0.4806, "lr": 8e-05}], "train_total": {"correct": 424378, "final_recall": 0.42866464646464647}, "training_time": 2863.3692219257355, "eval_time": 0.007584333419799805}}, {"ins_id": 2, "dataset_partition": {"bulid_graph_time": 3714.4063453674316, "save_graph_time": 36.28287410736084, "graph_partition_time": 175.13286876678467, "total_time": 3925.982990026474,