{"total_time_consume": 28386.485895633698, "preprocess": {"total_time": 0.07556962966918945}, "classifier": [{"ins_id": 0, "dataset_partition": {"bulid_graph_time": 162.89625215530396, "save_graph_time": 113.52412366867065, "graph_partition_time": 221.41037797927856, "total_time": 498.4084701538086, "cluster_number_distribution": [3922, 3871, 3934, 3787, 3486, 4017, 4024, 4024, 3921, 3090, 3716, 3996, 3735, 4024, 3953, 3104, 4023, 4022, 4024, 4022, 3832, 3983, 3725, 3990, 3738, 4024, 2779, 3853, 4023, 4019, 3993, 3855, 4024, 4024, 4023, 3962, 3936, 3992, 3904, 4024, 3998, 3999, 4016, 4022, 3930, 4015, 4014, 3846, 4001, 3845, 3946, 3755, 3903, 4016, 3850, 3579, 4024, 3897, 4023, 4024, 3963, 4000, 4024, 3932, 4022, 4024, 4024, 4023, 3982, 3777, 3773, 4024, 4022, 4020, 3859, 4023, 4024, 2987, 4024, 3953, 3504, 3862, 3921, 4024, 4024, 3831, 3951, 3946, 4008, 4024, 4024, 3831, 3730, 3913, 3971, 3821, 4023, 3896, 3789, 4020, 3558, 4024, 3076, 4021, 3949, 3270, 4024, 4023, 4024, 4024, 2384, 4024, 4011, 4023, 4023, 4024, 4022, 3773, 4023, 4023, 4024, 3932, 4015, 4023, 4023, 4024, 4022, 4024, 3920, 3582, 4023, 4023, 4023, 3854, 3334, 4024, 3939, 4024, 3890, 4023, 3871, 4024, 4024, 3965, 2689, 4024, 4024, 4024, 4021, 4008, 4021, 3952, 4023, 4020, 4022, 3719, 3834, 3938, 3843, 4017, 3745, 3975, 3994, 3949, 4023, 3892, 4024, 4022, 3998, 4014, 3781, 4024, 3976, 3951, 3754, 4024, 4024, 3883, 3808, 4024, 4023, 4024, 4023, 3958, 4023, 3966, 3783, 3918, 4022, 4023, 3413, 3860, 4022, 4024, 4024, 3735, 3949, 4024, 4022, 4022, 4024, 3767, 4017, 4024, 4018, 4022, 4023, 4023, 4024, 3883, 3745, 4023, 4008, 4023, 4023, 3979, 4023, 1934, 3732, 4022, 3981, 3986, 3960, 4024, 3847, 3807, 4023, 4023, 3790, 3898, 4024, 3946, 4024, 3769, 4022, 4021, 3849, 3989, 3998, 3801, 4024, 4024, 3898, 3887, 4024, 4024, 4021, 4023, 4016, 4024, 3741, 3972, 4010, 3746, 4022, 3856]}, "prepare_train_sample": {"time": 1.459197759628296}, "train_eval_model": {"train_intermediate": [{"epoch": 0, "loss": 55.23821465506768, "eval_loss": 51.219506153693565, "train_recall": 0.6695969696969697, "val_recall": 0.7209, "lr": 0.008}, {"epoch": 1, "loss": 52.944714006711926, "eval_loss": 50.708721564366265, "train_recall": 0.7008656565656566, "val_recall": 0.7329, "lr": 0.008}, {"epoch": 2, "loss": 52.59110839970261, "eval_loss": 50.639429667057136, "train_recall": 0.7063989898989899, "val_recall": 0.7266, "lr": 0.008}, {"epoch": 3, "loss": 50.85412807441788, "eval_loss": 49.23754182228675, "train_recall": 0.7409111111111111, "val_recall": 0.7637, "lr": 0.0008}, {"epoch": 4, "loss": 50.5874164093133, "eval_loss": 49.114005137712525, "train_recall": 0.7470040404040404, "val_recall": 0.7706, "lr": 0.0008}, {"epoch": 5, "loss": 50.47555122051195, "eval_loss": 49.07379588102683, "train_recall": 0.7490828282828282, "val_recall": 0.7682, "lr": 0.0008}, {"epoch": 6, "loss": 50.40287281116156, "eval_loss": 48.99108714323778, "train_recall": 0.7507525252525252, "val_recall": 0.7733, "lr": 0.0008}, {"epoch": 7, "loss": 50.25845679209683, "eval_loss": 48.96887736442761, "train_recall": 0.754489898989899, "val_recall": 0.7731, "lr": 8e-05}, {"epoch": 8, "loss": 50.242131747799334, "eval_loss": 48.93144711469993, "train_recall": 0.754670707070707, "val_recall": 0.7744, "lr": 8e-05}, {"epoch": 9, "loss": 50.23162895317557, "eval_loss": 48.92466224768223, "train_recall": 0.7547060606060606, "val_recall": 0.7707, "lr": 8e-05}, {"epoch": 10, "loss": 50.22576548523981, "eval_loss": 48.93507387699225, "train_recall": 0.754810101010101, "val_recall": 0.7696, "lr": 8e-05}, {"epoch": 11, "loss": 50.219697413857745, "eval_loss": 48.910410196353226, "train_recall": 0.7546979797979798, "val_recall": 0.7701, "lr": 8e-05}], "train_total": {"correct": 747151, "final_recall": 0.7546979797979798}, "training_time": 27411.980306863785, "eval_time": 0.0718834400177002}}], "integrate": {"time": 137.7504825592041}, "count_recall": {"time": 314.1697578430176}}