{"total_time_consume": 32310.4855260849, "preprocess": {"total_time": 0.030155181884765625}, "classifier": [{"ins_id": 0, "dataset_partition": {"bulid_graph_time": 74.7797064781189, "save_graph_time": 45.14735007286072, "graph_partition_time": 71.27869486808777, "total_time": 191.40086221694946, "cluster_number_distribution": [3968, 4024, 4023, 4001, 4023, 3773, 3956, 4024, 3986, 677, 4023, 3995, 3884, 3884, 4024, 4024, 4024, 3862, 3724, 3815, 4024, 4024, 4022, 3895, 4024, 4022, 4023, 4022, 3942, 3954, 4023, 4024, 4023, 3725, 3790, 3984, 4023, 4023, 3905, 3922, 3929, 3998, 3955, 3906, 4024, 4014, 4008, 3886, 2142, 4024, 4024, 4022, 3946, 4014, 3974, 3950, 3966, 3772, 4024, 3986, 3286, 4008, 3956, 4024, 3901, 4024, 3589, 4024, 3875, 3948, 4018, 4024, 3945, 4023, 4023, 3190, 4016, 3760, 3852, 3961, 4024, 3998, 3797, 3997, 3946, 4022, 3921, 3892, 4015, 3875, 4000, 4023, 3710, 3987, 4024, 3955, 4024, 4024, 3770, 4024, 3974, 4024, 4024, 3903, 3816, 3996, 3993, 4023, 4023, 3882, 4024, 4024, 4023, 4023, 3723, 3892, 3731, 4022, 3929, 4017, 4023, 3852, 4024, 4023, 4023, 4017, 3731, 3875, 3726, 3944, 3932, 3787, 4024, 4017, 3979, 3930, 3907, 4023, 2459, 4024, 4007, 4023, 4023, 4023, 4023, 4018, 3882, 4024, 4002, 4024, 3790, 3962, 4024, 4017, 4020, 3748, 3756, 4023, 3578, 4023, 3903, 3976, 4023, 3725, 3967, 3973, 3973, 3938, 4024, 4024, 4024, 2851, 3951, 4024, 4020, 4018, 3954, 4024, 3910, 3993, 4023, 4024, 4017, 4011, 4023, 4003, 4024, 3894, 4020, 3800, 4022, 4023, 3945, 4023, 4023, 3908, 4023, 4024, 4000, 3773, 4013, 3724, 4024, 3785, 4023, 4024, 3887, 3946, 3764, 4024, 4024, 3935, 4023, 4024, 3779, 4023, 3977, 3992, 4016, 3810, 3788, 3970, 4023, 4024, 3931, 3742, 4024, 4024, 3809, 3943, 3910, 4024, 3857, 4020, 4020, 4023, 3830, 4022, 3772, 4023, 4004, 3800, 3949, 3890, 3807, 3733, 4024, 4022, 4022, 4023, 2515, 4024, 2100, 4024, 4024, 4022]}, "prepare_train_sample": {"time": 0.5113298892974854}, "train_eval_model": {"train_intermediate": [{"epoch": 0, "loss": 56.37289360812853, "eval_loss": 51.856894089625435, "train_recall": 0.6506444444444445, "val_recall": 0.7004, "lr": 0.008}, {"epoch": 1, "loss": 53.856755442936375, "eval_loss": 51.468263943990074, "train_recall": 0.686270707070707, "val_recall": 0.7124, "lr": 0.008}, {"epoch": 2, "loss": 53.37430747541694, "eval_loss": 51.23204615177252, "train_recall": 0.6949151515151515, "val_recall": 0.7199, "lr": 0.008}, {"epoch": 3, "loss": 51.964951409617555, "eval_loss": 50.08795395875588, "train_recall": 0.7203555555555555, "val_recall": 0.748, "lr": 0.0008}, {"epoch": 4, "loss": 51.78614225214021, "eval_loss": 49.994442829718956, "train_recall": 0.7244353535353535, "val_recall": 0.7438, "lr": 0.0008}, {"epoch": 5, "loss": 51.71322956671522, "eval_loss": 49.964600391877006, "train_recall": 0.7256979797979798, "val_recall": 0.7484, "lr": 0.0008}, {"epoch": 6, "loss": 51.6669581183582, "eval_loss": 49.9327901448959, "train_recall": 0.727020202020202, "val_recall": 0.7501, "lr": 0.0008}, {"epoch": 7, "loss": 51.55346720933136, "eval_loss": 49.86946337039654, "train_recall": 0.7292959595959596, "val_recall": 0.751, "lr": 8e-05}, {"epoch": 8, "loss": 51.53482650415034, "eval_loss": 49.857315552540314, "train_recall": 0.7299171717171717, "val_recall": 0.7515, "lr": 8e-05}, {"epoch": 9, "loss": 51.53517284085664, "eval_loss": 49.88342905044556, "train_recall": 0.7297717171717172, "val_recall": 0.7513, "lr": 8e-05}, {"epoch": 10, "loss": 51.52001927545307, "eval_loss": 49.85903001442934, "train_recall": 0.7300060606060607, "val_recall": 0.7531, "lr": 8e-05}, {"epoch": 11, "loss": 51.51576293194137, "eval_loss": 49.913413304548996, "train_recall": 0.730110101010101, "val_recall": 0.7452, "lr": 8e-05}], "train_total": {"correct": 722809, "final_recall": 0.730110101010101}, "training_time": 31185.56604576111, "eval_time": 0.036347389221191406}}], "integrate": {"time": 212.1934278011322}, "count_recall": {"time": 699.0400977134705}}