{"total_time_consume": 4846.775683641434, "preprocess": {"total_time": 0.0313715934753418}, "classifier": [{"ins_id": 0, "dataset_partition": {"bulid_graph_time": 1192.348554134369, "save_graph_time": 31.297239065170288, "graph_partition_time": 84.37116289138794, "total_time": 1308.2068939208984, "cluster_number_distribution": [4006, 4003, 4010, 3344, 4009, 4023, 3956, 3933, 4022, 3987, 3866, 4019, 4023, 3897, 4019, 3950, 4019, 4011, 4018, 4016, 4022, 4019, 2170, 4010, 4000, 3851, 4024, 4024, 4024, 4000, 3637, 3993, 4009, 4012, 4020, 4018, 3804, 4022, 3989, 4019, 4022, 3970, 3972, 4014, 1237, 4018, 3919, 4018, 4021, 3390, 3929, 4012, 4004, 4020, 4018, 4012, 4012, 4016, 4015, 4018, 4022, 4023, 4002, 4013, 4019, 4021, 3991, 3992, 3862, 4023, 4021, 4014, 4022, 4024, 3974, 3957, 3900, 4023, 4003, 3963, 4023, 4023, 4023, 3986, 3902, 4023, 4022, 4005, 4009, 4023, 2959, 4008, 4013, 0, 4011, 4023, 4018, 4022, 4022, 3948, 4023, 4021, 3956, 4015, 4017, 4013, 4022, 4010, 3408, 4019, 4015, 4003, 4022, 4003, 4005, 3987, 4005, 4023, 3944, 4020, 4021, 4018, 4019, 3993, 4007, 4020, 4015, 4009, 4022, 4009, 4019, 4022, 4019, 4023, 4016, 4022, 4022, 4016, 4015, 4019, 4023, 4021, 4010, 4000, 4023, 4020, 4010, 3879, 4012, 4021, 3830, 4016, 3101, 4022, 3847, 4022, 4017, 4006, 4005, 4018, 3984, 1699, 4019, 4003, 4013, 4020, 4021, 4022, 4012, 3944, 4013, 4001, 3961, 3989, 4020, 3976, 3882, 3994, 4021, 4023, 4019, 3943, 4005, 4000, 3973, 4024, 4012, 4022, 4023, 4000, 3326, 4022, 4024, 2759, 2755, 4024, 4023, 3969, 4018, 4014, 3975, 3878, 4016, 4022, 4020, 4020, 4016, 4021, 4018, 4021, 3919, 4009, 4022, 4017, 4012, 4018, 4021, 3863, 4024, 3944, 3942, 3995, 3968, 3952, 4019, 3994, 3995, 3971, 4017, 4005, 4007, 3974, 4022, 4023, 4021, 4005, 3989, 3981, 4019, 1450, 4023, 1066, 3925, 4015, 4022, 4013, 4020, 4022, 4010, 3927, 4016, 3987, 3999, 4022, 4006, 4023]}, "prepare_train_sample": {"time": 0.5331721305847168}, "train_eval_model": {"train_intermediate": [{"epoch": 0, "loss": 64.1312436539921, "eval_loss": 52.91502365699181, "train_recall": 0.5946505050505051, "val_recall": 0.675, "lr": 0.008}, {"epoch": 1, "loss": 61.67595449437089, "eval_loss": 52.362763331486626, "train_recall": 0.6333585858585858, "val_recall": 0.6862, "lr": 0.008}, {"epoch": 2, "loss": 61.16721678903771, "eval_loss": 51.90008865258633, "train_recall": 0.6434767676767676, "val_recall": 0.6974, "lr": 0.008}, {"epoch": 3, "loss": 59.705676559101505, "eval_loss": 50.90952003919161, "train_recall": 0.674519191919192, "val_recall": 0.7173, "lr": 0.0008}, {"epoch": 4, "loss": 59.53769631766046, "eval_loss": 50.86599360368191, "train_recall": 0.6787383838383838, "val_recall": 0.7212, "lr": 0.0008}, {"epoch": 5, "loss": 59.461911366305465, "eval_loss": 50.785192978687775, "train_recall": 0.6806606060606061, "val_recall": 0.7215, "lr": 0.0008}, {"epoch": 6, "loss": 59.411889367942514, "eval_loss": 50.79480838164305, "train_recall": 0.6811919191919192, "val_recall": 0.7195, "lr": 0.0008}, {"epoch": 7, "loss": 59.277991837065244, "eval_loss": 50.69438121869014, "train_recall": 0.6845777777777777, "val_recall": 0.7236, "lr": 8e-05}, {"epoch": 8, "loss": 59.25228459946721, "eval_loss": 50.65978658504975, "train_recall": 0.6854676767676767, "val_recall": 0.7221, "lr": 8e-05}, {"epoch": 9, "loss": 59.251593497087924, "eval_loss": 50.67309318444668, "train_recall": 0.6856747474747474, "val_recall": 0.7237, "lr": 8e-05}, {"epoch": 10, "loss": 59.23878512431983, "eval_loss": 50.646900091415795, "train_recall": 0.6859515151515152, "val_recall": 0.7214, "lr": 8e-05}, {"epoch": 11, "loss": 59.23708579019056, "eval_loss": 50.66275960359818, "train_recall": 0.6860939393939394, "val_recall": 0.721, "lr": 8e-05}], "train_total": {"correct": 679233, "final_recall": 0.6860939393939394}, "training_time": 3310.653849363327, "eval_time": 0.011059761047363281}}], "integrate": {"time": 68.80841612815857}, "count_recall": {"time": 149.0217010974884}}