{"total_time_consume": 13615.26399564743, "preprocess": {"total_time": 0.24180221557617188}, "classifier": [{"ins_id": 0, "dataset_partition": {"bulid_graph_time": 77.7480583190918, "save_graph_time": 46.526036977767944, "graph_partition_time": 167.0455241203308, "total_time": 291.47590231895447, "cluster_number_distribution": [4024, 3875, 4024, 4023, 4024, 4024, 4024, 3788, 4024, 3960, 4019, 4014, 3934, 4024, 2014, 4023, 3962, 4024, 4022, 3849, 4022, 3897, 3921, 4023, 4023, 3740, 4002, 4021, 3975, 4023, 4024, 4018, 4024, 4019, 3914, 3978, 4024, 4024, 3949, 4024, 4003, 3828, 4024, 3676, 4021, 3741, 4024, 3950, 3844, 4024, 4023, 3858, 4024, 4024, 4024, 4024, 4024, 3883, 3894, 4024, 4024, 4024, 4024, 3889, 3966, 3977, 3971, 4013, 3964, 3905, 3858, 4023, 3891, 3897, 4023, 4020, 4024, 3848, 3973, 3806, 4024, 3916, 4021, 4024, 4024, 4024, 3785, 3980, 4002, 3956, 3997, 4018, 4024, 3920, 4019, 4023, 3923, 4023, 3929, 4024, 4023, 3953, 3980, 4009, 4024, 4024, 4024, 3868, 4024, 4024, 4024, 3965, 4000, 3906, 3924, 4023, 4024, 4014, 4021, 4009, 3919, 3930, 4013, 3957, 4023, 3919, 3948, 4023, 0, 4022, 4013, 4024, 4022, 3956, 3888, 4024, 3955, 3871, 4015, 4019, 3974, 4024, 4019, 3971, 3969, 3996, 3862, 4023, 3887, 4011, 3854, 0, 4023, 3941, 4015, 3912, 4000, 3902, 4023, 3908, 3993, 4023, 3941, 3914, 4023, 4024, 4024, 4017, 4024, 3932, 4023, 4023, 4024, 4023, 4024, 4022, 3991, 4023, 4022, 4024, 4023, 3981, 3847, 3855, 4022, 4024, 3743, 4024, 3911, 4024, 3942, 3914, 3959, 3972, 4024, 4023, 4024, 4023, 3935, 4024, 4024, 3969, 3923, 4023, 3998, 3928, 0, 3854, 3922, 3915, 4015, 4023, 3773, 4024, 3904, 4017, 4022, 3947, 4019, 3919, 3940, 4021, 4024, 0, 4024, 4024, 4024, 4024, 4013, 3949, 3871, 3941, 4024, 4024, 3978, 4022, 4024, 3944, 3995, 3948, 3884, 4023, 3971, 4022, 4023, 4023, 4023, 4023, 4024, 4024, 3923, 4002, 3903, 4023, 4012, 3905]}, "prepare_train_sample": {"time": 0.6978662014007568}, "train_eval_model": {"train_intermediate": [{"epoch": 0, "loss": 123.76409755117018, "eval_loss": 120.70854135660025, "train_recall": 0.1766919191919192, "val_recall": 0.1817, "lr": 0.004}, {"epoch": 1, "loss": 123.05188827176792, "eval_loss": 118.49207535768167, "train_recall": 0.18355959595959595, "val_recall": 0.2301, "lr": 0.004}, {"epoch": 2, "loss": 117.72995584023485, "eval_loss": 110.93549882448636, "train_recall": 0.24046060606060607, "val_recall": 0.3205, "lr": 0.00084}, {"epoch": 3, "loss": 117.43805303233594, "eval_loss": 112.36254599155524, "train_recall": 0.24295050505050506, "val_recall": 0.3081, "lr": 0.00084}, {"epoch": 4, "loss": 117.33168953070872, "eval_loss": 111.6680852938921, "train_recall": 0.2431888888888889, "val_recall": 0.3157, "lr": 0.00084}, {"epoch": 5, "loss": 117.36284554737951, "eval_loss": 111.52435026413355, "train_recall": 0.24395555555555556, "val_recall": 0.3369, "lr": 0.00084}, {"epoch": 6, "loss": 115.3304032525715, "eval_loss": 109.12347695766351, "train_recall": 0.26723636363636366, "val_recall": 0.3751, "lr": 0.0001764}, {"epoch": 7, "loss": 114.77990721941079, "eval_loss": 106.77408665877122, "train_recall": 0.271530303030303, "val_recall": 0.3739, "lr": 0.0001764}, {"epoch": 8, "loss": 114.51736536657016, "eval_loss": 107.07367241688264, "train_recall": 0.27344141414141415, "val_recall": 0.3916, "lr": 0.0001764}, {"epoch": 9, "loss": 114.26520291275502, "eval_loss": 108.00665131593362, "train_recall": 0.27675252525252525, "val_recall": 0.3742, "lr": 0.0001764}, {"epoch": 10, "loss": 114.03591503504965, "eval_loss": 107.4336239252335, "train_recall": 0.2790242424242424, "val_recall": 0.3978, "lr": 0.0001764}, {"epoch": 11, "loss": 113.91977288121339, "eval_loss": 107.42890101212721, "train_recall": 0.28057272727272725, "val_recall": 0.3677, "lr": 0.0001764}], "train_total": {"correct": 277767, "final_recall": 0.28057272727272725}, "training_time": 3036.051609277725, "eval_time": 0.00913095474243164}}, {"ins_id": 1, "dataset_partition": {"bulid_graph_time": 83.07144498825073, "save_graph_time": 50.89836835861206, "graph_partition_time": 76.62325811386108, "total_time": 210.7465693950653, "cluster_number_distribution": [4014, 4024, 4020, 3994, 4024, 4023, 3940, 3971, 3994, 4024, 3988, 4014, 4021, 3973, 3996, 4006, 4007, 4013, 3902, 3879, 3976, 4023, 3952, 4008, 3962, 4016, 3945, 4024, 4024, 4024, 4023, 3977, 3942, 3999, 4024, 3975, 4015, 3962, 4018, 4019, 3974, 4024, 4016, 3960, 4023, 4018, 3952, 4023, 3988, 4013, 3927, 4024, 3904, 4003, 4023, 3994, 4024, 4008, 4021, 3984, 4022, 4023, 4023, 4023, 4012, 4023, 4023, 4011, 3929, 4022, 4018, 4023, 4006, 4024, 4024, 3958, 4004, 4018, 4023, 3995, 3989, 4018, 3959, 4003, 4021, 4024, 4022, 4017, 4024, 3955, 4012, 3956, 4024, 4023, 3947, 4009, 4022, 4022, 4023, 3893, 4024, 3997, 4024, 4018, 4022, 3905, 4019, 4023, 4023, 4021, 3952, 3988, 3972, 3950, 4003, 3979, 4015, 4023, 4024, 4024, 3999, 3953, 3997, 3985, 4024, 3944, 4001, 3950, 4015, 3986, 3967, 4023, 4018, 3987, 4023, 4024, 4021, 4021, 3958, 4024, 4012, 4003, 3977, 3973, 3956, 4014, 4022, 3997, 4024, 4023, 4023, 4024, 0, 4023, 4014, 3990, 4024, 3962, 0, 4022, 4010, 3999, 4020, 4013, 4018, 4024, 4024, 3913, 4001, 3942, 4024, 4024, 4024, 4019, 4019, 3999, 4021, 4002, 4024, 3964, 3999, 3973, 4024, 3974, 3938, 3999, 4024, 4018, 3990, 4013, 4019, 4012, 4021, 0, 0, 4024, 4009, 3962, 4024, 4023, 4023, 4023, 4023, 4013, 3978, 4016, 4008, 3997, 4024, 4024, 4024, 4018, 3998, 3927, 3931, 4022, 4019, 3993, 4006, 4024, 3954, 4023, 4012, 3952, 4009, 3955, 4002, 4015, 4007, 4009, 3988, 4024, 4024, 4023, 4022, 4018, 4008, 4024, 3989, 4024, 3959, 4023, 4023, 4022, 3946, 0, 3992, 3995, 0, 4015, 3959, 4021, 3889, 4024, 4023, 3992]}, "prepare_train_sample": {"time": 0.8088634014129639}, "train_eval_model": {"train_intermediate": [{"epoch": 0, "loss": 127.0045625350207, "eval_loss": 124.97754877041548, "train_recall": 0.15208383838383838, "val_recall": 0.1368, "lr": 0.004}, {"epoch": 1, "loss": 126.52273980879994, "eval_loss": 122.85000510093494, "train_recall": 0.15570303030303032, "val_recall": 0.1799, "lr": 0.004}, {"epoch": 2, "loss": 121.73422564887451, "eval_loss": 115.16916402180989, "train_recall": 0.20223333333333332, "val_recall": 0.2619, "lr": 0.00084}, {"epoch": 3, "loss": 121.47159861645925, "eval_loss": 115.51988234886757, "train_recall": 0.20435555555555557, "val_recall": 0.2675, "lr": 0.00084}, {"epoch": 4, "loss": 121.32435271705819, "eval_loss": 116.55225276947021, "train_recall": 0.20573636363636363, "val_recall": 0.2962, "lr": 0.00084}, {"epoch": 5, "loss": 121.14552775171312, "eval_loss": 116.15168740199162, "train_recall": 0.20714343434343435, "val_recall": 0.2778, "lr": 0.00084}, {"epoch": 6, "loss": 119.34674679791028, "eval_loss": 111.86882014152332, "train_recall": 0.224489898989899, "val_recall": 0.3198, "lr": 0.0001764}, {"epoch": 7, "loss": 118.74276635617304, "eval_loss": 112.30160727867714, "train_recall": 0.22929393939393938, "val_recall": 0.2928, "lr": 0.0001764}, {"epoch": 8, "loss": 118.40723498721397, "eval_loss": 112.71070135556735, "train_recall": 0.23218787878787878, "val_recall": 0.3181, "lr": 0.0001764}, {"epoch": 9, "loss": 118.2508084060773, "eval_loss": 111.64286787081987, "train_recall": 0.2336070707070707, "val_recall": 0.3276, "lr": 0.0001764}, {"epoch": 10, "loss": 118.17266071000343, "eval_loss": 111.07259319990109, "train_recall": 0.23381212121212122, "val_recall": 0.3214, "lr": 0.0001764}, {"epoch": 11, "loss": 118.09319235086556, "eval_loss": 111.51827362256172, "train_recall": 0.23524242424242425, "val_recall": 0.3116, "lr": 0.0001764}], "train_total": {"correct": 232890, "final_recall": 0.23524242424242425}, "training_time": 3022.2928121089935, "eval_time": 0.006252288818359375}}, {"ins_id": 2, "dataset_partition": {"bulid_graph_time": 87.22767519950867, "save_graph_time": 52.77172660827637, "graph_partition_time": 84.96200823783875, "total_time": 225.11341285705566,