{"total_time_consume": 10803.13862156868, "preprocess": {"total_time": 0.2509491443634033}, "classifier": [{"ins_id": 0, "dataset_partition": {"bulid_graph_time": 77.5901267528534, "save_graph_time": 47.647257804870605, "graph_partition_time": 152.27140927314758, "total_time": 277.67684412002563, "cluster_number_distribution": [4024, 4024, 4006, 3926, 3985, 4024, 4024, 4017, 4024, 4023, 3980, 4022, 3946, 4021, 4013, 4024, 3919, 4024, 4019, 3842, 3819, 4023, 3970, 4022, 4019, 4022, 3937, 4023, 4024, 3748, 4024, 4024, 3898, 4024, 3990, 3840, 4024, 4023, 4023, 4024, 4023, 3976, 3812, 4019, 4022, 3894, 4023, 3874, 4024, 4024, 3836, 3943, 3953, 3987, 3993, 4023, 4023, 4023, 3922, 0, 4006, 4001, 4024, 3887, 3982, 4024, 3905, 4023, 3943, 4024, 3909, 4024, 4023, 3955, 3997, 4013, 4020, 3990, 4017, 3967, 3971, 4023, 4024, 3924, 4023, 3965, 4023, 4024, 3880, 4024, 4024, 4024, 3966, 4024, 4024, 4024, 4011, 4023, 4023, 4024, 4022, 4024, 4015, 3885, 4023, 3924, 3966, 4022, 672, 4001, 4016, 4023, 3976, 3967, 4022, 3990, 3984, 3973, 4022, 4023, 3983, 4020, 3904, 0, 4024, 1558, 4023, 3878, 3940, 4023, 4020, 3832, 3971, 4021, 4023, 4014, 3373, 3773, 3900, 4023, 4009, 4024, 3875, 4001, 4023, 3937, 4024, 3998, 3909, 3960, 4007, 4024, 4018, 3747, 3940, 3755, 3858, 4006, 4015, 3939, 3983, 4024, 4024, 3972, 0, 3920, 4024, 3999, 4023, 4006, 3907, 4024, 3943, 3745, 4024, 4020, 4022, 3909, 4017, 4009, 4024, 3924, 3959, 4024, 4023, 3932, 4023, 3986, 3902, 3987, 3888, 4023, 4023, 3931, 3905, 4017, 4022, 3958, 3993, 3972, 4009, 3821, 3885, 4023, 3858, 3838, 4024, 4020, 4023, 3949, 3921, 4024, 4024, 4024, 4024, 3854, 4024, 4021, 4008, 4013, 3982, 4024, 3964, 3786, 3999, 4016, 3809, 4024, 4020, 3762, 4004, 3934, 4024, 4024, 4023, 4023, 4022, 4023, 4022, 3958, 4024, 4020, 4022, 4021, 3891, 3972, 4020, 4024, 4022, 4023, 3809, 4024, 3982, 3949, 3866, 3904]}, "prepare_train_sample": {"time": 0.5395748615264893}, "train_eval_model": {"train_config": {"model_name": "one_block_2048_dim", "lr": 2e-05, "n_epochs": 12, "milestones": [3, 7]}, "train_intermediate": [{"epoch": 0, "loss": 97.22291261043068, "eval_loss": 85.50188180727837, "train_recall": 0.3781969696969697, "val_recall": 0.4943, "lr": 2e-05}, {"epoch": 1, "loss": 92.12057573785994, "eval_loss": 84.08721082638472, "train_recall": 0.42732828282828283, "val_recall": 0.5181, "lr": 2e-05}, {"epoch": 2, "loss": 90.84952276730293, "eval_loss": 83.0970263603406, "train_recall": 0.4427010101010101, "val_recall": 0.5371, "lr": 2e-05}, {"epoch": 3, "loss": 90.16270163914896, "eval_loss": 82.64747071877504, "train_recall": 0.452479797979798, "val_recall": 0.5459, "lr": 2.0000000000000003e-06}, {"epoch": 4, "loss": 90.08229658779918, "eval_loss": 82.63261379339757, "train_recall": 0.45355555555555555, "val_recall": 0.5586, "lr": 2.0000000000000003e-06}, {"epoch": 5, "loss": 89.99155162595865, "eval_loss": 82.53011200978206, "train_recall": 0.4539888888888889, "val_recall": 0.5521, "lr": 2.0000000000000003e-06}, {"epoch": 6, "loss": 89.926432391955, "eval_loss": 82.42024710239508, "train_recall": 0.45482222222222224, "val_recall": 0.546, "lr": 2.0000000000000003e-06}, {"epoch": 7, "loss": 89.8672984333743, "eval_loss": 82.7561522263747, "train_recall": 0.45576666666666665, "val_recall": 0.5646, "lr": 2.0000000000000004e-07}, {"epoch": 8, "loss": 89.84578287593379, "eval_loss": 82.40768408164, "train_recall": 0.4564858585858586, "val_recall": 0.5484, "lr": 2.0000000000000004e-07}, {"epoch": 9, "loss": 89.81918795383072, "eval_loss": 82.54700430845602, "train_recall": 0.45645555555555556, "val_recall": 0.5576, "lr": 2.0000000000000004e-07}, {"epoch": 10, "loss": 89.83804741267046, "eval_loss": 82.61610512855725, "train_recall": 0.4564020202020202, "val_recall": 0.5606, "lr": 2.0000000000000004e-07}, {"epoch": 11, "loss": 89.85177298665228, "eval_loss": 82.63416043306009, "train_recall": 0.4556272727272727, "val_recall": 0.5688, "lr": 2.0000000000000004e-07}], "train_total": {"correct": 451071, "final_recall": 0.4556272727272727}, "training_time": 2486.3142914772034, "eval_time": 0.012137413024902344}}, {"ins_id": 1, "dataset_partition": {"bulid_graph_time": 84.34391736984253, "save_graph_time": 49.4735062122345, "graph_partition_time": 77.09768962860107, "total_time": 211.0774552822113, "cluster_number_distribution": [3938, 4024, 3930, 4024, 4022, 4021, 4023, 4024, 4022, 3853, 4019, 3987, 3743, 3998, 3844, 3955, 4013, 0, 4010, 4018, 4017, 4002, 4024, 4024, 4023, 4024, 4005, 4023, 3992, 4012, 3988, 3994, 3926, 3909, 3859, 4022, 3976, 3903, 4023, 3937, 3891, 4024, 3849, 3946, 3990, 4024, 4024, 3893, 3952, 3918, 3932, 4024, 3895, 3991, 4018, 4023, 4023, 3987, 4018, 4020, 3757, 4023, 3985, 3956, 4023, 4023, 3981, 4024, 3939, 4022, 4021, 4022, 4022, 4023, 3979, 4021, 4004, 3991, 4019, 3942, 3977, 4024, 3951, 3943, 3947, 2882, 3950, 4003, 4005, 4019, 4018, 4023, 3914, 3807, 4024, 3990, 4006, 3963, 4020, 3999, 3934, 4017, 3841, 3744, 3946, 4004, 3928, 3969, 4024, 4018, 4024, 4023, 4024, 4023, 4024, 4023, 3939, 4023, 4019, 4017, 3950, 4001, 4005, 4017, 3841, 3916, 3893, 4024, 3875, 4021, 4024, 4024, 3896, 3992, 4002, 4023, 4022, 4024, 4023, 3825, 4024, 3985, 3999, 4024, 3977, 3919, 4023, 3934, 4014, 3971, 4019, 3928, 3321, 4019, 4023, 3904, 4013, 3954, 4023, 4023, 4017, 4013, 4023, 4005, 3995, 0, 4003, 3990, 4024, 3978, 4024, 4017, 3741, 4000, 3962, 4023, 4023, 3789, 3992, 4015, 3740, 3973, 3966, 4023, 1447, 4024, 3997, 4023, 3890, 3989, 3924, 3975, 4024, 4017, 3938, 4012, 3948, 3948, 4023, 3917, 4015, 4022, 0, 3942, 4024, 4023, 3766, 3927, 3936, 4023, 4022, 2277, 4023, 4024, 3993, 3913, 3998, 3983, 3969, 3991, 4023, 4003, 3960, 3984, 4011, 4024, 4000, 4024, 3999, 3974, 4011, 4023, 4023, 4023, 4021, 4024, 4022, 3991, 4023, 4023, 3994, 3740, 3920, 3929, 3924, 3856, 4018, 4022, 3562, 3873, 3965, 3961, 4004, 4024, 4023, 3802]}, "prepare_train_sample": {"time": 0.5995640754699707}, "train_eval_model": {"train_config": {"model_name": "one_block_2048_dim", "lr": 2e-05, "n_epochs": 12, "milestones": [3, 7]}, "train_intermediate": [{"epoch": 0, "loss": 102.15293885189803, "eval_loss": 91.12443481347499, "train_recall": 0.3257838383838384, "val_recall": 0.431, "lr": 2e-05}, {"epoch": 1, "loss": 97.32604394645085, "eval_loss": 89.60515606709016, "train_recall": 0.3676707070707071, "val_recall": 0.4437, "lr": 2e-05}, {"epoch": 2, "loss": 96.08172441206278, "eval_loss": 88.70499593783647, "train_recall": 0.3807474747474747, "val_recall": 0.4613, "lr": 2e-05}, {"epoch": 3, "loss": 95.42408605880681, "eval_loss": 88.31357581798846, "train_recall": 0.38896565656565657, "val_recall": 0.4675, "lr": 2.0000000000000003e-06}, {"epoch": 4, "loss": 95.27087566611122, "eval_loss": 88.38459105369373, "train_recall": 0.3908151515151515, "val_recall": 0.4594, "lr": 2.0000000000000003e-06}, {"epoch": 5, "loss": 95.22573207232902, "eval_loss": 88.08666109427428, "train_recall": 0.39155454545454543, "val_recall": 0.4596, "lr": 2.0000000000000003e-06}, {"epoch": 6, "loss": 95.1799227278685, "eval_loss": 88.54698389004439, "train_recall": 0.39207474747474746, "val_recall": 0.45, "lr": 2.0000000000000003e-06}, {"epoch": 7, "loss": 95.09689866643757, "eval_loss": 88.55615422664545, "train_recall": 0.3936171717171717, "val_recall": 0.454, "lr": 2.0000000000000004e-07}, {"epoch": 8, "loss": 95.09445357335794, "eval_loss": 88.11249395517203, "train_recall": 0.3936919191919192, "val_recall": 0.4635, "lr": 2.0000000000000004e-07}, {"epoch": 9, "loss": 95.08499180822461, "eval_loss": 88.29799544505583, "train_recall": 0.3934, "val_recall": 0.4631, "lr": 2.0000000000000004e-07}, {"epoch": 10, "loss": 95.08504026771597, "eval_loss": 88.28394752893692, "train_recall": 0.39366464646464644, "val_recall": 0.4639, "lr": 2.0000000000000004e-07}, {"epoch": 11, "loss": 95.08148341794342, "eval_loss": 89.05442585089268, "train_recall": 0.3939808080808081, "val_recall": 0.4376, "lr": 2.0000000000000004e-07}], "train_total": {"correct": 390041, "final_recall": 0.3939808080808081},