{"total_time_consume": 6911.061180114746, "preprocess": {"kmeans_time": 6286.989137411118, "random_projection": 1.953749418258667, "total_time": 6289.045450925827}, "classifier": [{"ins_id": 1, "dataset_partition": {"time": 130.3713936805725, "cluster_number_distribution": [5956, 8204, 3653, 3508, 1160, 6237, 3505, 2513, 2187, 3267, 2939, 3235, 3366, 2436, 5283, 3285, 3407, 5037, 2761, 4093, 5527, 5690, 4634, 3681, 4853, 4531, 9172, 4166, 3945, 3168, 3350, 3332, 5698, 2519, 7041, 3522, 4083, 3474, 6315, 3283, 2529, 1367, 4974, 4773, 10621, 4765, 4210, 960, 3479, 3839, 4961, 5461, 1615, 1858, 3666, 5205, 3445, 5617, 1525, 1867, 4071, 5225, 8118, 4074, 8564, 3681, 6267, 1109, 1163, 2883, 4120, 2147, 3934, 4240, 5553, 1931, 4830, 4280, 5597, 1833, 1643, 2088, 3589, 2235, 2656, 2338, 2875, 3498, 6266, 5525, 3566, 3723, 5683, 5700, 3725, 5366, 3059, 3970, 6314, 2282, 6260, 5334, 3017, 3140, 2746, 2414, 4309, 3231, 5486, 2403, 5968, 2433, 2304, 3747, 2479, 2280, 5563, 3349, 4425, 3314, 5297, 758, 2394, 3462, 4619, 4131, 3654, 8122, 1651, 4593, 4267, 2220, 2478, 3416, 4195, 1582, 2651, 4374, 4464, 4571, 3408, 7280, 3620, 2575, 5099, 2813, 3178, 1069, 3052, 2965, 3505, 4657, 3521, 1939, 2778, 5285, 975, 3574, 3974, 15491, 3691, 3321, 4742, 1774, 1059, 1918, 4500, 2044, 3344, 5181, 5349, 4483, 3195, 2529, 4786, 3958, 6414, 2396, 2137, 2384, 3612, 1797, 5161, 4542, 3110, 1831, 3352, 5013, 4662, 3479, 3475, 3897, 5205, 3064, 4977, 5583, 4107, 4888, 5332, 3575, 4491, 2353, 4044, 1076, 5328, 1065, 3118, 4454, 2004, 3859, 5774, 5448, 3389, 1324, 3276, 3865, 3249, 8021, 4462, 4213, 6369, 6512, 1654, 3519, 7757, 2311, 1536, 5246, 5289, 3301, 2998, 2021, 5127, 3038, 2318, 2734, 2907, 5703, 5297, 3312, 1402, 5022, 2419, 3853, 3277, 3530, 4311, 1342, 6591, 7143, 4345, 4877, 4705, 5090, 4213, 1918]}, "predict": {"time": 1.390465497970581}}, {"ins_id": 2, "dataset_partition": {"time": 122.82952380180359, "cluster_number_distribution": [7253, 2505, 4466, 5265, 3591, 2401, 4129, 3668, 4573, 5811, 2846, 3753, 6503, 3310, 3669, 2439, 4384, 2692, 2929, 2314, 3588, 3332, 2451, 3210, 5255, 3258, 6317, 2597, 3528, 4382, 4568, 2344, 2345, 3580, 2330, 2336, 2969, 4231, 4336, 4810, 3239, 2446, 4569, 3247, 2066, 2997, 2384, 4167, 4235, 17429, 5085, 1326, 1942, 2630, 4034, 4786, 3325, 2187, 5637, 3377, 5203, 1950, 6286, 4333, 7283, 2657, 3824, 3687, 2402, 2261, 3436, 3593, 3659, 2613, 4180, 2227, 5860, 6346, 3623, 3741, 3371, 3235, 3042, 5583, 5078, 5572, 2947, 4530, 2008, 2841, 4745, 2976, 6014, 2777, 6012, 3649, 4599, 4845, 3714, 4443, 4494, 2137, 4594, 2309, 2047, 5100, 4143, 4926, 3185, 4182, 4034, 3643, 8265, 3899, 2016, 3610, 5667, 3412, 2872, 5344, 3859, 4183, 8662, 2312, 1891, 2408, 4029, 4829, 2046, 7265, 9075, 2282, 3596, 3555, 3807, 6387, 3380, 3709, 2070, 2407, 3121, 2352, 3209, 3433, 4020, 4851, 2805, 3279, 2815, 6112, 2252, 1578, 4639, 2987, 4317, 3284, 5227, 5097, 2359, 1879, 4140, 2951, 3846, 1768, 2488, 3632, 2616, 4882, 2268, 5952, 4103, 3297, 4086, 3637, 1634, 2655, 3281, 1836, 4955, 3051, 2641, 3825, 5496, 2613, 3683, 2414, 3566, 5463, 6538, 3416, 4931, 2683, 3783, 2494, 1781, 4653, 2087, 2489, 2489, 4283, 2892, 4004, 1922, 3401, 3381, 1457, 3994, 6096, 2241, 3877, 8226, 7472, 5447, 2765, 2910, 4974, 3655, 2791, 6491, 6308, 3636, 4070, 9211, 1994, 1882, 2069, 3623, 3728, 1196, 3408, 4154, 3972, 5358, 5237, 4553, 5353, 4087, 4164, 4364, 3053, 8203, 3350, 4147, 6087, 1613, 3716, 4441, 4141, 2934, 5247, 3990, 1357, 8922, 5550, 6568, 4144]}, "predict": {"time": 1.35554838180542}}, {"ins_id": 3, "dataset_partition": {"time": 117.23660898208618, "cluster_number_distribution": [2996, 4386, 2499, 3560, 2755, 4647, 4004, 2272, 2597, 2878, 1902, 2347, 5987, 3553, 5442, 5035, 6853, 9860, 7339, 3774, 4213, 2755, 5023, 8263, 6308, 8787, 3866, 3692, 5221, 3490, 7749, 3623, 3668, 2674, 5525, 1970, 3620, 2457, 2918, 3806, 6407, 5044, 3039, 4995, 4678, 2449, 3074, 7452, 4299, 2096, 2450, 9353, 4956, 4264, 3671, 2642, 3210, 3384, 2300, 4458, 5082, 3563, 4432, 5858, 4411, 2290, 2961, 3961, 3893, 2696, 3332, 3343, 2977, 4410, 3938, 4755, 1935, 2447, 4938, 4201, 5087, 4015, 1995, 4431, 3326, 5469, 2758, 3741, 4734, 5740, 1531, 2526, 5152, 2970, 3546, 5188, 2735, 4437, 4129, 5794, 2027, 3952, 2697, 4725, 2116, 3817, 1270, 3414, 3014, 3127, 4541, 4803, 6788, 1486, 1795, 5451, 3677, 1744, 4315, 3152, 5862, 2084, 4903, 3026, 2390, 4161, 4454, 2686, 4913, 3289, 3523, 7219, 3399, 10115, 4019, 3791, 4156, 4176, 3417, 3571, 2974, 6430, 872, 3593, 3354, 2396, 3788, 5265, 2218, 2528, 2704, 6089, 7992, 3407, 2540, 3584, 2492, 2790, 3198, 3214, 3914, 2252, 3638, 4810, 3331, 2232, 3041, 2030, 3950, 9637, 1525, 4696, 6868, 3096, 3163, 2350, 3581, 2005, 3626, 1300, 3258, 6081, 2630, 5813, 3587, 8110, 2785, 4885, 2320, 5291, 3301, 3238, 3690, 1100, 2288, 3252, 3320, 1401, 7074, 3097, 3654, 3693, 3313, 2971, 2712, 2529, 5945, 4613, 2630, 3248, 4131, 5281, 2703, 3557, 1329, 3492, 3115, 4145, 3880, 8279, 2891, 1686, 2220, 2664, 5762, 2582, 3428, 5582, 4564, 2976, 10274, 3822, 5394, 5600, 3286, 3060, 5706, 2121, 3714, 4880, 5016, 5874, 2326, 5495, 5551, 4661, 2863, 3101, 2195, 2426, 4576, 1660, 2706, 1850, 3582, 3365]}, "predict": {"time": 1.358771800994873}}, {"ins_id": 4, "dataset_partition": {"time": 116.0384361743927, "cluster_number_distribution": [14946, 2831, 3320, 4059, 4091, 2423, 3831, 1859, 4233, 4617, 2354, 5269, 1928, 6895, 3255, 4770, 3511, 3254, 3759, 3809, 3633, 1957, 2244, 5966, 3072, 4801, 3035, 2290, 2982, 3812, 2101, 4624, 3210, 1180, 8457, 3020, 4422, 4633, 4138, 1570, 4976, 8073, 5476, 5198, 2448, 4573, 7401, 4048, 7924, 6260, 3366, 2782, 4376, 3358, 4536, 3800, 4981, 3709, 3653, 3146, 3262, 2516, 4771, 3704, 5861, 2985, 2941, 4464, 4559, 7933, 5480, 3590, 3421, 3332, 1465, 7038, 3022, 4336, 3638, 2410, 3925, 3034, 3113, 2064, 4979, 7791, 2894, 4823, 2490, 6664, 3009, 3603, 3936, 4224, 3412, 2976, 4665, 4069, 4402, 3480, 8093, 1691, 7360, 3501, 7691, 2603, 4742, 8932, 2085, 3105, 4959, 4812, 5063, 2657, 2716, 5316, 1950, 2779, 3241, 8121, 3953, 3455, 4766, 4084, 5030, 3759, 3177, 4484, 2311, 2391, 4843, 4224, 2900, 2588, 2680, 5141, 3693, 8662, 3770, 6914, 2596, 1325, 4963, 4847, 3521, 3847, 2749, 1727, 2435, 4316, 3082, 3044, 1889, 3447, 3690, 3727, 5200, 5876, 3131, 3384, 7741, 4592, 3323, 5764, 3491, 1734, 2733, 2586, 4352, 3261, 7979, 5147, 3236, 3731, 3138, 3687, 3418, 2376, 2444, 3927, 2999, 4291, 2448, 3341, 5231, 3648, 3875, 2606, 1629, 4931, 2171, 3882, 2446, 1862, 5054, 3488, 4053, 2599, 3429, 3673, 3203, 2729, 4405, 5323, 3492, 3670, 1996, 3645, 3638, 9101, 1734, 4394, 3160, 6666, 3160, 3464, 7499, 3272, 2484, 2916, 3151, 2297, 3871, 2099, 2384, 3849, 1955, 3689, 2770, 2866, 2676, 2264, 3276, 2835, 2596, 2068, 4593, 5468, 4811, 5035, 2796, 4163, 5044, 3372, 4125, 2841, 2256, 3347, 4300, 2144, 3349, 2787, 3167, 3998, 3229, 4698]}, "predict": {"time": 1.3604497909545898}}], "integrate": {"time": 59.855106830596924}, "count_recall": {"time": 69.5558249950409}}