{"total_time_consume": 2.1598217487335205, "preprocess": {"total_time": 0.02433633804321289}, "classifier": [{"ins_id": 1, "dataset_partition": {"time": 1.7811355590820312, "cluster_number_distribution": [778, 746, 683, 609, 524, 716, 535, 584, 765, 480, 547, 614, 600, 614, 603, 602]}, "predict": {"time": 0.060555219650268555}}], "integrate": {"time": 0.09697079658508301}, "count_recall": {"time": 0.17469000816345215}}