{"total_time_consume": 13777.476935386658, "preprocess": {"total_time": 0.2095019817352295}, "classifier": [{"ins_id": 0, "dataset_partition": {"bulid_graph_time": 829.6123743057251, "save_graph_time": 25.849344730377197, "graph_partition_time": 57.753934383392334, "total_time": 913.3851146697998, "cluster_number_distribution": [3817, 4004, 3784, 4014, 4020, 4022, 4021, 3957, 3888, 4007, 3870, 3881, 4022, 4017, 3926, 2827, 4002, 4023, 4023, 4023, 4023, 4024, 4023, 4023, 3926, 3983, 3989, 4008, 4021, 3901, 4023, 1553, 3743, 4017, 4021, 4023, 4022, 4024, 3909, 3867, 4023, 4005, 3817, 4017, 4023, 3775, 3996, 4022, 4021, 4021, 3989, 3996, 3952, 4020, 4018, 4020, 4005, 4003, 3968, 4023, 3978, 4002, 4023, 4020, 4018, 4014, 4023, 3985, 3357, 4023, 3948, 3981, 4023, 3708, 2470, 4023, 4020, 3979, 3981, 3975, 4021, 3975, 4019, 4015, 4023, 4021, 3997, 4022, 2832, 4015, 4023, 3870, 3934, 3879, 4022, 2870, 4003, 4017, 3799, 3989, 3873, 3986, 3986, 4024, 3531, 4001, 3991, 4000, 4012, 3015, 4012, 4022, 3775, 4008, 3771, 4018, 4023, 4015, 4016, 4021, 4023, 4014, 4022, 4023, 4021, 4020, 3872, 4023, 4020, 4015, 4023, 4006, 3999, 4021, 3991, 4018, 3071, 3906, 3044, 3845, 4023, 3867, 4013, 4024, 4019, 3976, 4015, 3739, 3993, 3736, 4023, 3979, 4024, 2576, 3778, 4005, 3998, 4023, 4024, 3949, 4009, 3997, 3815, 2562, 4022, 4011, 3900, 3921, 3851, 3922, 4020, 3887, 3977, 4023, 4007, 3945, 3980, 4020, 4004, 3995, 3890, 3960, 4006, 4023, 4015, 3766, 4017, 4019, 4009, 4009, 4023, 3915, 4023, 3863, 4023, 3963, 3231, 3886, 4023, 3900, 4023, 4020, 4019, 4024, 4023, 3973, 3840, 4017, 3937, 3314, 4023, 4015, 4023, 3934, 4024, 4007, 4015, 4018, 4023, 3103, 3996, 4020, 4020, 3975, 4023, 4019, 4023, 4023, 3945, 4023, 3876, 4000, 4016, 4018, 3878, 3943, 3847, 4002, 3974, 4023, 3970, 3263, 4023, 4005, 3996, 4022, 3860, 4012, 4023, 4019, 4021, 4024, 2507, 4021, 4023, 4017]}, "prepare_train_sample": {"time": 0.5726957321166992}, "train_eval_model": {"train_config": {"model_name": "one_block_2048_dim", "lr": 0.004, "n_epochs": 12, "milestones": [3, 7]}, "train_intermediate": [{"epoch": 0, "loss": 60.544234189165046, "eval_loss": 55.87950494961861, "train_recall": 0.5991737373737374, "val_recall": 0.6597, "lr": 0.004}, {"epoch": 1, "loss": 58.165125568716775, "eval_loss": 55.516729428217964, "train_recall": 0.6297656565656565, "val_recall": 0.6651, "lr": 0.004}, {"epoch": 2, "loss": 57.75897939008575, "eval_loss": 55.2061347594628, "train_recall": 0.6352969696969697, "val_recall": 0.6717, "lr": 0.004}, {"epoch": 3, "loss": 56.646129253651445, "eval_loss": 54.504164121089836, "train_recall": 0.6565777777777778, "val_recall": 0.6921, "lr": 0.0004}, {"epoch": 4, "loss": 56.47580670362515, "eval_loss": 54.313171814649536, "train_recall": 0.6593515151515151, "val_recall": 0.6934, "lr": 0.0004}, {"epoch": 5, "loss": 56.407385079157926, "eval_loss": 54.28305242000482, "train_recall": 0.6606919191919192, "val_recall": 0.6965, "lr": 0.0004}, {"epoch": 6, "loss": 56.36695954036469, "eval_loss": 54.3325077081338, "train_recall": 0.6615050505050505, "val_recall": 0.6928, "lr": 0.0004}, {"epoch": 7, "loss": 56.252413445408074, "eval_loss": 54.21911347218049, "train_recall": 0.6632868686868687, "val_recall": 0.6979, "lr": 4e-05}, {"epoch": 8, "loss": 56.23953174591434, "eval_loss": 54.16900122471345, "train_recall": 0.6630454545454545, "val_recall": 0.6934, "lr": 4e-05}, {"epoch": 9, "loss": 56.23789650232431, "eval_loss": 54.1983431547116, "train_recall": 0.6633959595959597, "val_recall": 0.695, "lr": 4e-05}, {"epoch": 10, "loss": 56.23740246727729, "eval_loss": 54.230658445602806, "train_recall": 0.6631676767676767, "val_recall": 0.6968, "lr": 4e-05}, {"epoch": 11, "loss": 56.22795839609016, "eval_loss": 54.21417412391076, "train_recall": 0.6642020202020202, "val_recall": 0.6937, "lr": 4e-05}], "train_total": {"correct": 657560, "final_recall": 0.6642020202020202}, "training_time": 2141.392606496811, "eval_time": 0.011863946914672852}}, {"ins_id": 1, "dataset_partition": {"bulid_graph_time": 1131.304194688797, "save_graph_time": 29.882107496261597, "graph_partition_time": 74.43448519706726, "total_time": 1235.792559146881, "cluster_number_distribution": [4017, 4021, 4017, 3997, 4017, 4012, 4022, 3935, 0, 4011, 4019, 4021, 4023, 3969, 4023, 4024, 3973, 4022, 4019, 3955, 3954, 4017, 4023, 4023, 3803, 4022, 3980, 4011, 4011, 4006, 3997, 4023, 4012, 4023, 4022, 3981, 4020, 2916, 3929, 4022, 3350, 4019, 4016, 3998, 4008, 3977, 4024, 3975, 3937, 3985, 3943, 4022, 4003, 4023, 3945, 4023, 4009, 4018, 4021, 4022, 4023, 4021, 4022, 3998, 3616, 3970, 4012, 4022, 4019, 4011, 4019, 4023, 3928, 3941, 4023, 4021, 4019, 4020, 4023, 3858, 4018, 4017, 4024, 4008, 2844, 4005, 4023, 4022, 4018, 4023, 3990, 4023, 4023, 2331, 4023, 4022, 4023, 3998, 4022, 4012, 4017, 4012, 4012, 4023, 3855, 3895, 4011, 3979, 4019, 3938, 4015, 4020, 4022, 3914, 3475, 3883, 4023, 2167, 3975, 3880, 4021, 4017, 4024, 4023, 4020, 3681, 3799, 4012, 4022, 3942, 4023, 4016, 4023, 3840, 4023, 4000, 3978, 3380, 4022, 3829, 3844, 4018, 3765, 3895, 4023, 4005, 4013, 4021, 4023, 3966, 4023, 4022, 4015, 4020, 4023, 3968, 3996, 4023, 4011, 4023, 4023, 4024, 3222, 3709, 3907, 3956, 4023, 4023, 4022, 4023, 4023, 4023, 4024, 2099, 3674, 4009, 4023, 3915, 4020, 4022, 4020, 4023, 4014, 3990, 3892, 4013, 4009, 3986, 4017, 4014, 4020, 3795, 4017, 4023, 4024, 4024, 3221, 4023, 3356, 4023, 3955, 4004, 4023, 2161, 4023, 4005, 4017, 3223, 4023, 4024, 4021, 3972, 3978, 3989, 4023, 4023, 3996, 4022, 4023, 3987, 4017, 3278, 4024, 3822, 3685, 3962, 4020, 3897, 3986, 4006, 4023, 4023, 3998, 4022, 4019, 3994, 4012, 4023, 3869, 4023, 4021, 4011, 4012, 1822, 3995, 3901, 4001, 3968, 4023, 4014, 4008, 4023, 3909, 4022, 4014, 3998]}, "prepare_train_sample": {"time": 0.8004682064056396}, "train_eval_model": {"train_config": {"model_name": "one_block_2048_dim", "lr": 0.004, "n_epochs": 12, "milestones": [3, 7]}, "train_intermediate": [{"epoch": 0, "loss": 60.56833078209491, "eval_loss": 56.08470701559996, "train_recall": 0.5984414141414142, "val_recall": 0.6511, "lr": 0.004}, {"epoch": 1, "loss": 58.238748594743306, "eval_loss": 55.58271146431947, "train_recall": 0.6286191919191919, "val_recall": 0.6718, "lr": 0.004}, {"epoch": 2, "loss": 57.8246331718453, "eval_loss": 55.36106522878011, "train_recall": 0.6343222222222222, "val_recall": 0.6694, "lr": 0.004}, {"epoch": 3, "loss": 56.71311382628229, "eval_loss": 54.60153084534865, "train_recall": 0.6550939393939393, "val_recall": 0.6897, "lr": 0.0004}, {"epoch": 4, "loss": 56.55801343598794, "eval_loss": 54.60879072776208, "train_recall": 0.658279797979798, "val_recall": 0.6874, "lr": 0.0004}, {"epoch": 5, "loss": 56.47476382689743, "eval_loss": 54.523405087299835, "train_recall": 0.6591131313131313, "val_recall": 0.6898, "lr": 0.0004}, {"epoch": 6, "loss": 56.42637921837724, "eval_loss": 54.43740350772173, "train_recall": 0.6601434343434344, "val_recall": 0.6936, "lr": 0.0004}, {"epoch": 7, "loss": 56.32289541700552, "eval_loss": 54.401448567708336, "train_recall": 0.6622363636363636, "val_recall": 0.6926, "lr": 4e-05}, {"epoch": 8, "loss": 56.3110869726059, "eval_loss": 54.39835099684886, "train_recall": 0.6624050505050505, "val_recall": 0.6913, "lr": 4e-05}, {"epoch": 9, "loss": 56.311410724089825, "eval_loss": 54.38697171822572, "train_recall": 0.662520202020202, "val_recall": 0.6943, "lr": 4e-05}, {"epoch": 10, "loss": 56.29982045541681, "eval_loss": 54.4182675190461, "train_recall": 0.6627222222222222, "val_recall": 0.6918, "lr": 4e-05}, {"epoch": 11, "loss": 56.296919314705704, "eval_loss": 54.338938431862076, "train_recall": 0.6628222222222222, "val_recall": 0.6906, "lr": 4e-05}], "train_total": {"correct": 656194, "final_recall": 0.6628222222222222}, "training_time": 2144.062876224518, "eval_time": 0.024911880493164062}}, {"ins_id": 2, "dataset_partition": {"bulid_graph_time": 1165.063756942749, "save_graph_time": 30.26884412765503, "graph_partition_time": 60.52239012718201, "total_time": 1256.014756679535,