{"total_time_consume": 5.640697240829468, "preprocess": {"total_time": 0.0329594612121582}, "classifier": [{"ins_id": 0, "dataset_partition": {"hashing_time": 0.0004134178161621094, "total_time": 0.001476287841796875, "cluster_number_distribution": [596, 619, 643, 614, 624, 575, 626, 609, 647, 638, 649, 647, 633, 603, 664, 613]}, "prepare_train_sample": {"time": 0.045886993408203125}, "train_eval_model": {"train_intermediate": [{"epoch": 0, "loss": 177.85674497542843, "eval_loss": 138.20449447631836, "train_recall": 0.08636363636363636, "val_recall": 0.05, "lr": 0.008}, {"epoch": 1, "loss": 174.9398674749559, "eval_loss": 137.06105041503906, "train_recall": 0.1111111111111111, "val_recall": 0.09, "lr": 0.008}], "train_total": {"correct": 1100, "final_recall": 0.1111111111111111}, "training_time": 4.117163896560669, "eval_time": 0.004027366638183594}}], "integrate": {"time": 0.6495006084442139}, "count_recall": {"time": 0.42913007736206055}}