{"total_time_consume": 5981.164027452469, "preprocess": {"kmeans_time": 5387.495486974716, "random_projection": 2.3883655071258545, "total_time": 5389.999677658081}, "classifier": [{"ins_id": 1, "dataset_partition": {"time": 117.85964035987854, "cluster_number_distribution": [5185, 3240, 3802, 3990, 1732, 8270, 1772, 10008, 3609, 4317, 7915, 4682, 1982, 4800, 3631, 3007, 2925, 3444, 3502, 3565, 2935, 5993, 4283, 3969, 3032, 4783, 3052, 2773, 3278, 2569, 2524, 3267, 5187, 3792, 3416, 1526, 4988, 3330, 3564, 3496, 2733, 3350, 3411, 4163, 3238, 3616, 2647, 4445, 2447, 6168, 3285, 5419, 4045, 4326, 5677, 7701, 7197, 4448, 3925, 2931, 2250, 5085, 2717, 2966, 3502, 3135, 5061, 4689, 3435, 6083, 3220, 8391, 2933, 3227, 930, 3182, 2677, 4051, 3615, 1715, 3628, 1760, 1685, 6189, 4179, 2911, 3560, 5500, 2875, 4545, 2537, 3092, 3185, 6419, 4681, 4900, 2876, 4930, 5230, 2450, 782, 3844, 6319, 4624, 1182, 6707, 4505, 2418, 3187, 5902, 5217, 4138, 1014, 4908, 11584, 3522, 5957, 3727, 2453, 3352, 3825, 2310, 3073, 4100, 2594, 2905, 4982, 2944, 2578, 2424, 4019, 2852, 3913, 2284, 3072, 4926, 3884, 1934, 5805, 2885, 2350, 2883, 3099, 2284, 1888, 3005, 3725, 2940, 2516, 2120, 2112, 3785, 5129, 3555, 3541, 4248, 3492, 2756, 3079, 1242, 3355, 2897, 2769, 4586, 3794, 2998, 4997, 4186, 4813, 5665, 4583, 4820, 634, 1421, 7279, 3839, 3776, 3032, 2772, 4042, 6756, 2757, 2651, 2531, 2851, 3680, 3726, 4591, 5938, 4383, 3631, 5397, 3801, 4851, 5500, 3191, 4426, 11565, 3108, 14270, 2312, 7120, 2850, 4664, 5973, 3229, 6465, 3007, 6676, 4171, 3603, 3701, 4390, 2582, 1944, 2682, 4458, 6231, 3376, 2608, 4266, 9343, 3765, 2897, 5072, 3806, 2065, 6708, 3880, 2613, 3006, 3032, 1848, 2330, 1200, 7928, 4073, 4405, 4311, 5041, 3739, 3298, 4144, 3205, 3267, 3223, 4440, 3922, 2812, 2411, 3355, 1882, 5911, 1293, 6872, 2030]}, "predict": {"time": 1.3518781661987305}}, {"ins_id": 2, "dataset_partition": {"time": 112.37936186790466, "cluster_number_distribution": [3772, 5772, 7402, 4463, 4720, 3476, 4154, 3907, 5981, 5136, 4065, 8002, 5422, 4612, 3504, 5784, 8254, 5582, 6501, 5068, 3140, 3413, 2101, 2539, 5874, 6846, 3394, 1418, 2577, 1624, 1993, 2516, 8465, 4262, 3399, 3343, 6316, 2887, 2916, 4718, 3655, 5901, 1023, 3608, 3379, 3166, 12929, 10694, 2390, 5165, 3040, 2290, 4425, 5501, 4309, 3797, 1860, 3872, 1686, 3884, 5421, 3359, 2107, 5022, 3908, 2852, 3185, 2458, 6088, 3093, 3875, 1944, 5001, 3954, 2492, 1895, 4923, 4234, 3793, 5207, 4368, 3054, 5969, 2149, 2603, 4243, 4913, 2068, 2940, 3234, 3891, 4089, 3314, 3269, 1724, 6332, 3886, 3839, 1989, 2812, 2706, 3135, 3449, 2830, 11767, 1973, 3853, 5148, 5852, 4521, 3458, 3672, 3316, 2143, 2439, 2871, 4488, 4875, 3358, 3613, 2812, 4963, 3689, 4797, 2789, 2808, 4188, 4893, 3139, 2340, 2373, 3078, 9055, 3571, 2710, 2572, 4057, 4746, 3802, 3659, 1213, 2986, 1913, 7492, 1785, 6616, 1297, 4826, 4582, 2639, 4600, 3822, 3050, 3170, 1705, 4744, 3506, 3178, 3397, 1909, 3104, 1828, 3195, 1670, 2135, 3488, 1786, 3464, 3720, 4772, 6400, 3618, 3981, 3623, 8574, 3200, 5788, 2079, 5006, 3106, 3278, 3165, 2971, 2433, 6093, 6362, 4571, 3641, 4921, 3882, 2042, 3548, 4213, 3794, 2501, 1831, 3441, 2583, 2757, 3138, 3060, 5316, 3838, 3023, 2703, 4432, 2331, 5915, 1809, 3298, 2844, 3766, 2729, 3201, 6191, 2167, 4338, 2476, 1141, 3427, 2933, 2954, 3351, 5816, 6608, 3136, 2929, 2426, 6396, 2547, 3105, 7645, 2954, 4580, 1959, 4780, 1854, 2969, 5354, 2349, 999, 4181, 3445, 3291, 2503, 4486, 12966, 1994, 5358, 3747, 8934, 3670, 3076, 4071, 6223, 5377]}, "predict": {"time": 1.3550705909729004}}, {"ins_id": 3, "dataset_partition": {"time": 110.04842281341553, "cluster_number_distribution": [3240, 4491, 3055, 7576, 3727, 3590, 4628, 3101, 2486, 5590, 6928, 4140, 4103, 5744, 4613, 3001, 4242, 5839, 2350, 5987, 3372, 1792, 4261, 888, 1807, 3473, 3954, 4578, 5712, 7418, 3841, 2963, 5149, 3036, 2179, 4665, 951, 7656, 4590, 5864, 2493, 728, 6789, 4351, 3276, 4455, 3603, 3006, 3231, 6505, 11625, 3760, 3840, 4144, 1643, 4648, 2145, 6682, 2021, 1434, 4958, 2037, 3414, 1953, 2534, 5482, 2081, 1835, 2198, 2846, 4629, 6584, 8079, 5179, 4210, 3729, 6799, 4298, 1767, 4359, 2842, 2796, 8208, 3717, 2093, 5731, 4718, 2960, 7230, 2713, 4665, 4417, 3272, 3930, 4706, 3254, 3907, 2475, 3100, 5607, 4503, 3823, 2262, 2511, 4383, 639, 2030, 2570, 4515, 1861, 5863, 5860, 1950, 6280, 2181, 3206, 5975, 2950, 2264, 5819, 2461, 3737, 5570, 7480, 4891, 2402, 3183, 6537, 4350, 1006, 3883, 3609, 3260, 5277, 2041, 2838, 4355, 3341, 7130, 4745, 3441, 2746, 2433, 1635, 1680, 5788, 4105, 2167, 2927, 5603, 2661, 1785, 4188, 1759, 2518, 3303, 2789, 1619, 4172, 2029, 2053, 1676, 3264, 7157, 4359, 3419, 2691, 6008, 3460, 2184, 3729, 3983, 3782, 2447, 2082, 2775, 5452, 5547, 2541, 3672, 1588, 4837, 6324, 4829, 2924, 6486, 1651, 5525, 6285, 2213, 6986, 3252, 3471, 7577, 1833, 3167, 2551, 3381, 2418, 3592, 4785, 3640, 4773, 1991, 3176, 3612, 5766, 2612, 5237, 5986, 4179, 5150, 4046, 2429, 3127, 3866, 4751, 3251, 4937, 3117, 5441, 1536, 1701, 7392, 6067, 4235, 2639, 5587, 2187, 7408, 2168, 2208, 3532, 3145, 3075, 2989, 1844, 1865, 9637, 2485, 3900, 5308, 3651, 3926, 6888, 6210, 2754, 3816, 3832, 3566, 2330, 2690, 5147, 6939, 2605, 4535]}, "predict": {"time": 1.3629508018493652}}, {"ins_id": 4, "dataset_partition": {"time": 109.95004320144653, "cluster_number_distribution": [3855, 4297, 3524, 4857, 3281, 3866, 5837, 4003, 1972, 3101, 3107, 2161, 2641, 2540, 2097, 2863, 2988, 2398, 3633, 2663, 4796, 11722, 1663, 2108, 3498, 2687, 3297, 5020, 7216, 3671, 3616, 3189, 5911, 1656, 2725, 4323, 3830, 5443, 14962, 3372, 3984, 4583, 3915, 2904, 4546, 3210, 6968, 4456, 4111, 2354, 3785, 1697, 4978, 6389, 5543, 4973, 1588, 4476, 1784, 5706, 2726, 2872, 4056, 4161, 1661, 9107, 2721, 2800, 4922, 3293, 4334, 3709, 6259, 5820, 3171, 10105, 6460, 3950, 5241, 3532, 2222, 3860, 2784, 1950, 4313, 2474, 5978, 1242, 2533, 2920, 2589, 5509, 2407, 4414, 2673, 6698, 3617, 3857, 3324, 3299, 2985, 3838, 3426, 7342, 5472, 2541, 3028, 4630, 2424, 3654, 2252, 2162, 1020, 3443, 4459, 4395, 2906, 3723, 4510, 4546, 6180, 2547, 5850, 5146, 5502, 2256, 4187, 6890, 11902, 2949, 3791, 4712, 1513, 7743, 1666, 2115, 2507, 3963, 1954, 3559, 2872, 3835, 1687, 1235, 4212, 6774, 1633, 2846, 3497, 3445, 3328, 134, 2038, 4076, 2594, 5147, 1879, 3894, 3772, 3280, 1719, 4837, 2488, 2331, 3987, 3750, 3529, 1943, 2535, 3321, 1573, 4368, 2734, 3312, 2245, 5643, 4544, 7660, 1643, 4345, 4311, 4599, 2104, 2310, 3807, 2896, 8702, 4710, 3575, 6582, 3952, 6282, 3264, 2340, 5302, 5540, 3737, 5187, 1599, 4582, 3373, 4013, 5038, 3847, 5513, 4015, 6517, 3201, 4353, 2508, 3495, 3005, 3655, 2898, 5422, 3858, 2231, 2562, 2972, 2544, 2940, 4168, 3807, 3702, 2600, 4477, 3600, 8408, 2719, 5112, 2298, 5471, 4046, 5603, 3569, 3164, 3264, 2912, 3276, 4094, 2861, 5959, 2736, 5646, 4252, 3094, 4677, 5422, 5634, 3165, 4289, 3535, 4882, 5018, 3371, 3553]}, "predict": {"time": 1.3536388874053955}}], "integrate": {"time": 69.52532839775085}, "count_recall": {"time": 65.37596583366394}}