{"total_time_consume": 31665.98801255226, "preprocess": {"kmeans_time": 66.06929039955139, "random_projection_time": 0.000392913818359375, "total_time": 66.22183966636658}, "classifier": [{"ins_id": 0, "dataset_partition": {"bulid_graph_time": 1497.1804831027985, "save_graph_time": 28.587778091430664, "graph_partition_time": 98.54451441764832, "total_time": 1624.5060894489288, "cluster_number_distribution": [4011, 3606, 4016, 4010, 4010, 4010, 4011, 4010, 4014, 4011, 4010, 4007, 4016, 4010, 4016, 4011, 4010, 4007, 4008, 4015, 1598, 4015, 4013, 4009, 4012, 4014, 4010, 4002, 4018, 4016, 3071, 4010, 4011, 4010, 4014, 4022, 4011, 4011, 4012, 4010, 4011, 4012, 4011, 4011, 4013, 4009, 1743, 4010, 4015, 3696, 4014, 4010, 4014, 3423, 3160, 4010, 4014, 4015, 4008, 4014, 4011, 3988, 4013, 4011, 4012, 4013, 4013, 4015, 4011, 4009, 4008, 4012, 4010, 4011, 4010, 4009, 4011, 4011, 4010, 4006, 4010, 4005, 3988, 4011, 4014, 4010, 4009, 3801, 4009, 4009, 4010, 4012, 3528, 4013, 4011, 4010, 4012, 4012, 4012, 4010, 4011, 4011, 4011, 4009, 1889, 4010, 4013, 4013, 4010, 4015, 4011, 4017, 4019, 2279, 4010, 3519, 2060, 4012, 3568, 4010, 4011, 4010, 3916, 4010, 4010, 4015, 4010, 4011, 4012, 4018, 4037, 4041, 1773, 0, 4036, 4037, 4039, 4038, 4039, 4038, 3676, 3991, 4037, 4036, 4037, 4037, 4038, 4038, 4038, 4039, 4036, 4041, 4038, 4037, 4037, 4037, 4039, 4034, 4039, 4038, 4039, 4034, 4034, 4038, 4046, 4039, 4043, 4047, 4035, 4041, 4037, 4036, 4039, 4036, 4037, 4039, 4041, 4037, 4034, 4038, 4037, 4041, 4039, 4037, 4037, 4035, 4036, 2580, 4037, 4038, 4042, 4038, 4036, 4041, 4042, 4046, 4037, 4036, 4038, 4042, 4043, 4037, 4041, 4037, 4044, 4041, 4037, 4037, 4043, 4041, 4037, 4038, 4037, 4030, 4036, 4037, 4037, 1879, 4037, 4039, 4043, 4039, 4037, 4039, 3846, 4036, 4045, 4042, 4039, 4040, 2768, 4039, 4039, 1277, 4037, 4040, 4039, 4038, 4037, 4039, 4037, 4039, 4037, 4038, 3657, 4037, 4039, 4039, 4038, 4037, 4036, 4039, 4040, 4007, 4040, 4036]}, "prepare_train_sample": {"time": 0.4670243263244629}, "train_eval_model": {"train_config": {"model_name": "one_block_2048_dim", "lr": 0.008, "n_epochs": 12, "milestones": [3, 7]}, "train_intermediate": [{"epoch": 0, "loss": 62.00768865100799, "eval_loss": 49.922157581035904, "train_recall": 0.6237, "val_recall": 0.7051, "lr": 0.008}, {"epoch": 1, "loss": 59.756956380182025, "eval_loss": 49.630923479031296, "train_recall": 0.6569040404040404, "val_recall": 0.7166, "lr": 0.008}, {"epoch": 2, "loss": 59.37609213918344, "eval_loss": 49.43789673462892, "train_recall": 0.6652666666666667, "val_recall": 0.7197, "lr": 0.008}, {"epoch": 3, "loss": 57.687820891169984, "eval_loss": 47.96351600304628, "train_recall": 0.7017666666666666, "val_recall": 0.7521, "lr": 0.0008}, {"epoch": 4, "loss": 57.4604815856616, "eval_loss": 47.872615795869095, "train_recall": 0.7063363636363637, "val_recall": 0.7574, "lr": 0.0008}, {"epoch": 5, "loss": 57.36239860239475, "eval_loss": 47.79139084082384, "train_recall": 0.7095393939393939, "val_recall": 0.758, "lr": 0.0008}, {"epoch": 6, "loss": 57.30478588163065, "eval_loss": 47.78023787033864, "train_recall": 0.7111090909090909, "val_recall": 0.7554, "lr": 0.0008}, {"epoch": 7, "loss": 57.15254883057631, "eval_loss": 47.6879389775105, "train_recall": 0.7151474747474748, "val_recall": 0.7616, "lr": 8e-05}, {"epoch": 8, "loss": 57.12757961710804, "eval_loss": 47.75691328904568, "train_recall": 0.7155929292929293, "val_recall": 0.7584, "lr": 8e-05}, {"epoch": 9, "loss": 57.12333523945467, "eval_loss": 47.76356513072283, "train_recall": 0.7156030303030303, "val_recall": 0.7571, "lr": 8e-05}, {"epoch": 10, "loss": 57.11298191482273, "eval_loss": 47.68705821648622, "train_recall": 0.715489898989899, "val_recall": 0.7587, "lr": 8e-05}, {"epoch": 11, "loss": 57.11323005769242, "eval_loss": 47.68342469288753, "train_recall": 0.7159666666666666, "val_recall": 0.7598, "lr": 8e-05}], "train_total": {"correct": 708807, "final_recall": 0.7159666666666666}, "training_time": 5351.5347101688385, "eval_time": 0.05288577079772949}}, {"ins_id": 1, "dataset_partition": {"bulid_graph_time": 2190.288626909256, "save_graph_time": 29.222448348999023, "graph_partition_time": 72.00646948814392, "total_time": 2291.7036349773407, "cluster_number_distribution": [4023, 4005, 3976, 4023, 4009, 4014, 4004, 4016, 4025, 4027, 4027, 4026, 4018, 4025, 4015, 3875, 4022, 4020, 4024, 4007, 4027, 4027, 4003, 4022, 4027, 4022, 4018, 4027, 4021, 3999, 0, 4027, 3817, 4022, 3973, 4021, 4025, 4027, 4010, 4027, 4026, 4018, 3959, 4002, 4025, 4018, 4027, 3893, 4026, 4002, 4008, 3906, 3968, 4027, 3993, 4027, 3927, 4026, 4009, 4024, 4015, 4014, 2072, 4013, 4028, 3990, 3777, 3945, 4027, 4009, 821, 4022, 4008, 4017, 3881, 4028, 4027, 3966, 4025, 3866, 4028, 3963, 4027, 4019, 4026, 4014, 4028, 3956, 3974, 4027, 3872, 4028, 3967, 4027, 3176, 4022, 4016, 4025, 3911, 4028, 4028, 4026, 4028, 4024, 3967, 3978, 4024, 3989, 2740, 4027, 4028, 4022, 4013, 3977, 4015, 4026, 3998, 4021, 3636, 4027, 4023, 4026, 4020, 3984, 3921, 3810, 4018, 4021, 3969, 3984, 4025, 4022, 4025, 4027, 3431, 4025, 3990, 4013, 1471, 4018, 1504, 4016, 4004, 4008, 4016, 4003, 4007, 4013, 4014, 4007, 3962, 4017, 4018, 4013, 3991, 3995, 3969, 3972, 4014, 4006, 4014, 3662, 4008, 4014, 4016, 4018, 4016, 4009, 4011, 3937, 3938, 4017, 4017, 3165, 4014, 4016, 3941, 3989, 4017, 4013, 4017, 4012, 3697, 3990, 3284, 3838, 4011, 4004, 4018, 4004, 4011, 3985, 3762, 4018, 4005, 4017, 3989, 4019, 3991, 4015, 4014, 4019, 3880, 4004, 2244, 4010, 4017, 4011, 4014, 3981, 4017, 4013, 4018, 3841, 3967, 3929, 3992, 4018, 4017, 3806, 4005, 4018, 4018, 4014, 4006, 3149, 4018, 4012, 3958, 4017, 4015, 4003, 3911, 4018, 3997, 4017, 3021, 3877, 3976, 4018, 4012, 4007, 3929, 4018, 3960, 4013, 3991, 3858, 4017, 4007, 4018, 4009, 3901, 3976, 4018, 3982]}, "prepare_train_sample": {"time": 0.4855647087097168}, "train_eval_model": {"train_config": {"model_name": "one_block_2048_dim", "lr": 0.008, "n_epochs": 12, "milestones": [3, 7]}, "train_intermediate": [{"epoch": 0, "loss": 63.63378536025721, "eval_loss": 51.71691685456496, "train_recall": 0.603820202020202, "val_recall": 0.6949, "lr": 0.008}, {"epoch": 1, "loss": 61.41990904754561, "eval_loss": 50.90967922944289, "train_recall": 0.6354868686868687, "val_recall": 0.7167, "lr": 0.008}, {"epoch": 2, "loss": 61.0405019841575, "eval_loss": 50.85252992923443, "train_recall": 0.6417686868686868, "val_recall": 0.7175, "lr": 0.008}, {"epoch": 3, "loss": 59.34786144697655, "eval_loss": 49.465905806957146, "train_recall": 0.6780474747474747, "val_recall": 0.7424, "lr": 0.0008}, {"epoch": 4, "loss": 59.116742628764435, "eval_loss": 49.34812307357788, "train_recall": 0.6824707070707071, "val_recall": 0.7484, "lr": 0.0008}, {"epoch": 5, "loss": 59.02104206974853, "eval_loss": 49.248205062670586, "train_recall": 0.6845717171717172, "val_recall": 0.7542, "lr": 0.0008}, {"epoch": 6, "loss": 58.96493444119997, "eval_loss": 49.18707805413466, "train_recall": 0.686509090909091, "val_recall": 0.752, "lr": 0.0008}, {"epoch": 7, "loss": 58.80714951797043, "eval_loss": 49.097880418484024, "train_recall": 0.6896171717171717, "val_recall": 0.7563, "lr": 8e-05}, {"epoch": 8, "loss": 58.78691784185796, "eval_loss": 49.11294235327305, "train_recall": 0.6903030303030303, "val_recall": 0.755, "lr": 8e-05}, {"epoch": 9, "loss": 58.784268012840435, "eval_loss": 49.11654922289726, "train_recall": 0.6904070707070707, "val_recall": 0.756, "lr": 8e-05}, {"epoch": 10, "loss": 58.77320605439946, "eval_loss": 49.14766902801318, "train_recall": 0.6910707070707071, "val_recall": 0.7529, "lr": 8e-05}, {"epoch": 11, "loss": 58.76325339209337, "eval_loss": 49.10424853593875, "train_recall": 0.6908333333333333, "val_recall": 0.7547, "lr": 8e-05}], "train_total": {"correct": 683925, "final_recall": 0.6908333333333333}, "training_time": 5435.190051794052, "eval_time": 0.07783150672912598}}, {"ins_id": 2, "dataset_partition": {"bulid_graph_time": 2198.621639728546, "save_graph_time": 30.30374312400818,