{"total_time_consume": 15865.174875497818, "preprocess": {"total_time": 0.22532033920288086}, "classifier": [{"ins_id": 0, "dataset_partition": {"bulid_graph_time": 1038.3965752124786, "save_graph_time": 26.57046365737915, "graph_partition_time": 114.27370476722717, "total_time": 1179.3978872299194, "cluster_number_distribution": [3500, 4023, 4023, 4023, 4011, 3314, 3988, 4019, 4011, 4022, 4021, 3997, 3989, 4023, 3990, 4019, 4020, 4010, 4009, 4001, 4019, 4017, 3241, 4023, 3923, 4022, 4019, 2626, 4023, 3717, 4022, 3821, 4023, 4012, 4022, 4021, 4022, 4021, 4024, 3024, 4022, 3907, 4017, 3864, 4021, 4019, 4019, 4023, 3808, 4023, 2580, 4024, 3983, 2526, 4024, 3748, 4020, 4014, 3985, 3606, 4012, 3997, 4019, 4019, 4023, 2992, 4023, 4023, 4022, 4023, 4024, 4023, 4002, 4023, 4024, 4023, 4023, 4023, 4023, 4023, 4023, 4023, 4023, 4022, 4021, 4023, 4023, 4023, 4023, 4017, 3612, 4023, 2244, 4015, 4022, 3948, 4022, 4023, 4022, 4013, 3659, 4023, 4023, 4023, 3983, 4007, 4003, 3599, 4018, 4007, 4016, 4022, 4009, 4023, 4023, 4023, 4023, 4023, 4023, 4022, 4021, 4022, 4023, 4023, 4022, 3003, 4023, 3894, 4018, 4023, 4017, 4023, 4021, 2211, 4023, 4023, 4023, 4020, 4022, 4022, 4021, 4023, 4021, 4023, 4024, 1451, 3997, 3748, 4023, 4022, 4021, 4023, 3992, 3884, 4023, 4023, 3970, 4022, 4001, 4022, 4018, 4023, 3931, 4022, 4023, 3867, 4022, 4023, 4023, 4023, 3946, 3853, 3997, 4023, 4023, 4023, 4017, 4015, 3246, 4022, 4020, 4023, 4023, 4019, 4018, 3566, 4023, 4023, 3901, 3999, 4020, 4023, 3907, 3979, 3886, 4023, 4019, 2817, 3776, 4023, 4023, 4022, 4023, 3911, 3828, 4019, 4000, 3935, 4000, 4023, 4023, 3916, 3577, 3504, 3930, 3711, 4023, 4023, 3753, 3192, 4023, 3921, 3581, 4023, 4024, 4019, 2560, 3909, 4020, 4023, 4023, 4022, 4023, 4000, 4023, 3993, 4021, 4022, 4018, 4016, 4024, 4024, 3484, 4021, 4023, 3979, 4014, 4005, 3892, 4019, 4023, 3701, 4023, 4024, 4013, 4023]}, "prepare_train_sample": {"time": 0.618708610534668}, "train_eval_model": {"train_config": {"model_name": "one_block_2048_dim", "lr": 0.004, "n_epochs": 12, "milestones": [3, 7]}, "train_intermediate": [{"epoch": 0, "loss": 87.52742924585283, "eval_loss": 82.42535552000388, "train_recall": 0.46682121212121214, "val_recall": 0.5189, "lr": 0.004}, {"epoch": 1, "loss": 84.61453599316674, "eval_loss": 82.10470955188458, "train_recall": 0.49997070707070707, "val_recall": 0.5297, "lr": 0.004}, {"epoch": 2, "loss": 84.07758550178134, "eval_loss": 81.70432689862373, "train_recall": 0.5075777777777778, "val_recall": 0.5388, "lr": 0.004}, {"epoch": 3, "loss": 82.77546814866946, "eval_loss": 80.92211801577837, "train_recall": 0.5279939393939393, "val_recall": 0.5448, "lr": 0.0004}, {"epoch": 4, "loss": 82.57332937164952, "eval_loss": 80.77992534637451, "train_recall": 0.5314181818181818, "val_recall": 0.5561, "lr": 0.0004}, {"epoch": 5, "loss": 82.48189900351984, "eval_loss": 80.57967648139366, "train_recall": 0.5328555555555555, "val_recall": 0.551, "lr": 0.0004}, {"epoch": 6, "loss": 82.4163016460367, "eval_loss": 80.71242249317659, "train_recall": 0.533940404040404, "val_recall": 0.5547, "lr": 0.0004}, {"epoch": 7, "loss": 82.27403504605645, "eval_loss": 80.51849624438164, "train_recall": 0.536159595959596, "val_recall": 0.5549, "lr": 4e-05}, {"epoch": 8, "loss": 82.26310902385994, "eval_loss": 80.42889816333086, "train_recall": 0.5363808080808081, "val_recall": 0.5559, "lr": 4e-05}, {"epoch": 9, "loss": 82.25602229612463, "eval_loss": 80.51572050192418, "train_recall": 0.5362171717171718, "val_recall": 0.5533, "lr": 4e-05}, {"epoch": 10, "loss": 82.2453930576713, "eval_loss": 80.51526480454665, "train_recall": 0.5365313131313131, "val_recall": 0.5559, "lr": 4e-05}, {"epoch": 11, "loss": 82.24006207342173, "eval_loss": 80.62567419883533, "train_recall": 0.5367686868686868, "val_recall": 0.5594, "lr": 4e-05}], "train_total": {"correct": 531401, "final_recall": 0.5367686868686868}, "training_time": 2244.5043807029724, "eval_time": 0.023143291473388672}}, {"ins_id": 1, "dataset_partition": {"bulid_graph_time": 1584.9778459072113, "save_graph_time": 28.432502031326294, "graph_partition_time": 112.07485628128052, "total_time": 1725.640547990799, "cluster_number_distribution": [4023, 4019, 4020, 4022, 4023, 4023, 4023, 4023, 4022, 4023, 4012, 3956, 3946, 3815, 4023, 4020, 3885, 4023, 4023, 4016, 4023, 4023, 3977, 4023, 4012, 4023, 4023, 4023, 4023, 4023, 4023, 4023, 4020, 4023, 4023, 4023, 4023, 4023, 4023, 4009, 4023, 4022, 4023, 3026, 4023, 4019, 4023, 4023, 4020, 4023, 4023, 4000, 4023, 3996, 4019, 3510, 4024, 4023, 4023, 3975, 4018, 4022, 4020, 4011, 4023, 4022, 4024, 3697, 3958, 4018, 4021, 4022, 4023, 3957, 4024, 4022, 2654, 4023, 4011, 4022, 3963, 4021, 4023, 3567, 1862, 3044, 3975, 3925, 4004, 4023, 2166, 4023, 4021, 4023, 4009, 4019, 4024, 4014, 4023, 4017, 4023, 4023, 4021, 4023, 3783, 2892, 3853, 3974, 3559, 4023, 4019, 4023, 4023, 3033, 4023, 4023, 4007, 3717, 4023, 4023, 4024, 4018, 3949, 3972, 4023, 4022, 2399, 4000, 4023, 4008, 4023, 4023, 4007, 3991, 4023, 4021, 3979, 3865, 3752, 4017, 4023, 4023, 3991, 3845, 3681, 3116, 4023, 4023, 4022, 3879, 4018, 4020, 4020, 4023, 4023, 4023, 4020, 4023, 4024, 4022, 4023, 3885, 4023, 4020, 4001, 3983, 4004, 4022, 4021, 4020, 4023, 4023, 4023, 4023, 2923, 4023, 4017, 4019, 2624, 4023, 4011, 4023, 4016, 4022, 4023, 4023, 4020, 4023, 4019, 3983, 2998, 3685, 4023, 4023, 4023, 4023, 4017, 3969, 3170, 4023, 4022, 3974, 2651, 3894, 3867, 4023, 3635, 4024, 4023, 4023, 4022, 3822, 2442, 4022, 4015, 4023, 4023, 4023, 4013, 4023, 4023, 4023, 3266, 3970, 4020, 4023, 3822, 4015, 3762, 4018, 3919, 4022, 4023, 3793, 4012, 3771, 3990, 3554, 4006, 4020, 4020, 4021, 4021, 3999, 4017, 3969, 4022, 3932, 4009, 4023, 4023, 3372, 4005, 4023, 4023, 3491]}, "prepare_train_sample": {"time": 0.754540205001831}, "train_eval_model": {"train_config": {"model_name": "one_block_2048_dim", "lr": 0.004, "n_epochs": 12, "milestones": [3, 7]}, "train_intermediate": [{"epoch": 0, "loss": 87.7844533011836, "eval_loss": 82.55713690244235, "train_recall": 0.4716757575757576, "val_recall": 0.5286, "lr": 0.004}, {"epoch": 1, "loss": 84.8637934035335, "eval_loss": 82.1700883033948, "train_recall": 0.5066464646464647, "val_recall": 0.5408, "lr": 0.004}, {"epoch": 2, "loss": 84.31771149545764, "eval_loss": 81.95972359486116, "train_recall": 0.5150060606060606, "val_recall": 0.5388, "lr": 0.004}, {"epoch": 3, "loss": 83.02594675045036, "eval_loss": 80.95720237340683, "train_recall": 0.5353464646464646, "val_recall": 0.5576, "lr": 0.0004}, {"epoch": 4, "loss": 82.81551479802364, "eval_loss": 80.74891059826582, "train_recall": 0.5389838383838383, "val_recall": 0.559, "lr": 0.0004}, {"epoch": 5, "loss": 82.72024695566616, "eval_loss": 80.83247844989484, "train_recall": 0.5409838383838383, "val_recall": 0.5621, "lr": 0.0004}, {"epoch": 6, "loss": 82.64629094973753, "eval_loss": 80.79226249303574, "train_recall": 0.541730303030303, "val_recall": 0.5603, "lr": 0.0004}, {"epoch": 7, "loss": 82.52760367506473, "eval_loss": 80.65937072802812, "train_recall": 0.5439363636363637, "val_recall": 0.5624, "lr": 4e-05}, {"epoch": 8, "loss": 82.49969454702835, "eval_loss": 80.78385624518761, "train_recall": 0.5443161616161616, "val_recall": 0.5623, "lr": 4e-05}, {"epoch": 9, "loss": 82.49004624187937, "eval_loss": 80.65181675935403, "train_recall": 0.5443565656565656, "val_recall": 0.5631, "lr": 4e-05}, {"epoch": 10, "loss": 82.49294447874975, "eval_loss": 80.77515819745186, "train_recall": 0.544869696969697, "val_recall": 0.5644, "lr": 4e-05}, {"epoch": 11, "loss": 82.48410209174624, "eval_loss": 80.71531232198079, "train_recall": 0.544430303030303, "val_recall": 0.5641, "lr": 4e-05}], "train_total": {"correct": 538986, "final_recall": 0.544430303030303}, "training_time": 2257.4526250362396, "eval_time": 0.011280059814453125}}, {"ins_id": 2, "dataset_partition": {"bulid_graph_time": 1475.0921592712402, "save_graph_time": 29.49381375312805, "graph_partition_time": 123.56107831001282, "total_time": 1628.3013586997986,