{"total_time_consume": 16972.86788749695, "preprocess": {"total_time": 0.20828676223754883}, "classifier": [{"ins_id": 0, "dataset_partition": {"bulid_graph_time": 1111.0034675598145, "save_graph_time": 28.096391439437866, "graph_partition_time": 143.10250067710876, "total_time": 1282.3603415489197, "cluster_number_distribution": [4004, 4004, 4003, 3873, 4003, 4003, 2376, 4004, 4003, 3428, 3902, 3739, 3294, 3578, 4003, 4006, 4003, 4003, 4003, 2098, 3686, 4003, 4005, 4003, 4002, 4003, 4003, 4003, 4008, 3944, 4005, 4003, 3304, 4004, 4004, 2681, 4005, 4003, 4003, 3686, 4006, 4005, 4005, 4008, 4004, 4007, 4008, 3828, 4003, 4009, 4005, 4003, 4006, 4006, 4004, 3585, 3186, 4006, 4004, 4004, 4004, 4003, 4003, 4003, 4004, 4004, 4004, 4005, 4007, 4005, 3121, 4005, 4003, 4008, 3932, 3976, 3707, 4002, 4002, 4003, 4002, 4009, 4006, 4007, 4008, 4006, 4003, 4003, 4003, 4002, 4004, 3646, 4001, 4001, 4007, 3808, 4004, 4003, 4005, 4003, 3747, 4003, 4036, 2177, 4036, 4036, 3061, 4035, 4036, 4036, 4022, 4036, 4036, 4026, 4036, 3293, 4036, 4016, 3629, 3869, 4036, 4019, 4036, 4036, 4036, 4036, 4036, 4011, 4034, 4035, 3990, 4013, 4036, 4035, 4030, 3991, 3806, 4036, 4036, 4036, 4032, 4036, 4036, 2175, 3878, 4032, 4036, 4036, 2856, 4031, 4022, 4036, 4036, 4036, 4035, 4036, 3991, 4035, 4036, 4036, 4036, 4036, 4036, 4035, 4036, 4036, 3943, 4036, 4036, 4036, 4036, 4035, 4036, 4036, 4035, 4036, 4035, 4035, 4036, 4036, 3990, 4032, 4036, 4020, 4037, 4032, 4035, 4036, 4025, 4036, 4036, 3905, 3979, 1578, 4036, 2369, 4036, 4036, 3853, 4036, 4036, 4036, 4036, 4018, 4036, 4035, 4027, 4029, 4029, 4034, 4036, 4025, 4035, 4036, 4028, 4036, 4036, 3482, 4011, 3838, 3994, 4036, 3895, 4016, 4037, 4026, 3942, 4033, 4026, 3798, 4036, 4035, 3645, 4036, 4036, 4035, 4034, 4036, 4036, 4036, 4036, 4036, 4037, 4036, 4035, 3907, 2497, 4037, 2725, 4036, 4036, 4033, 3344, 4037, 4037, 4034]}, "prepare_train_sample": {"time": 0.5296163558959961}, "train_eval_model": {"train_config": {"model_name": "one_block_2048_dim", "lr": 0.004, "n_epochs": 12, "milestones": [3, 7]}, "train_intermediate": [{"epoch": 0, "loss": 83.55127489071656, "eval_loss": 78.15486371211516, "train_recall": 0.5256343434343435, "val_recall": 0.5869, "lr": 0.004}, {"epoch": 1, "loss": 80.45501476948388, "eval_loss": 77.85371469840025, "train_recall": 0.5616363636363636, "val_recall": 0.5908, "lr": 0.004}, {"epoch": 2, "loss": 79.8761323372171, "eval_loss": 77.4996864367754, "train_recall": 0.570410101010101, "val_recall": 0.5994, "lr": 0.004}, {"epoch": 3, "loss": 78.52452418033279, "eval_loss": 76.65430512795082, "train_recall": 0.592149494949495, "val_recall": 0.6162, "lr": 0.0004}, {"epoch": 4, "loss": 78.30845058041776, "eval_loss": 76.46979490915935, "train_recall": 0.5953939393939394, "val_recall": 0.6161, "lr": 0.0004}, {"epoch": 5, "loss": 78.20988737106877, "eval_loss": 76.32126062344283, "train_recall": 0.5970767676767677, "val_recall": 0.615, "lr": 0.0004}, {"epoch": 6, "loss": 78.13461356929521, "eval_loss": 76.46673433597272, "train_recall": 0.5982959595959596, "val_recall": 0.6179, "lr": 0.0004}, {"epoch": 7, "loss": 77.99806366240534, "eval_loss": 76.23889723802225, "train_recall": 0.6005747474747475, "val_recall": 0.6185, "lr": 4e-05}, {"epoch": 8, "loss": 77.98460258885615, "eval_loss": 76.13745614809868, "train_recall": 0.6009929292929292, "val_recall": 0.615, "lr": 4e-05}, {"epoch": 9, "loss": 77.97524840997372, "eval_loss": 76.20508980139708, "train_recall": 0.6010747474747474, "val_recall": 0.617, "lr": 4e-05}, {"epoch": 10, "loss": 77.96156476794523, "eval_loss": 76.19983001855704, "train_recall": 0.6015282828282829, "val_recall": 0.6178, "lr": 4e-05}, {"epoch": 11, "loss": 77.96704469887878, "eval_loss": 76.32037178675334, "train_recall": 0.6012222222222222, "val_recall": 0.6186, "lr": 4e-05}], "train_total": {"correct": 595210, "final_recall": 0.6012222222222222}, "training_time": 2835.6741971969604, "eval_time": 0.01412343978881836}}, {"ins_id": 1, "dataset_partition": {"bulid_graph_time": 1619.537239074707, "save_graph_time": 27.00247597694397, "graph_partition_time": 126.4877462387085, "total_time": 1773.1868605613708, "cluster_number_distribution": [4038, 4027, 2426, 4037, 3550, 4010, 4035, 3466, 4024, 4015, 4031, 4030, 4028, 4028, 4037, 4032, 4033, 4033, 3914, 4022, 4038, 4037, 2307, 4038, 4038, 4038, 4038, 4038, 4035, 4032, 4038, 4037, 4038, 4033, 4038, 4034, 3977, 3975, 4038, 4038, 4009, 3034, 4038, 4027, 4030, 4024, 4038, 4038, 4038, 4038, 4038, 2944, 4037, 4038, 3260, 4038, 4033, 4038, 4038, 4037, 4036, 4038, 4038, 4038, 4038, 4035, 4039, 3349, 2297, 4038, 4037, 4025, 4038, 4033, 3538, 3996, 3994, 4036, 4033, 4037, 4037, 4038, 4038, 4038, 4036, 3334, 4038, 3132, 4038, 4038, 4038, 4037, 4038, 4038, 3998, 4037, 4038, 4038, 4037, 4038, 4039, 4031, 4038, 4036, 4038, 4038, 4033, 4038, 4038, 4038, 4035, 4038, 1699, 4037, 4037, 4038, 4038, 4035, 4038, 4038, 4037, 4038, 4038, 4037, 1482, 4038, 4038, 4038, 4037, 4035, 4037, 4020, 4013, 4039, 3525, 4038, 4038, 4038, 4036, 4038, 4038, 4038, 4035, 4028, 4034, 4038, 4038, 4038, 4038, 4038, 4038, 4038, 4038, 4038, 3990, 3996, 3999, 3958, 3994, 3990, 3798, 3997, 3945, 3999, 3997, 3999, 3995, 3999, 3999, 3999, 3999, 3999, 3999, 3999, 3999, 2672, 3984, 3999, 3997, 3999, 3996, 3877, 3995, 3755, 3998, 3999, 3998, 3931, 3915, 3206, 3995, 3985, 3981, 3381, 2678, 3690, 3999, 3999, 3995, 3998, 3998, 3988, 3951, 3993, 3998, 3997, 3982, 3994, 3999, 3995, 3999, 3996, 3998, 3895, 3862, 3940, 3994, 2730, 3999, 3998, 3999, 2956, 3999, 3998, 3999, 3999, 3999, 3984, 3977, 3841, 3612, 3660, 3999, 3994, 3998, 3865, 3999, 3994, 3999, 3435, 3867, 3998, 3999, 3777, 3999, 3999, 3898, 3783, 3967, 4000, 3813, 3728, 3998, 3998, 3994, 3011]}, "prepare_train_sample": {"time": 0.6377222537994385}, "train_eval_model": {"train_config": {"model_name": "one_block_2048_dim", "lr": 0.004, "n_epochs": 12, "milestones": [3, 7]}, "train_intermediate": [{"epoch": 0, "loss": 83.36285986078654, "eval_loss": 77.78467794565054, "train_recall": 0.5250919191919192, "val_recall": 0.5946, "lr": 0.004}, {"epoch": 1, "loss": 80.29437435724873, "eval_loss": 77.60480127579126, "train_recall": 0.5624232323232323, "val_recall": 0.5975, "lr": 0.004}, {"epoch": 2, "loss": 79.70968426695374, "eval_loss": 77.17537439786472, "train_recall": 0.5709121212121212, "val_recall": 0.6108, "lr": 0.004}, {"epoch": 3, "loss": 78.38085073080254, "eval_loss": 76.19151814778645, "train_recall": 0.5915666666666667, "val_recall": 0.6162, "lr": 0.0004}, {"epoch": 4, "loss": 78.15829703323627, "eval_loss": 76.02380822255061, "train_recall": 0.5944010101010101, "val_recall": 0.6169, "lr": 0.0004}, {"epoch": 5, "loss": 78.06095152366414, "eval_loss": 76.10293189073221, "train_recall": 0.5962272727272727, "val_recall": 0.6232, "lr": 0.0004}, {"epoch": 6, "loss": 77.97572512937532, "eval_loss": 76.10656885000375, "train_recall": 0.5980414141414141, "val_recall": 0.6216, "lr": 0.0004}, {"epoch": 7, "loss": 77.86608859961491, "eval_loss": 75.91141219016833, "train_recall": 0.6000858585858586, "val_recall": 0.6213, "lr": 4e-05}, {"epoch": 8, "loss": 77.83673558307764, "eval_loss": 76.0647031832964, "train_recall": 0.6004010101010101, "val_recall": 0.6242, "lr": 4e-05}, {"epoch": 9, "loss": 77.82448156509525, "eval_loss": 75.89645000604483, "train_recall": 0.6005111111111111, "val_recall": 0.6213, "lr": 4e-05}, {"epoch": 10, "loss": 77.83142179794994, "eval_loss": 76.05403431867941, "train_recall": 0.6003767676767677, "val_recall": 0.6239, "lr": 4e-05}, {"epoch": 11, "loss": 77.81866325089636, "eval_loss": 75.91926350960365, "train_recall": 0.6008575757575758, "val_recall": 0.6204, "lr": 4e-05}], "train_total": {"correct": 594849, "final_recall": 0.6008575757575758}, "training_time": 2261.094996213913, "eval_time": 0.015874624252319336}}, {"ins_id": 2, "dataset_partition": {"bulid_graph_time": 1635.6215872764587, "save_graph_time": 30.665359258651733, "graph_partition_time": 137.99576449394226, "total_time": 1804.4541509151459,