{"total_time_consume": 20584.971824645996, "preprocess": {"total_time": 0.23941349983215332}, "classifier": [{"ins_id": 0, "dataset_partition": {"bulid_graph_time": 1515.3089020252228, "save_graph_time": 34.18808555603027, "graph_partition_time": 103.17682576179504, "total_time": 1652.830463886261, "cluster_number_distribution": [4023, 4023, 3753, 4015, 4021, 4001, 1917, 4022, 4014, 4000, 4002, 4023, 4024, 4023, 2211, 3975, 4023, 4018, 3994, 4023, 4021, 3984, 4022, 0, 4022, 4023, 4022, 4022, 4014, 4018, 4023, 4019, 4006, 4022, 4023, 4003, 4022, 4023, 4021, 4013, 4023, 3997, 4023, 4011, 4006, 4012, 4023, 3993, 4022, 4023, 4022, 4023, 4023, 4001, 4023, 4023, 3346, 3964, 4024, 4023, 4019, 4022, 3818, 4021, 4023, 3995, 4008, 4019, 4023, 4023, 4023, 4015, 3998, 3846, 4018, 3407, 3994, 4019, 4011, 2843, 4023, 4022, 4017, 4022, 4020, 4022, 4002, 4023, 4012, 4020, 3990, 3973, 4023, 4023, 4017, 2625, 4021, 3859, 4017, 4023, 3994, 4017, 4022, 4022, 4023, 4023, 4021, 4022, 4022, 4022, 4019, 4007, 4013, 3999, 4023, 4023, 4017, 4023, 4017, 2868, 4023, 4016, 4021, 4023, 4023, 4022, 4021, 3722, 3986, 4008, 4023, 3952, 4023, 4023, 4004, 4021, 4012, 4011, 4018, 4021, 3982, 4020, 3750, 4022, 4015, 4015, 4023, 3973, 4020, 4020, 3925, 4019, 4001, 4015, 4022, 4022, 3996, 4018, 4009, 4019, 4023, 4016, 4010, 4023, 4022, 4016, 3985, 4022, 4022, 4023, 4019, 4012, 3981, 4013, 1054, 4020, 4018, 4022, 4013, 3968, 4013, 3109, 4023, 4022, 4005, 4022, 4021, 4022, 4017, 4022, 4021, 4018, 4023, 3962, 4014, 4018, 4018, 3949, 4014, 863, 4018, 3940, 4020, 4019, 3521, 4019, 4023, 4001, 4008, 3999, 4023, 3934, 4020, 4023, 4023, 4021, 4023, 4022, 4011, 2487, 4022, 4023, 4019, 4023, 4018, 4023, 4023, 4017, 4022, 4012, 4021, 4007, 4009, 3980, 4014, 3997, 4016, 4023, 4023, 0, 4013, 4009, 4022, 3976, 4005, 4023, 3929, 3989, 4020, 4003, 4023, 4023, 4019, 4022, 4011, 4020]}, "prepare_train_sample": {"time": 0.5138585567474365}, "train_eval_model": {"train_intermediate": [{"epoch": 0, "loss": 95.17391835072232, "eval_loss": 86.08248675175203, "train_recall": 0.3781919191919192, "val_recall": 0.4832, "lr": 0.008}, {"epoch": 1, "loss": 93.02712347167078, "eval_loss": 85.66965789061327, "train_recall": 0.40347171717171715, "val_recall": 0.4982, "lr": 0.008}, {"epoch": 2, "loss": 92.38932672302028, "eval_loss": 85.03965923113701, "train_recall": 0.41094141414141416, "val_recall": 0.4946, "lr": 0.008}, {"epoch": 3, "loss": 90.44909884566908, "eval_loss": 83.96937161225539, "train_recall": 0.4389828282828283, "val_recall": 0.5286, "lr": 0.0008}, {"epoch": 4, "loss": 90.21685412517557, "eval_loss": 83.64705159113957, "train_recall": 0.44245656565656566, "val_recall": 0.526, "lr": 0.0008}, {"epoch": 5, "loss": 90.13352513408084, "eval_loss": 84.21608408903464, "train_recall": 0.44270808080808083, "val_recall": 0.5302, "lr": 0.0008}, {"epoch": 6, "loss": 90.02097284896736, "eval_loss": 83.73225368597569, "train_recall": 0.44425858585858585, "val_recall": 0.5291, "lr": 0.0008}, {"epoch": 7, "loss": 89.82498404211898, "eval_loss": 83.44334231890164, "train_recall": 0.4473717171717172, "val_recall": 0.526, "lr": 8e-05}, {"epoch": 8, "loss": 89.8398118149037, "eval_loss": 83.91522313386966, "train_recall": 0.4476333333333333, "val_recall": 0.5352, "lr": 8e-05}, {"epoch": 9, "loss": 89.80319654387841, "eval_loss": 83.67821036852322, "train_recall": 0.44792323232323233, "val_recall": 0.5219, "lr": 8e-05}, {"epoch": 10, "loss": 89.77585724174858, "eval_loss": 83.98291695423616, "train_recall": 0.44785151515151517, "val_recall": 0.5331, "lr": 8e-05}, {"epoch": 11, "loss": 89.77891921442196, "eval_loss": 83.67956288655598, "train_recall": 0.4482191919191919, "val_recall": 0.5218, "lr": 8e-05}], "train_total": {"correct": 443737, "final_recall": 0.4482191919191919}, "training_time": 3249.315918445587, "eval_time": 0.011344432830810547}}, {"ins_id": 1, "dataset_partition": {"bulid_graph_time": 2028.6939222812653, "save_graph_time": 36.95329213142395, "graph_partition_time": 106.00242018699646, "total_time": 2171.813972711563, "cluster_number_distribution": [4003, 4002, 4008, 4017, 4014, 4007, 3938, 4023, 4022, 3907, 4015, 4005, 4021, 4015, 3975, 4011, 4023, 4022, 4023, 4022, 4023, 4019, 4023, 4023, 4022, 4023, 3999, 3979, 3997, 3960, 4021, 3985, 4021, 4011, 4013, 4000, 4023, 4000, 4022, 442, 4022, 4023, 4013, 4022, 4010, 4020, 4017, 4016, 4023, 4014, 0, 3793, 4013, 3995, 4014, 4003, 4023, 4023, 4014, 4022, 4023, 4015, 4020, 3979, 4023, 4023, 3965, 4023, 3994, 3973, 4018, 0, 4007, 4015, 3950, 3988, 3999, 4023, 4022, 4023, 3964, 4023, 4020, 4022, 4017, 3988, 3877, 4016, 4017, 4019, 4023, 4023, 3964, 4009, 4021, 4022, 4020, 4019, 3953, 4022, 4008, 4018, 4023, 4021, 3809, 4022, 4020, 4015, 4017, 4021, 4019, 4006, 4023, 4022, 3997, 3993, 3572, 3953, 4023, 3995, 3998, 4020, 4022, 3740, 3902, 4016, 3828, 4016, 4023, 4020, 4018, 4023, 4015, 1851, 4021, 4010, 4009, 4022, 0, 3980, 4019, 4001, 4023, 3984, 3991, 4017, 4010, 4000, 3929, 4004, 4021, 4023, 3894, 4023, 4014, 4023, 4005, 4008, 4003, 4021, 4020, 4020, 4020, 4004, 3874, 4021, 3877, 4020, 4023, 4018, 4023, 3959, 4023, 4023, 4023, 4017, 4023, 4019, 4023, 4016, 4017, 4022, 4020, 4019, 4002, 4023, 4023, 4020, 4023, 4021, 4020, 4022, 4022, 4007, 4007, 4023, 4019, 4021, 4023, 4021, 3872, 4023, 4023, 4023, 3941, 770, 3951, 4005, 4023, 4023, 4016, 4001, 4020, 4021, 4021, 4022, 4019, 4020, 4021, 4017, 4017, 4023, 4005, 3998, 4019, 4004, 3770, 4022, 4023, 4006, 4005, 4014, 3989, 4020, 4015, 4023, 3964, 4008, 4013, 4002, 4019, 4023, 3799, 874, 4021, 4022, 3973, 4013, 4018, 4020, 4013, 4018, 4023, 4023, 4013, 3930]}, "prepare_train_sample": {"time": 0.826183557510376}, "train_eval_model": {"train_intermediate": [{"epoch": 0, "loss": 95.98782011688644, "eval_loss": 87.2455910780491, "train_recall": 0.3708717171717172, "val_recall": 0.465, "lr": 0.008}, {"epoch": 1, "loss": 93.90822835623165, "eval_loss": 86.80779639268533, "train_recall": 0.39520707070707073, "val_recall": 0.4811, "lr": 0.008}, {"epoch": 2, "loss": 93.16363775897752, "eval_loss": 86.52934671059633, "train_recall": 0.403420202020202, "val_recall": 0.474, "lr": 0.008}, {"epoch": 3, "loss": 91.29878090546713, "eval_loss": 84.6799342204363, "train_recall": 0.42987373737373735, "val_recall": 0.5108, "lr": 0.0008}, {"epoch": 4, "loss": 91.05407730577511, "eval_loss": 85.2315977536715, "train_recall": 0.43254242424242423, "val_recall": 0.5143, "lr": 0.0008}, {"epoch": 5, "loss": 90.91100946326452, "eval_loss": 85.35573035020094, "train_recall": 0.43475959595959596, "val_recall": 0.5053, "lr": 0.0008}, {"epoch": 6, "loss": 90.86293037873986, "eval_loss": 84.85414487887651, "train_recall": 0.43523333333333336, "val_recall": 0.5137, "lr": 0.0008}, {"epoch": 7, "loss": 90.66713475066658, "eval_loss": 84.59501898594392, "train_recall": 0.4376242424242424, "val_recall": 0.5081, "lr": 8e-05}, {"epoch": 8, "loss": 90.62409550355186, "eval_loss": 84.74650824375642, "train_recall": 0.4381111111111111, "val_recall": 0.5089, "lr": 8e-05}, {"epoch": 9, "loss": 90.6287807407016, "eval_loss": 84.70526544864362, "train_recall": 0.4385929292929293, "val_recall": 0.5107, "lr": 8e-05}, {"epoch": 10, "loss": 90.61272134215837, "eval_loss": 84.6683698678628, "train_recall": 0.43912525252525253, "val_recall": 0.5165, "lr": 8e-05}, {"epoch": 11, "loss": 90.62142881474875, "eval_loss": 84.72029122328146, "train_recall": 0.4383939393939394, "val_recall": 0.5083, "lr": 8e-05}], "train_total": {"correct": 434010, "final_recall": 0.4383939393939394}, "training_time": 3062.302408695221, "eval_time": 0.006540536880493164}}, {"ins_id": 2, "dataset_partition": {"bulid_graph_time": 2001.9781663417816, "save_graph_time": 37.10728979110718, "graph_partition_time": 102.93241620063782, "total_time": 2142.191339492798,