{"total_time_consume": 4186.040926218033, "preprocess": {"total_time": 0.049967050552368164}, "classifier": [{"ins_id": 0, "dataset_partition": {"bulid_graph_time": 865.4355249404907, "save_graph_time": 26.592058181762695, "graph_partition_time": 54.26094079017639, "total_time": 946.4479048252106, "cluster_number_distribution": [4011, 4011, 4011, 4010, 4011, 3812, 4009, 4009, 4012, 4012, 4015, 4012, 4009, 4014, 4013, 4017, 4015, 4011, 1754, 4013, 4008, 4012, 4010, 4015, 4012, 4018, 4013, 4011, 4016, 4014, 4011, 4012, 4011, 779, 4011, 4012, 4012, 4011, 3438, 3767, 4007, 4011, 4011, 4015, 4011, 4011, 4011, 4011, 4012, 4011, 4011, 4011, 3728, 4010, 4013, 4013, 4011, 4011, 4010, 4011, 4012, 4010, 4008, 4009, 3429, 4011, 4012, 4013, 4013, 4007, 4012, 4011, 4008, 4015, 4010, 4010, 4011, 2266, 4011, 4009, 3999, 4013, 4013, 4010, 4012, 4012, 4013, 4001, 4011, 3589, 4013, 4012, 4011, 4016, 4011, 4012, 4012, 4014, 4011, 4011, 1056, 4010, 4015, 4012, 4011, 4011, 4015, 4032, 4037, 4032, 1362, 4035, 4032, 4030, 4030, 4034, 4032, 4034, 4035, 4031, 4035, 4033, 4035, 4031, 4036, 4035, 4033, 4034, 4035, 4030, 4033, 4030, 4032, 4032, 2613, 4036, 4034, 4032, 4034, 4031, 4034, 4033, 4036, 4032, 2902, 4038, 4035, 4032, 4032, 4039, 4032, 4033, 4036, 4032, 4034, 4036, 4032, 4026, 4033, 4028, 4032, 872, 4033, 4032, 4036, 4032, 4033, 4034, 4032, 4032, 4037, 4032, 4031, 4035, 4035, 4034, 4032, 4027, 4035, 4031, 4033, 4036, 4031, 4031, 4032, 4032, 4031, 4034, 4032, 4032, 4031, 4032, 4033, 4032, 4032, 4034, 4029, 4032, 4035, 4033, 4032, 4031, 4033, 2699, 4033, 4033, 4029, 4031, 4034, 2927, 4032, 4032, 4032, 4031, 4033, 4033, 4034, 4031, 4032, 4032, 4032, 4032, 4032, 4033, 4033, 4035, 4031, 2700, 4029, 4036, 4033, 4032, 4035, 3799, 0, 4032, 4032, 4032, 4032, 4032, 4032, 4032, 4032, 4034, 4029, 4031, 4034, 4032, 4036, 4037, 4033, 2857, 4033, 4033, 4033, 4020]}, "prepare_train_sample": {"time": 0.7314379215240479}, "train_eval_model": {"train_intermediate": [{"epoch": 0, "loss": 72.26340988543399, "eval_loss": 59.24255619293604, "train_recall": 0.4785111111111111, "val_recall": 0.5768, "lr": 0.008}, {"epoch": 1, "loss": 69.69634016553452, "eval_loss": 58.74519065710214, "train_recall": 0.5109616161616162, "val_recall": 0.5801, "lr": 0.008}, {"epoch": 2, "loss": 69.13845498127901, "eval_loss": 58.24359244566698, "train_recall": 0.5204858585858586, "val_recall": 0.5984, "lr": 0.008}, {"epoch": 3, "loss": 67.5864911848678, "eval_loss": 57.23516634183052, "train_recall": 0.5462515151515152, "val_recall": 0.6172, "lr": 0.0008}, {"epoch": 4, "loss": 67.40504940279693, "eval_loss": 57.22205058122292, "train_recall": 0.5497262626262627, "val_recall": 0.6174, "lr": 0.0008}, {"epoch": 5, "loss": NaN, "eval_loss": NaN, "train_recall": 0.21602424242424242, "val_recall": 0.0031, "lr": 0.0008}, {"epoch": 6, "loss": NaN, "eval_loss": NaN, "train_recall": 0.00402020202020202, "val_recall": 0.0031, "lr": 0.0008}, {"epoch": 7, "loss": NaN, "eval_loss": NaN, "train_recall": 0.004019191919191919, "val_recall": 0.0031, "lr": 8e-05}, {"epoch": 8, "loss": NaN, "eval_loss": NaN, "train_recall": 0.00402020202020202, "val_recall": 0.0031, "lr": 8e-05}, {"epoch": 9, "loss": NaN, "eval_loss": NaN, "train_recall": 0.00402020202020202, "val_recall": 0.0031, "lr": 8e-05}, {"epoch": 10, "loss": NaN, "eval_loss": NaN, "train_recall": 0.00402020202020202, "val_recall": 0.0031, "lr": 8e-05}, {"epoch": 11, "loss": NaN, "eval_loss": NaN, "train_recall": 0.00402020202020202, "val_recall": 0.0031, "lr": 8e-05}], "train_total": {"correct": 3980, "final_recall": 0.00402020202020202}, "training_time": 3043.654408454895, "eval_time": 0.006299734115600586}}], "integrate": {"time": 131.43925714492798}, "count_recall": {"time": 54.113532066345215}}