{"total_time_consume": 3589.697779417038, "preprocess": {"total_time": 0.0525212287902832}, "classifier": [{"ins_id": 0, "dataset_partition": {"bulid_graph_time": 820.0846095085144, "save_graph_time": 28.941798448562622, "graph_partition_time": 54.542475938797, "total_time": 903.7280588150024, "cluster_number_distribution": [4009, 4012, 4012, 4011, 3493, 4013, 2859, 4016, 4012, 4012, 4011, 4011, 4011, 4014, 4013, 4011, 4012, 4011, 4011, 4011, 1652, 4011, 4011, 4014, 4015, 4010, 4011, 4011, 4014, 4012, 4012, 4011, 4011, 4017, 4011, 4013, 4014, 3269, 4011, 4012, 3450, 4011, 4013, 4009, 4011, 4011, 3991, 4013, 4014, 4011, 4012, 4011, 4013, 4011, 4014, 4017, 4011, 2335, 4012, 4010, 4014, 4012, 4011, 4012, 4015, 4006, 4013, 3937, 4010, 4012, 4013, 4014, 4011, 2786, 4012, 4011, 4008, 4011, 4011, 4011, 4011, 4011, 3850, 4011, 4013, 4012, 4009, 4011, 3614, 4014, 3242, 4011, 2855, 4013, 4011, 4010, 4014, 4012, 4012, 4013, 4009, 4010, 4015, 2292, 4012, 4011, 4012, 4036, 4034, 4032, 4032, 4031, 4038, 4030, 4031, 4028, 4032, 4037, 4035, 4039, 4034, 3278, 4037, 4033, 4032, 2073, 4034, 4030, 4032, 4032, 4030, 4036, 4031, 4031, 4036, 4033, 4039, 4034, 4034, 4032, 4033, 4034, 0, 4032, 4035, 4032, 4032, 4035, 4032, 4032, 4036, 4032, 4033, 4032, 4038, 4032, 4033, 4028, 4032, 3721, 4032, 4035, 4034, 4032, 4035, 4034, 4033, 4031, 4021, 4033, 4034, 4040, 4032, 4031, 4033, 4032, 4033, 4034, 4035, 4030, 4032, 4032, 4030, 3962, 3699, 4032, 3927, 4034, 4034, 4033, 4033, 4032, 4032, 4034, 4032, 4034, 4032, 3113, 4032, 4032, 3131, 4033, 4034, 4036, 4031, 4035, 4032, 4032, 4030, 3966, 4035, 4032, 4032, 4032, 4031, 4034, 4032, 4032, 757, 4034, 4032, 4033, 4034, 4032, 4031, 4032, 4033, 4028, 4036, 4032, 4034, 4034, 3879, 4032, 4031, 4033, 2016, 4032, 4010, 4032, 4033, 4033, 2399, 4034, 2990, 4033, 4031, 4032, 4025, 4033, 4033, 4032, 4032, 4028, 4032, 4031]}, "prepare_train_sample": {"time": 0.6134734153747559}, "train_eval_model": {"train_config": {"model_name": "one_block_8192_dim", "lr": 0.001, "n_epochs": 12, "milestones": [3, 7]}, "train_intermediate": [{"epoch": 0, "loss": 71.25190765467666, "eval_loss": 57.588776869651596, "train_recall": 0.5082595959595959, "val_recall": 0.6141, "lr": 0.001}, {"epoch": 1, "loss": 67.036905031543, "eval_loss": 57.19179193790142, "train_recall": 0.5569585858585858, "val_recall": 0.6214, "lr": 0.001}, {"epoch": 2, "loss": 66.40109109920155, "eval_loss": 56.83014840957446, "train_recall": 0.5695545454545454, "val_recall": 0.6346, "lr": 0.001}, {"epoch": 3, "loss": 65.45371505501052, "eval_loss": 56.119672249525024, "train_recall": 0.5913080808080808, "val_recall": 0.6479, "lr": 0.0001}, {"epoch": 4, "loss": 65.29988050881595, "eval_loss": 56.16823967909202, "train_recall": 0.594679797979798, "val_recall": 0.6514, "lr": 0.0001}, {"epoch": 5, "loss": 65.22240964820044, "eval_loss": 56.03711404555883, "train_recall": 0.5964070707070707, "val_recall": 0.6558, "lr": 0.0001}, {"epoch": 6, "loss": 65.16473243196236, "eval_loss": 56.085319207264824, "train_recall": 0.598239393939394, "val_recall": 0.6542, "lr": 0.0001}, {"epoch": 7, "loss": 65.08040301718161, "eval_loss": 55.93459215530982, "train_recall": 0.5999434343434343, "val_recall": 0.6544, "lr": 1e-05}, {"epoch": 8, "loss": 65.05970623505756, "eval_loss": 55.91746492874928, "train_recall": 0.6001212121212122, "val_recall": 0.656, "lr": 1e-05}, {"epoch": 9, "loss": 65.0452702720152, "eval_loss": 55.9635725632692, "train_recall": 0.600389898989899, "val_recall": 0.6583, "lr": 1e-05}, {"epoch": 10, "loss": 65.03628190567072, "eval_loss": 56.01384595724252, "train_recall": 0.6010131313131313, "val_recall": 0.6561, "lr": 1e-05}, {"epoch": 11, "loss": 65.0309576577151, "eval_loss": 55.920325303689026, "train_recall": 0.6012323232323232, "val_recall": 0.6583, "lr": 1e-05}], "train_total": {"correct": 595220, "final_recall": 0.6012323232323232}, "training_time": 2405.7547533512115, "eval_time": 0.009252548217773438}}], "integrate": {"time": 133.97115635871887}, "count_recall": {"time": 119.60597729682922}}