{"total_time_consume": 12464.279219150543, "preprocess": {"total_time": 0.19364404678344727}, "classifier": [{"ins_id": 0, "dataset_partition": {"bulid_graph_time": 70.3382134437561, "save_graph_time": 38.19480609893799, "graph_partition_time": 65.03731036186218, "total_time": 173.72160530090332, "cluster_number_distribution": [4017, 3744, 4024, 3960, 4024, 3488, 4024, 4024, 4024, 4023, 4024, 4024, 3933, 4024, 3746, 4024, 3973, 4019, 3982, 4024, 4022, 3805, 3740, 4023, 4021, 4020, 4005, 4023, 3973, 3831, 4023, 4024, 4024, 3725, 3790, 3977, 3980, 3929, 3977, 2045, 4022, 4024, 4024, 4024, 3779, 3980, 3978, 4024, 4023, 4024, 3957, 3737, 3916, 4024, 3810, 3852, 4022, 3886, 4022, 4024, 3762, 3813, 3828, 3983, 4023, 3737, 3911, 4021, 3889, 3765, 3986, 4024, 3969, 4024, 4022, 3815, 3921, 3898, 4018, 4024, 3908, 4024, 4013, 3853, 4016, 4003, 4023, 4024, 3975, 3845, 3976, 4024, 4007, 2086, 4024, 3939, 4018, 4024, 4024, 3947, 4001, 3962, 3968, 4024, 4022, 3743, 4022, 4024, 3844, 3891, 3781, 3800, 3761, 4020, 3969, 4023, 3911, 4023, 4024, 4002, 3997, 3777, 4024, 3998, 3903, 3963, 3866, 3745, 4024, 4024, 4011, 4024, 3787, 4022, 4015, 4011, 4010, 3837, 4014, 3959, 4023, 4024, 3975, 3996, 4024, 3741, 4024, 4024, 4024, 4024, 4024, 3745, 3753, 4022, 3971, 4023, 4019, 4024, 1797, 4021, 4020, 3756, 4024, 3947, 4023, 4012, 4020, 4023, 3600, 4024, 3999, 3903, 3964, 4024, 3773, 4024, 4024, 3972, 4024, 4022, 4023, 4024, 4024, 3289, 3971, 3246, 4007, 4024, 3948, 4024, 4018, 3746, 4007, 3698, 4024, 4011, 3937, 3992, 3911, 3876, 3823, 4016, 4023, 3874, 3952, 3887, 3961, 4022, 3985, 4024, 3881, 3781, 4023, 4024, 4024, 4024, 3844, 3909, 2665, 3737, 4023, 3671, 4024, 4022, 3966, 3126, 4022, 4020, 4024, 3373, 4024, 3951, 3855, 3913, 3496, 3822, 3873, 4024, 3558, 3752, 4024, 3859, 4017, 4006, 3738, 3737, 4024, 3820, 4024, 4023, 4024, 3740, 3775, 3979, 3835, 3855]}, "prepare_train_sample": {"time": 0.5123631954193115}, "train_eval_model": {"train_intermediate": [{"epoch": 0, "loss": 93.71147642719163, "eval_loss": 84.71369892511612, "train_recall": 0.338310101010101, "val_recall": 0.4188, "lr": 0.004}, {"epoch": 1, "loss": 92.42223036549312, "eval_loss": 84.06139107239552, "train_recall": 0.352310101010101, "val_recall": 0.4255, "lr": 0.004}, {"epoch": 2, "loss": 85.49469059073216, "eval_loss": 77.41167844870152, "train_recall": 0.43413939393939394, "val_recall": 0.5112, "lr": 0.00084}, {"epoch": 3, "loss": 85.27670610480077, "eval_loss": 76.91903514128465, "train_recall": 0.4376181818181818, "val_recall": 0.5167, "lr": 0.00084}, {"epoch": 4, "loss": 85.18457995941648, "eval_loss": 77.75557156098195, "train_recall": 0.4376, "val_recall": 0.5067, "lr": 0.00084}, {"epoch": 5, "loss": 85.18438349184139, "eval_loss": 77.07718449372511, "train_recall": 0.43745959595959594, "val_recall": 0.5072, "lr": 0.00084}, {"epoch": 6, "loss": 83.29397508556049, "eval_loss": 75.22138534448085, "train_recall": 0.4621939393939394, "val_recall": 0.5443, "lr": 0.0001764}, {"epoch": 7, "loss": 82.9231922426972, "eval_loss": 75.09542097189488, "train_recall": 0.46586767676767676, "val_recall": 0.5438, "lr": 0.0001764}, {"epoch": 8, "loss": 82.74360525615384, "eval_loss": 74.3424675770295, "train_recall": 0.4685959595959596, "val_recall": 0.5423, "lr": 0.0001764}, {"epoch": 9, "loss": 82.61023523464043, "eval_loss": 74.29245435274564, "train_recall": 0.4695808080808081, "val_recall": 0.5483, "lr": 0.0001764}, {"epoch": 10, "loss": 82.46975327697156, "eval_loss": 74.3211048566378, "train_recall": 0.4712676767676768, "val_recall": 0.5571, "lr": 0.0001764}, {"epoch": 11, "loss": 82.39022244925289, "eval_loss": 73.69101760326288, "train_recall": 0.4721959595959596, "val_recall": 0.5456, "lr": 0.0001764}], "train_total": {"correct": 467474, "final_recall": 0.4721959595959596}, "training_time": 2817.0563395023346, "eval_time": 0.005564689636230469}}, {"ins_id": 1, "dataset_partition": {"bulid_graph_time": 58.00173258781433, "save_graph_time": 41.48992562294006, "graph_partition_time": 76.36788487434387, "total_time": 176.02007484436035, "cluster_number_distribution": [4020, 3950, 4024, 3897, 4009, 4024, 4023, 3924, 4023, 4023, 3993, 4016, 3642, 4022, 4024, 3960, 4024, 4003, 4023, 3993, 4023, 3980, 4024, 3945, 3999, 4024, 3861, 4023, 4024, 4022, 3833, 3930, 3882, 4024, 4022, 4024, 4015, 4024, 4023, 4024, 4023, 4024, 3922, 4024, 4024, 3973, 3954, 3947, 3965, 4018, 4019, 4024, 4023, 3749, 4024, 4024, 3931, 3997, 4024, 4024, 4023, 4012, 4002, 3738, 4024, 4006, 3834, 3984, 1252, 3976, 3840, 3998, 3959, 4024, 4020, 4024, 4021, 3742, 3977, 4020, 3996, 4003, 4024, 4022, 4024, 4021, 0, 3964, 4021, 4001, 4022, 4022, 4020, 4021, 4024, 4024, 3183, 3955, 3932, 3915, 3826, 4024, 4023, 3830, 3913, 3987, 4024, 4024, 3814, 3916, 4023, 3963, 4022, 3740, 3873, 4024, 3981, 4021, 4023, 3950, 3935, 3825, 3737, 3979, 4024, 3939, 3742, 3992, 4023, 4024, 4023, 4023, 3943, 4024, 3998, 4024, 3789, 3742, 4019, 3740, 2949, 3744, 4024, 2341, 3997, 3972, 3741, 3997, 4024, 4020, 3909, 4023, 4024, 4024, 4018, 3845, 3792, 4012, 3931, 4024, 3953, 3805, 3987, 3962, 4020, 3739, 4024, 4015, 4023, 3914, 4020, 4020, 3822, 3993, 3992, 4024, 3945, 4023, 3781, 4023, 4024, 4024, 4024, 4023, 4008, 4021, 3978, 3990, 3948, 3929, 3740, 4023, 4023, 3751, 4006, 4005, 4024, 4024, 3823, 4004, 3917, 3901, 4024, 3893, 3994, 4023, 3934, 4023, 4019, 0, 3903, 3745, 3859, 4020, 3997, 3745, 4024, 3840, 4024, 3891, 3775, 4003, 3761, 4010, 3930, 4021, 4020, 4005, 3861, 3994, 4023, 4024, 3816, 3926, 4024, 4023, 3825, 3939, 4023, 4005, 4022, 4023, 3829, 3955, 4024, 4000, 3949, 4023, 4012, 3951, 3870, 3698, 4023, 3991, 3858, 3828]}, "prepare_train_sample": {"time": 0.7440814971923828}, "train_eval_model": {"train_intermediate": [{"epoch": 0, "loss": 99.95666452216652, "eval_loss": 92.27149684612567, "train_recall": 0.2838989898989899, "val_recall": 0.3352, "lr": 0.004}, {"epoch": 1, "loss": 98.96771892199023, "eval_loss": 92.1847693125407, "train_recall": 0.2937222222222222, "val_recall": 0.327, "lr": 0.004}, {"epoch": 2, "loss": 93.1267437328059, "eval_loss": 86.03762589968167, "train_recall": 0.35715454545454545, "val_recall": 0.4156, "lr": 0.00084}, {"epoch": 3, "loss": 92.85348582875811, "eval_loss": 86.0270897547404, "train_recall": 0.36064242424242426, "val_recall": 0.4226, "lr": 0.00084}, {"epoch": 4, "loss": 92.78283260996635, "eval_loss": 86.70885222997421, "train_recall": 0.36187474747474746, "val_recall": 0.4238, "lr": 0.00084}, {"epoch": 5, "loss": 92.74128618581604, "eval_loss": 86.32757600148518, "train_recall": 0.36224343434343437, "val_recall": 0.4175, "lr": 0.00084}, {"epoch": 6, "loss": 91.13168347562743, "eval_loss": 83.83879742255577, "train_recall": 0.3811555555555556, "val_recall": 0.4401, "lr": 0.0001764}, {"epoch": 7, "loss": 90.88537079650521, "eval_loss": 83.35570751092372, "train_recall": 0.38328080808080806, "val_recall": 0.4444, "lr": 0.0001764}, {"epoch": 8, "loss": 90.72571984586486, "eval_loss": 83.64031461568979, "train_recall": 0.3851686868686869, "val_recall": 0.4454, "lr": 0.0001764}, {"epoch": 9, "loss": 90.61763027319523, "eval_loss": 83.75457824804845, "train_recall": 0.3860353535353535, "val_recall": 0.4529, "lr": 0.0001764}, {"epoch": 10, "loss": 90.53563653785811, "eval_loss": 82.99093659718831, "train_recall": 0.3865757575757576, "val_recall": 0.4419, "lr": 0.0001764}, {"epoch": 11, "loss": 90.46797582175847, "eval_loss": 83.10313249245668, "train_recall": 0.3870858585858586, "val_recall": 0.4472, "lr": 0.0001764}], "train_total": {"correct": 383215, "final_recall": 0.3870858585858586}, "training_time": 2813.7716026306152, "eval_time": 0.005141258239746094}}, {"ins_id": 2, "dataset_partition": {"bulid_graph_time": 65.00562405586243, "save_graph_time": 41.71950173377991, "graph_partition_time": 51.534743547439575, "total_time": 158.42025661468506,