{"total_time_consume": 102552.8295507431, "preprocess": {"kmeans_time": 27800.328508138657, "random_projection_time": 5.9226343631744385, "total_time": 27806.4634578228}, "classifier": [{"ins_id": 0, "dataset_partition": {"count_label_time": 505.2481470108032, "total_time": 505.7598729133606, "cluster_number_distribution": [8694, 6355, 493, 2491, 3450, 2293, 2383, 5030, 6465, 9334, 1166, 1045, 7669, 1906, 2437, 1015, 7593, 3501, 2292, 1815, 2270, 8692, 8217, 7565, 1272, 7012, 5339, 3539, 10860, 12151, 7890, 3914, 2467, 1787, 5549, 1616, 3173, 1511, 1791, 1336, 605, 3024, 9245, 1508, 2108, 12287, 1598, 578, 3261, 2499, 14518, 6568, 2047, 1594, 1937, 2013, 1025, 13907, 2601, 3631, 1889, 4687, 1454, 3301, 7019, 1977, 2605, 3321, 6493, 6024, 3788, 1454, 2707, 2123, 7943, 2478, 3475, 4434, 2239, 4691, 6638, 3257, 13300, 6723, 2528, 2882, 1935, 4261, 5040, 3151, 3018, 1981, 777, 535, 1645, 2235, 756, 717, 2518, 2708, 6288, 845, 528, 609, 2842, 4799, 3973, 16115, 4034, 4783, 595, 1235, 3801, 2005, 2139, 1701, 2883, 2295, 3677, 6371, 2205, 2585, 5137, 3441, 3683, 2022, 2540, 2588, 12558, 5576, 4840, 2707, 3393, 2546, 2602, 5659, 1431, 6196, 4544, 603, 3247, 528, 2584, 1468, 811, 3623, 3869, 4209, 1471, 968, 1466, 1715, 8071, 2144, 2438, 3484, 8386, 4793, 1325, 2059, 5171, 4623, 9484, 7199, 21247, 1820, 9141, 1837, 3552, 5224, 2368, 4436, 4982, 2301, 7731, 3801, 1681, 5288, 3119, 2007, 4377, 8154, 3064, 5035, 1915, 2402, 5310, 2826, 10960, 588, 3466, 2549, 892, 1407, 2984, 4109, 2044, 3267, 1757, 3038, 2121, 1694, 1637, 4918, 8198, 869, 9908, 1497, 3312, 2433, 4049, 10420, 3625, 7150, 5996, 3880, 3447, 2801, 4466, 2385, 1061, 2374, 5687, 6169, 7590, 9764, 6012, 5994, 2152, 816, 8650, 1653, 1575, 3335, 993, 2832, 640, 3435, 3699, 1057, 2863, 4241, 2737, 3392, 5899, 3460, 1577, 2603, 3327, 2040, 907, 5151, 8325, 2897, 2537, 922]}, "prepare_train_sample": {"time": 0.6524612903594971}, "train_eval_model": {"train_intermediate": [{"epoch": 0, "loss": 161.02960865529494, "eval_loss": 154.16969015036418, "train_recall": 0.5501030303030303, "val_recall": 0.5703, "lr": 0.008}, {"epoch": 1, "loss": 157.86353800780586, "eval_loss": 153.94377019602783, "train_recall": 0.5666353535353535, "val_recall": 0.5872, "lr": 0.008}, {"epoch": 2, "loss": 157.3869521737646, "eval_loss": 153.12882137906018, "train_recall": 0.5686616161616161, "val_recall": 0.5856, "lr": 0.008}, {"epoch": 3, "loss": 157.15659721759704, "eval_loss": 153.14628472297815, "train_recall": 0.5701272727272727, "val_recall": 0.5915, "lr": 0.008}, {"epoch": 4, "loss": 156.96484756445065, "eval_loss": 153.41870532673636, "train_recall": 0.5710545454545455, "val_recall": 0.5899, "lr": 0.008}, {"epoch": 5, "loss": 156.81396759928865, "eval_loss": 152.78623580932617, "train_recall": 0.5719969696969697, "val_recall": 0.6036, "lr": 0.008}, {"epoch": 6, "loss": 156.69408644115742, "eval_loss": 153.11835504033763, "train_recall": 0.5721747474747475, "val_recall": 0.5912, "lr": 0.008}, {"epoch": 7, "loss": 156.60383084342988, "eval_loss": 152.67606528701296, "train_recall": 0.5732181818181818, "val_recall": 0.5907, "lr": 0.008}, {"epoch": 8, "loss": 156.5291302218774, "eval_loss": 152.83353229692787, "train_recall": 0.5735535353535354, "val_recall": 0.5894, "lr": 0.008}, {"epoch": 9, "loss": 156.47862855029774, "eval_loss": 152.43943934835445, "train_recall": 0.5733434343434344, "val_recall": 0.6018, "lr": 0.008}, {"epoch": 10, "loss": 151.90732824172792, "eval_loss": 148.21212423531114, "train_recall": 0.604359595959596, "val_recall": 0.6299, "lr": 0.00168}, {"epoch": 11, "loss": 151.40574562003212, "eval_loss": 148.07895815903973, "train_recall": 0.6054121212121212, "val_recall": 0.6202, "lr": 0.00168}], "train_total": {"correct": 599358, "final_recall": 0.6054121212121212}, "training_time": 19895.002564907074, "eval_time": 0.12834596633911133}}, {"ins_id": 1, "dataset_partition": {"count_label_time": 476.8219542503357, "total_time": 477.346396446228, "cluster_number_distribution": [10092, 3731, 3916, 4482, 4895, 1803, 1463, 1938, 3101, 4573, 999, 4737, 7290, 3159, 1884, 2524, 2549, 3274, 8166, 3827, 1718, 433, 2652, 4568, 4748, 4442, 5967, 904, 2424, 943, 10719, 1756, 1688, 2990, 7643, 3112, 8957, 1248, 2657, 2319, 6327, 2378, 1552, 5624, 3861, 11254, 2624, 7249, 4939, 1918, 2369, 1773, 3948, 1962, 1933, 1451, 2152, 2980, 18696, 2440, 1750, 4135, 2611, 4182, 3218, 15048, 2429, 8393, 2579, 1926, 2542, 6869, 3956, 12421, 1389, 1457, 4815, 1622, 3844, 2700, 1331, 1249, 1556, 12074, 3536, 4126, 3263, 6747, 2808, 5911, 1155, 4307, 12958, 1063, 2376, 7427, 5513, 4442, 3119, 2719, 3624, 3351, 2371, 4130, 6715, 870, 2812, 6416, 3461, 10746, 3126, 1207, 7528, 3844, 12811, 6497, 3505, 2624, 2204, 8387, 2071, 3932, 2140, 2381, 4070, 946, 11541, 6156, 11106, 3822, 6830, 3323, 2721, 4057, 5190, 1874, 3437, 3024, 2227, 3254, 1053, 4130, 953, 2933, 3653, 3992, 3791, 1818, 2795, 1774, 4622, 2976, 2150, 3045, 6229, 2000, 2577, 3448, 4134, 1363, 651, 2466, 2026, 1662, 3441, 3265, 2864, 2978, 2526, 2227, 3491, 4795, 2019, 1067, 18054, 2592, 2776, 4426, 10743, 3275, 878, 2959, 224, 2372, 4262, 3635, 1489, 1663, 2710, 849, 456, 7060, 4692, 4311, 3235, 4974, 1696, 2400, 3656, 1226, 1759, 5780, 3280, 1322, 1942, 1413, 1824, 1642, 8524, 1545, 348, 2692, 1479, 2523, 3611, 3489, 2049, 6267, 4849, 5529, 4214, 2720, 3483, 3009, 3889, 2852, 12658, 1444, 1382, 3920, 1655, 1672, 1489, 5557, 1582, 1849, 12203, 4467, 4735, 2854, 2376, 7695, 5338, 3618, 6416, 3332, 1993, 2119, 693, 13342, 399, 1650, 2126, 1381, 5669, 17207]}, "prepare_train_sample": {"time": 0.9414761066436768}, "train_eval_model": {"train_intermediate": [{"epoch": 0, "loss": 159.54380429570156, "eval_loss": 152.19498975717337, "train_recall": 0.561250505050505, "val_recall": 0.5969, "lr": 0.008}, {"epoch": 1, "loss": 156.43390275897372, "eval_loss": 151.78471986807077, "train_recall": 0.5770333333333333, "val_recall": 0.611, "lr": 0.008}, {"epoch": 2, "loss": 155.96219775474668, "eval_loss": 151.3554379651501, "train_recall": 0.5790757575757576, "val_recall": 0.6094, "lr": 0.008}, {"epoch": 3, "loss": 155.73390115437923, "eval_loss": 151.50539004574915, "train_recall": 0.5790626262626263, "val_recall": 0.6228, "lr": 0.008}, {"epoch": 4, "loss": 155.5719329544966, "eval_loss": 150.94387146773613, "train_recall": 0.5808616161616161, "val_recall": 0.6034, "lr": 0.008}, {"epoch": 5, "loss": 155.40318494388995, "eval_loss": 151.2672641778448, "train_recall": 0.5808848484848484, "val_recall": 0.6106, "lr": 0.008}, {"epoch": 6, "loss": 155.27279154393875, "eval_loss": 150.81453316075027, "train_recall": 0.582039393939394, "val_recall": 0.5972, "lr": 0.008}, {"epoch": 7, "loss": 155.1776109730329, "eval_loss": 151.52074097068447, "train_recall": 0.5824919191919192, "val_recall": 0.6084, "lr": 0.008}, {"epoch": 8, "loss": 155.1172993999237, "eval_loss": 150.52186701100342, "train_recall": 0.5831939393939394, "val_recall": 0.6064, "lr": 0.008}, {"epoch": 9, "loss": 155.0531009869135, "eval_loss": 150.8566556067983, "train_recall": 0.5830090909090909, "val_recall": 0.5918, "lr": 0.008}, {"epoch": 10, "loss": 150.50346988009932, "eval_loss": 146.42457361889493, "train_recall": 0.6121909090909091, "val_recall": 0.6395, "lr": 0.00168}, {"epoch": 11, "loss": 149.97269778923948, "eval_loss": 146.43021701399687, "train_recall": 0.6125929292929293, "val_recall": 0.6365, "lr": 0.00168}], "train_total": {"correct": 606467, "final_recall": 0.6125929292929293}, "training_time": 19792.380214691162, "eval_time": 0.11467099189758301}}, {"ins_id": 2, "dataset_partition": {"count_label_time": 467.9965732097626, "total_time": 468.5198709964752,