{"total_time_consume": 15469.040185928345, "preprocess": {"kmeans_time": 4919.405881881714, "random_projection_time": 0.0178983211517334, "total_time": 4919.656529426575}, "classifier": [{"ins_id": 0, "dataset_partition": {"count_label_time": 206.55464506149292, "total_time": 206.70955348014832, "cluster_number_distribution": [3679, 2341, 2883, 4027, 4547, 6767, 3441, 7121, 4527, 6805, 6386, 3523, 2683, 4847, 2024, 4622, 4966, 2437, 2564, 9835, 3857, 2371, 2519, 2741, 3917, 6793, 3024, 3226, 4234, 1417, 2484, 7287, 4305, 6450, 3195, 1726, 5789, 3692, 10332, 6792, 4089, 3067, 4334, 4651, 3157, 5127, 3821, 3340, 3088, 3696, 2942, 3313, 2238, 5672, 3298, 2369, 2536, 4876, 4194, 4306, 7885, 4832, 3854, 3780, 2189, 5060, 2747, 4711, 2575, 2150, 1805, 2346, 2646, 6079, 3893, 1195, 2476, 4173, 2207, 5507, 2912, 2433, 1561, 3940, 4060, 4347, 3760, 5884, 2349, 4479, 7487, 1844, 6625, 4430, 4465, 5119, 5553, 4200, 2150, 5084, 3618, 6714, 2283, 2271, 760, 5156, 1999, 2596, 3614, 6921, 4345, 4731, 4209, 1239, 2666, 2384, 4493, 3454, 2403, 1388, 1999, 4156, 4203, 3528, 4574, 3049, 2029, 2771, 2174, 3036, 3745, 3321, 2616, 3794, 3049, 3347, 2492, 5240, 3449, 9462, 2090, 3303, 3722, 1611, 1422, 3459, 3555, 2221, 4509, 6305, 2430, 2445, 2770, 4892, 1779, 2108, 4773, 2834, 4555, 5145, 2489, 1939, 5047, 1580, 3110, 3179, 2156, 3060, 4235, 7931, 3229, 2952, 1072, 2628, 2733, 6318, 5320, 5326, 2103, 8300, 3179, 4364, 2373, 2914, 2989, 3794, 3624, 1906, 5589, 3886, 9567, 3663, 3474, 6161, 3379, 5931, 3316, 4863, 2420, 6446, 4522, 2080, 5670, 3681, 2108, 2680, 6484, 3164, 4776, 3939, 1835, 3952, 4071, 4807, 5657, 4991, 4132, 3051, 1651, 3261, 3674, 3191, 5004, 4151, 4100, 2535, 2172, 3867, 4390, 10675, 3970, 3932, 2463, 4791, 2454, 1336, 2236, 2249, 3146, 2880, 5593, 4081, 2861, 2213, 2996, 5977, 4598, 3553, 2925, 4808, 16606, 4691, 3544, 5379, 8257, 3357]}, "prepare_train_sample": {"time": 0.6106541156768799}, "train_eval_model": {"train_config": {"model_name": "one_block_8192_dim", "lr": 0.001, "n_epochs": 12, "milestones": [3, 7]}, "train_intermediate": [{"epoch": 0, "loss": 55.050091075986614, "eval_loss": 50.40565018776135, "train_recall": 0.6782090909090909, "val_recall": 0.7231, "lr": 0.001}, {"epoch": 1, "loss": 51.54636202734913, "eval_loss": 50.23763105196831, "train_recall": 0.7040858585858586, "val_recall": 0.7234, "lr": 0.001}, {"epoch": 2, "loss": 51.08459485553988, "eval_loss": 49.931578159332275, "train_recall": 0.7098747474747474, "val_recall": 0.722, "lr": 0.001}, {"epoch": 3, "loss": 50.450764332359554, "eval_loss": 49.55949673285851, "train_recall": 0.7196525252525252, "val_recall": 0.7345, "lr": 0.0001}, {"epoch": 4, "loss": 50.350221632184855, "eval_loss": 49.5393904539255, "train_recall": 0.7199585858585859, "val_recall": 0.7336, "lr": 0.0001}, {"epoch": 5, "loss": 50.29866256662079, "eval_loss": 49.4637348590753, "train_recall": 0.720269696969697, "val_recall": 0.7373, "lr": 0.0001}, {"epoch": 6, "loss": 50.25728943036816, "eval_loss": 49.5028699361361, "train_recall": 0.7207434343434344, "val_recall": 0.7374, "lr": 0.0001}, {"epoch": 7, "loss": 50.199777687736876, "eval_loss": 49.428743093441696, "train_recall": 0.7213848484848485, "val_recall": 0.732, "lr": 1e-05}, {"epoch": 8, "loss": 50.19021456709474, "eval_loss": 49.38106826635507, "train_recall": 0.7212989898989899, "val_recall": 0.7374, "lr": 1e-05}, {"epoch": 9, "loss": 50.18247901708611, "eval_loss": 49.44017028808594, "train_recall": 0.7213333333333334, "val_recall": 0.7304, "lr": 1e-05}, {"epoch": 10, "loss": 50.17665138803202, "eval_loss": 49.40474407489483, "train_recall": 0.7214717171717172, "val_recall": 0.7339, "lr": 1e-05}, {"epoch": 11, "loss": 50.17476469020743, "eval_loss": 49.44098498271062, "train_recall": 0.7214202020202021, "val_recall": 0.7329, "lr": 1e-05}], "train_total": {"correct": 714206, "final_recall": 0.7214202020202021}, "training_time": 2293.1802320480347, "eval_time": 0.021024703979492188}}, {"ins_id": 1, "dataset_partition": {"count_label_time": 199.82978320121765, "total_time": 199.9985020160675, "cluster_number_distribution": [5788, 6233, 4467, 7814, 3377, 5509, 9217, 5158, 3174, 2900, 3904, 1783, 3001, 2643, 2858, 2469, 3337, 2943, 2492, 4327, 3916, 2824, 3270, 3485, 8587, 3488, 5671, 3620, 3894, 4951, 2769, 2728, 4080, 4407, 2585, 3511, 9492, 2504, 1453, 2610, 3078, 1017, 4353, 7220, 2603, 4997, 3794, 2976, 4187, 12220, 4701, 5281, 4947, 3576, 4394, 2204, 1184, 5974, 1893, 3231, 4625, 3235, 3952, 1351, 6890, 4466, 3746, 5550, 3329, 2880, 4044, 2803, 5347, 4705, 5051, 6379, 3724, 4473, 4114, 2426, 3477, 4070, 5754, 3170, 5242, 3457, 2719, 3938, 1065, 2633, 4769, 2764, 3708, 3787, 6609, 4290, 3243, 2291, 1938, 2597, 3885, 4017, 4062, 12259, 4259, 1704, 2793, 3798, 3090, 3836, 3237, 4211, 2246, 7664, 2198, 2985, 3192, 3152, 6857, 4871, 3017, 3549, 3349, 3593, 2607, 3766, 3899, 5119, 6390, 2859, 2351, 2802, 3010, 2317, 3833, 2108, 3318, 2788, 2319, 3725, 2318, 6199, 2966, 1776, 2812, 4671, 1632, 3626, 2291, 3985, 10815, 7359, 1614, 2566, 2057, 5045, 1501, 3912, 3096, 3727, 3269, 2673, 3366, 5382, 2917, 1901, 7270, 4724, 3054, 4991, 3365, 2509, 2991, 4990, 2755, 7343, 4564, 2999, 2621, 4185, 9011, 4546, 3212, 2568, 4763, 6866, 2880, 7894, 8428, 2821, 3929, 2347, 2923, 2065, 2483, 1890, 3383, 5289, 4017, 2457, 7533, 3971, 5480, 3443, 3188, 2232, 2863, 4781, 2895, 5280, 4526, 3402, 5248, 3225, 2824, 2264, 5520, 3648, 3745, 2750, 4992, 3212, 2529, 1761, 3864, 4489, 4396, 2075, 2630, 6631, 3394, 4996, 1986, 2757, 5656, 2928, 3560, 2905, 2745, 9425, 4251, 1004, 3424, 3518, 2218, 3672, 3098, 6056, 3248, 3057, 2653, 2880, 6323, 3524, 2565, 4436]}, "prepare_train_sample": {"time": 0.5615737438201904}, "train_eval_model": {"train_config": {"model_name": "one_block_8192_dim", "lr": 0.001, "n_epochs": 12, "milestones": [3, 7]}, "train_intermediate": [{"epoch": 0, "loss": 54.27629901419769, "eval_loss": 49.684308822338394, "train_recall": 0.6806616161616161, "val_recall": 0.7218, "lr": 0.001}, {"epoch": 1, "loss": 50.768942093268876, "eval_loss": 49.29807942952865, "train_recall": 0.7066636363636364, "val_recall": 0.7219, "lr": 0.001}, {"epoch": 2, "loss": 50.29913798213009, "eval_loss": 49.215138545403114, "train_recall": 0.7112434343434343, "val_recall": 0.7233, "lr": 0.001}, {"epoch": 3, "loss": 49.68391267469644, "eval_loss": 48.75267506868411, "train_recall": 0.7214040404040404, "val_recall": 0.7335, "lr": 0.0001}, {"epoch": 4, "loss": 49.57175815275368, "eval_loss": 48.79579237179878, "train_recall": 0.7218676767676767, "val_recall": 0.7312, "lr": 0.0001}, {"epoch": 5, "loss": 49.518061278042616, "eval_loss": 48.7649436608339, "train_recall": 0.7217686868686869, "val_recall": 0.738, "lr": 0.0001}, {"epoch": 6, "loss": 49.47903382881821, "eval_loss": 48.71459462092473, "train_recall": 0.7222121212121212, "val_recall": 0.7345, "lr": 0.0001}, {"epoch": 7, "loss": 49.41676291472449, "eval_loss": 48.68356293898363, "train_recall": 0.7225545454545454, "val_recall": 0.7322, "lr": 1e-05}, {"epoch": 8, "loss": 49.41442884984097, "eval_loss": 48.662252316108116, "train_recall": 0.7226484848484849, "val_recall": 0.7341, "lr": 1e-05}, {"epoch": 9, "loss": 49.40164001535867, "eval_loss": 48.66815035159771, "train_recall": 0.7225222222222222, "val_recall": 0.7334, "lr": 1e-05}, {"epoch": 10, "loss": 49.39294016057212, "eval_loss": 48.66858792916322, "train_recall": 0.7228686868686869, "val_recall": 0.7305, "lr": 1e-05}, {"epoch": 11, "loss": 49.3953489477511, "eval_loss": 48.67885109094473, "train_recall": 0.7227434343434344, "val_recall": 0.7339, "lr": 1e-05}], "train_total": {"correct": 715516, "final_recall": 0.7227434343434344}, "training_time": 2269.550825357437, "eval_time": 0.008758068084716797}}, {"ins_id": 2, "dataset_partition": {"count_label_time": 198.8831856250763, "total_time": 199.04662442207336,