{"total_time_consume": 13446.491584062576, "preprocess": {"total_time": 0.04525899887084961}, "classifier": [{"ins_id": 0, "dataset_partition": {"bulid_graph_time": 1451.9423458576202, "save_graph_time": 27.92477059364319, "graph_partition_time": 86.33654069900513, "total_time": 1566.3987090587616, "cluster_number_distribution": [4011, 3474, 4018, 4023, 3999, 4010, 3886, 4023, 4021, 4014, 4021, 3988, 4005, 3954, 4018, 4022, 173, 3989, 4002, 4013, 3991, 4014, 4019, 4012, 4016, 3977, 4023, 3988, 4023, 4013, 4017, 4023, 4021, 4005, 4002, 4017, 4007, 4020, 4021, 4010, 4020, 4018, 1521, 4011, 4019, 4019, 4010, 4013, 3996, 4022, 4023, 3944, 3987, 4015, 4009, 4008, 3971, 4018, 4023, 4016, 4004, 3981, 4021, 4019, 3980, 4021, 4020, 4002, 3969, 3991, 4018, 4018, 1346, 4023, 3961, 4023, 4015, 3924, 4022, 4022, 4023, 4016, 4013, 1313, 4020, 3997, 4015, 4019, 4023, 4023, 4021, 4003, 4022, 4001, 4021, 4000, 4023, 4021, 4016, 3890, 4018, 4016, 4023, 4023, 4024, 4024, 3899, 3636, 4024, 3962, 4022, 3777, 4023, 4019, 4023, 4021, 4015, 3999, 4023, 3900, 4023, 4022, 4020, 4020, 4003, 4001, 4018, 4016, 4023, 4022, 3982, 4021, 0, 4018, 4020, 4004, 4015, 3993, 4019, 4023, 4020, 4018, 4022, 4021, 4007, 3969, 4014, 3962, 4020, 4021, 4021, 4017, 4021, 4023, 4020, 4020, 4023, 3993, 4009, 4022, 4022, 4019, 4016, 3867, 3989, 3791, 3990, 4022, 4024, 4021, 4021, 4021, 4016, 4014, 4024, 4020, 4016, 3997, 3997, 4019, 3902, 4023, 4014, 4018, 4015, 4023, 4023, 4020, 4020, 3996, 3894, 3963, 3897, 3776, 4023, 3843, 4020, 4022, 4013, 4014, 4022, 3995, 4022, 4020, 3937, 3942, 4016, 4009, 3996, 4023, 4022, 524, 4014, 4014, 4023, 4022, 4017, 3950, 3998, 3990, 4023, 4019, 4021, 3987, 3880, 3958, 3996, 4015, 4011, 3986, 4002, 2282, 4020, 3306, 3980, 4022, 4021, 4014, 4023, 4023, 3421, 4020, 4015, 3931, 4022, 3701, 3009, 3963, 4023, 4018, 3945, 4021, 3919, 4023, 3993, 4023]}, "prepare_train_sample": {"time": 0.4328925609588623}, "train_eval_model": {"train_config": {"model_name": "one_block_2048_dim", "lr": 0.004, "n_epochs": 12, "milestones": [3, 7]}, "train_intermediate": [{"epoch": 0, "loss": 63.09133939801304, "eval_loss": 51.41090404070341, "train_recall": 0.6118727272727272, "val_recall": 0.7021, "lr": 0.004}, {"epoch": 1, "loss": 60.848764151674814, "eval_loss": 50.83012699469542, "train_recall": 0.6488373737373737, "val_recall": 0.7101, "lr": 0.004}, {"epoch": 2, "loss": 60.43187343041182, "eval_loss": 50.65521130195031, "train_recall": 0.657559595959596, "val_recall": 0.7216, "lr": 0.004}, {"epoch": 3, "loss": 59.323239811529426, "eval_loss": 49.7832960104331, "train_recall": 0.6833606060606061, "val_recall": 0.7369, "lr": 0.0004}, {"epoch": 4, "loss": 59.17175537828492, "eval_loss": 49.70531368255615, "train_recall": 0.6866777777777778, "val_recall": 0.7401, "lr": 0.0004}, {"epoch": 5, "loss": 59.10969022701594, "eval_loss": 49.69267298013736, "train_recall": 0.6884393939393939, "val_recall": 0.7414, "lr": 0.0004}, {"epoch": 6, "loss": 59.06644193431843, "eval_loss": 49.67736984521915, "train_recall": 0.6898949494949494, "val_recall": 0.7388, "lr": 0.0004}, {"epoch": 7, "loss": 58.96279158232943, "eval_loss": 49.623543170782234, "train_recall": 0.6925141414141414, "val_recall": 0.7469, "lr": 4e-05}, {"epoch": 8, "loss": 58.947220966272404, "eval_loss": 49.671388656665115, "train_recall": 0.6928474747474748, "val_recall": 0.7436, "lr": 4e-05}, {"epoch": 9, "loss": 58.940062647334095, "eval_loss": 49.6897931037805, "train_recall": 0.6926070707070707, "val_recall": 0.741, "lr": 4e-05}, {"epoch": 10, "loss": 58.932680215023915, "eval_loss": 49.60326527937865, "train_recall": 0.6931969696969696, "val_recall": 0.7452, "lr": 4e-05}, {"epoch": 11, "loss": 58.933455330509325, "eval_loss": 49.595205612671684, "train_recall": 0.6929676767676768, "val_recall": 0.7444, "lr": 4e-05}], "train_total": {"correct": 686038, "final_recall": 0.6929676767676768}, "training_time": 4583.0582501888275, "eval_time": 0.25470829010009766}}, {"ins_id": 1, "dataset_partition": {"bulid_graph_time": 2116.153113603592, "save_graph_time": 29.4543297290802, "graph_partition_time": 57.672489643096924, "total_time": 2203.4706785678864, "cluster_number_distribution": [4023, 3846, 4023, 4023, 4022, 3755, 3979, 4023, 3903, 4007, 4006, 3807, 4012, 4021, 3858, 4021, 3997, 4021, 4020, 3999, 4012, 4022, 4007, 4022, 3989, 4021, 4020, 4023, 4024, 4022, 4022, 3959, 4018, 3973, 4022, 3049, 3943, 2332, 4024, 3984, 4021, 3852, 3912, 4011, 4021, 3964, 4019, 4012, 3927, 4021, 3985, 4023, 3993, 2186, 4022, 4019, 3977, 4021, 4014, 4002, 4021, 3912, 3987, 4017, 4017, 4019, 4022, 3999, 4017, 3420, 4024, 4022, 4021, 3976, 3977, 3982, 3982, 3981, 4024, 3997, 3990, 4022, 4020, 4022, 1777, 4016, 4016, 3999, 4022, 4021, 4017, 4018, 4022, 3977, 3960, 4023, 4022, 3982, 4008, 1122, 4020, 4024, 4020, 4021, 4010, 3520, 4006, 4019, 4018, 4024, 3517, 3986, 4021, 3902, 4018, 4010, 3927, 3849, 4007, 3688, 4008, 3994, 4014, 4003, 4010, 4023, 3989, 4023, 3946, 3996, 4017, 4013, 4009, 4014, 4015, 641, 3880, 4023, 4021, 4009, 4024, 4014, 3997, 3953, 4004, 4024, 4014, 4012, 4017, 4023, 4022, 4023, 3873, 4022, 4018, 4013, 4020, 3991, 4023, 3958, 4022, 4011, 4020, 4017, 4021, 3997, 4000, 3893, 3866, 3968, 4023, 3908, 2110, 3993, 4009, 4022, 4023, 4008, 3950, 3822, 4008, 4002, 4018, 4008, 3790, 4009, 4020, 3906, 4018, 4021, 4020, 4012, 3950, 4023, 4015, 4021, 3879, 3953, 4022, 3412, 4005, 3829, 4024, 4015, 3989, 3989, 4022, 4002, 4019, 4024, 4002, 4018, 4005, 2458, 4024, 4020, 3962, 3397, 4024, 4023, 4018, 4021, 3841, 3998, 3976, 3991, 4023, 4000, 3750, 4015, 4023, 4015, 4021, 3983, 4019, 4022, 4022, 3639, 1507, 3900, 4019, 3915, 3985, 3998, 3930, 3947, 4008, 4019, 4022, 3990, 4023, 4020, 4004, 4021, 4023, 4022]}, "prepare_train_sample": {"time": 0.6286904811859131}, "train_eval_model": {"train_config": {"model_name": "one_block_2048_dim", "lr": 0.004, "n_epochs": 12, "milestones": [3, 7]}, "train_intermediate": [{"epoch": 0, "loss": 66.09032079295481, "eval_loss": 53.97903436269515, "train_recall": 0.5845949494949495, "val_recall": 0.6838, "lr": 0.004}, {"epoch": 1, "loss": 63.888269206126374, "eval_loss": 53.642867063864685, "train_recall": 0.619669696969697, "val_recall": 0.6845, "lr": 0.004}, {"epoch": 2, "loss": 63.49266430201618, "eval_loss": 53.328067779541016, "train_recall": 0.6276717171717172, "val_recall": 0.6927, "lr": 0.004}, {"epoch": 3, "loss": 62.39510009834183, "eval_loss": 52.64894610184889, "train_recall": 0.6516757575757576, "val_recall": 0.7174, "lr": 0.0004}, {"epoch": 4, "loss": 62.254111850061705, "eval_loss": 52.54949215130928, "train_recall": 0.6554222222222222, "val_recall": 0.7198, "lr": 0.0004}, {"epoch": 5, "loss": 62.187195092161254, "eval_loss": 52.47400563802474, "train_recall": 0.6569929292929293, "val_recall": 0.7227, "lr": 0.0004}, {"epoch": 6, "loss": 62.142285671616996, "eval_loss": 52.43947953444261, "train_recall": 0.6585060606060607, "val_recall": 0.7185, "lr": 0.0004}, {"epoch": 7, "loss": 62.037010537756125, "eval_loss": 52.39898054416363, "train_recall": 0.6608565656565657, "val_recall": 0.7208, "lr": 4e-05}, {"epoch": 8, "loss": 62.02193092466784, "eval_loss": 52.391718460963325, "train_recall": 0.6615090909090909, "val_recall": 0.7209, "lr": 4e-05}, {"epoch": 9, "loss": 62.0218253580351, "eval_loss": 52.380178488217865, "train_recall": 0.6611050505050505, "val_recall": 0.7205, "lr": 4e-05}, {"epoch": 10, "loss": 62.010796496473326, "eval_loss": 52.412826843750786, "train_recall": 0.6611272727272727, "val_recall": 0.7194, "lr": 4e-05}, {"epoch": 11, "loss": 62.00575826955442, "eval_loss": 52.393366838112854, "train_recall": 0.6618787878787878, "val_recall": 0.7199, "lr": 4e-05}], "train_total": {"correct": 655260, "final_recall": 0.6618787878787878}, "training_time": 4795.681175947189, "eval_time": 0.07029962539672852}}], "integrate": {"time": 109.37970995903015}, "count_recall": {"time": 167.83119821548462}}