{"total_time_consume": 760.634637594223, "preprocess": {"total_time": 0.2950725555419922}, "classifier": [{"ins_id": 1, "dataset_partition": {"time": 1.732750415802002, "cluster_number_distribution": [282920, 289518, 91496, 3666, 6, 0, 0, 0, 0, 0, 0, 0, 0, 282, 42305, 289807]}, "predict": {"time": 0.050341129302978516}}, {"ins_id": 2, "dataset_partition": {"time": 2.1307613849639893, "cluster_number_distribution": [141816, 2829, 1, 0, 0, 0, 0, 0, 0, 0, 0, 0, 50, 15352, 300031, 539921]}, "predict": {"time": 0.011758565902709961}}], "integrate": {"time": 620.5538375377655}, "count_recall": {"time": 118.1130735874176}}