{"total_time_consume": 13635.838212251663, "preprocess": {"total_time": 0.20517206192016602}, "classifier": [{"ins_id": 0, "dataset_partition": {"bulid_graph_time": 70.5089066028595, "save_graph_time": 38.39584946632385, "graph_partition_time": 138.0878574848175, "total_time": 247.1582899093628, "cluster_number_distribution": [4021, 4022, 3833, 3873, 4022, 3697, 4022, 4024, 4024, 3981, 3964, 3210, 3932, 4024, 4022, 4024, 4024, 3959, 3961, 3935, 4023, 3961, 3906, 3874, 4024, 4024, 4024, 4019, 3947, 3923, 4024, 4024, 4024, 3866, 4024, 3966, 3997, 3906, 4009, 3917, 3738, 3954, 4023, 4023, 4023, 4024, 3906, 4024, 4022, 4024, 4024, 3965, 4023, 4022, 4024, 4023, 4023, 4023, 4011, 3982, 4022, 4024, 4019, 4024, 1816, 3860, 4017, 4008, 4024, 3965, 4014, 4023, 3976, 3961, 4024, 3958, 4021, 4024, 4024, 4020, 3991, 3967, 3991, 1619, 4022, 4017, 4023, 4014, 4023, 4016, 4023, 4023, 4024, 4012, 3992, 4020, 3046, 4024, 4023, 4023, 4022, 4024, 3970, 4023, 4022, 3973, 3891, 4023, 4021, 4022, 4023, 4024, 4023, 3944, 4022, 4007, 4023, 4009, 3933, 3948, 4023, 4024, 4018, 3958, 4019, 3943, 3944, 3985, 3593, 4024, 4024, 3999, 3891, 1640, 4024, 2863, 4004, 3857, 4012, 4024, 2754, 3810, 4021, 4002, 3997, 4022, 3914, 4023, 3990, 4024, 925, 4018, 3917, 4023, 3931, 3889, 4000, 3864, 3934, 4014, 3868, 3913, 4024, 4023, 3996, 3994, 3948, 4024, 4024, 4023, 4023, 4014, 3924, 4023, 4022, 4024, 3894, 4024, 3869, 4023, 4024, 4023, 3991, 3901, 4024, 3881, 4003, 3969, 4023, 3923, 4022, 4023, 4023, 3961, 3846, 3618, 3912, 4024, 3659, 4024, 3994, 4024, 4023, 3699, 4024, 4022, 3921, 3938, 3936, 4023, 4013, 4012, 3955, 3829, 3834, 3936, 3918, 3787, 3872, 3334, 3293, 4023, 3853, 3681, 3998, 3791, 3955, 4023, 3896, 4023, 3969, 3799, 4022, 4009, 3685, 3754, 4023, 4024, 3750, 4014, 4024, 4024, 3997, 3861, 3917, 3973, 3983, 3794, 3995, 4024, 3929, 3964, 3837, 4024, 4023, 2859]}, "prepare_train_sample": {"time": 0.7252023220062256}, "train_eval_model": {"train_intermediate": [{"epoch": 0, "loss": 126.47353991376454, "eval_loss": 118.6503162628565, "train_recall": 0.15498989898989898, "val_recall": 0.1885, "lr": 0.004}, {"epoch": 1, "loss": 125.53703282877197, "eval_loss": 117.7372388350658, "train_recall": 0.16260404040404042, "val_recall": 0.1922, "lr": 0.004}, {"epoch": 2, "loss": 118.38923748028812, "eval_loss": 110.5982119731414, "train_recall": 0.22014545454545453, "val_recall": 0.2629, "lr": 0.00084}, {"epoch": 3, "loss": 117.95844090449987, "eval_loss": 110.68906828073355, "train_recall": 0.22487474747474748, "val_recall": 0.2671, "lr": 0.00084}, {"epoch": 4, "loss": 117.79082651554769, "eval_loss": 110.61211561545348, "train_recall": 0.2259, "val_recall": 0.2697, "lr": 0.00084}, {"epoch": 5, "loss": 117.66997273080732, "eval_loss": 109.64567025502522, "train_recall": 0.22748888888888888, "val_recall": 0.2793, "lr": 0.00084}, {"epoch": 6, "loss": 114.9387612254517, "eval_loss": 105.28674597617908, "train_recall": 0.2522989898989899, "val_recall": 0.3144, "lr": 0.0001764}, {"epoch": 7, "loss": 113.27110144879077, "eval_loss": 102.96640589298346, "train_recall": 0.2669030303030303, "val_recall": 0.324, "lr": 0.0001764}, {"epoch": 8, "loss": 112.10447588431472, "eval_loss": 102.50040201040414, "train_recall": 0.2778939393939394, "val_recall": 0.3362, "lr": 0.0001764}, {"epoch": 9, "loss": 111.31660032421847, "eval_loss": 101.37900139735295, "train_recall": 0.2874848484848485, "val_recall": 0.342, "lr": 0.0001764}, {"epoch": 10, "loss": 110.82946634926084, "eval_loss": 100.88284944876646, "train_recall": 0.29193131313131315, "val_recall": 0.347, "lr": 0.0001764}, {"epoch": 11, "loss": 110.44493828284685, "eval_loss": 100.79504722203964, "train_recall": 0.2964868686868687, "val_recall": 0.3509, "lr": 0.0001764}], "train_total": {"correct": 293522, "final_recall": 0.2964868686868687}, "training_time": 3044.7346093654633, "eval_time": 0.007857322692871094}}, {"ins_id": 1, "dataset_partition": {"bulid_graph_time": 63.061758518218994, "save_graph_time": 41.001768827438354, "graph_partition_time": 218.30721306800842, "total_time": 322.52274990081787, "cluster_number_distribution": [4023, 4023, 4023, 4023, 3949, 3742, 3990, 4024, 3952, 4007, 4023, 3918, 4024, 4023, 3987, 3908, 4007, 4024, 4023, 3921, 3950, 469, 1013, 4003, 3807, 3988, 4024, 3958, 4023, 3989, 4023, 3879, 4021, 4017, 4023, 4023, 4019, 4024, 4023, 4023, 4023, 3910, 4024, 3930, 3932, 4023, 4020, 3982, 3968, 4023, 3942, 4019, 4023, 4023, 4023, 4018, 4023, 3956, 3996, 4023, 4024, 3965, 4012, 4022, 3799, 4021, 4023, 4023, 4023, 3884, 4008, 4004, 3519, 4024, 4022, 3982, 3961, 4023, 4024, 4024, 4005, 4023, 4024, 4023, 0, 3923, 4023, 4023, 3983, 4023, 3870, 4018, 3955, 3936, 4022, 4023, 3885, 3985, 4003, 3939, 4024, 4024, 4023, 3962, 4022, 4024, 4023, 4024, 3976, 4024, 4023, 4017, 4017, 3995, 4016, 3975, 4020, 3949, 4006, 4022, 4022, 3994, 4023, 4016, 3973, 3931, 4021, 3996, 4019, 3923, 3988, 4024, 4021, 4023, 4024, 3515, 4023, 3928, 4017, 3913, 3961, 4004, 3877, 4023, 4023, 4022, 4019, 3899, 4013, 4022, 4020, 4023, 3981, 4023, 4016, 4014, 4023, 4021, 4022, 3844, 3990, 4023, 4022, 4022, 3862, 4023, 3971, 4021, 4023, 4019, 3974, 3961, 4023, 3949, 4003, 4004, 3970, 4020, 4023, 4023, 4022, 4023, 0, 4023, 4023, 4023, 4012, 4016, 4024, 4022, 4021, 4023, 4023, 4020, 4023, 4023, 4016, 4023, 4023, 4023, 3975, 4006, 3973, 4023, 4018, 4010, 4019, 4023, 3963, 4021, 4023, 4023, 4023, 4021, 4021, 3983, 4023, 4023, 4022, 4024, 3982, 4015, 4023, 4023, 4022, 4001, 4012, 4007, 4015, 4019, 3999, 3987, 4023, 3989, 4013, 4023, 3903, 3947, 4016, 4006, 4023, 4018, 4023, 3987, 4020, 3987, 4019, 4021, 4016, 4015, 3996, 4018, 0, 4003, 0, 4003]}, "prepare_train_sample": {"time": 0.7689847946166992}, "train_eval_model": {"train_intermediate": [{"epoch": 0, "loss": 129.3880138597588, "eval_loss": 122.46362940470378, "train_recall": 0.13632626262626263, "val_recall": 0.1669, "lr": 0.004}, {"epoch": 1, "loss": 128.58447262419062, "eval_loss": 122.29097312535995, "train_recall": 0.14188787878787879, "val_recall": 0.1572, "lr": 0.004}, {"epoch": 2, "loss": 122.82552803124138, "eval_loss": 114.888152049138, "train_recall": 0.1811929292929293, "val_recall": 0.2118, "lr": 0.00084}, {"epoch": 3, "loss": 122.50168318421252, "eval_loss": 115.88134919680081, "train_recall": 0.18471212121212122, "val_recall": 0.2042, "lr": 0.00084}, {"epoch": 4, "loss": 122.47395851171505, "eval_loss": 115.84081989679581, "train_recall": 0.18451515151515152, "val_recall": 0.2066, "lr": 0.00084}, {"epoch": 5, "loss": 122.4450602133311, "eval_loss": 116.32378167372484, "train_recall": 0.1843141414141414, "val_recall": 0.2069, "lr": 0.00084}, {"epoch": 6, "loss": 120.3832618086248, "eval_loss": 112.72188744178185, "train_recall": 0.19922727272727273, "val_recall": 0.2333, "lr": 0.0001764}, {"epoch": 7, "loss": 119.27874655834084, "eval_loss": 111.28029921115973, "train_recall": 0.2070141414141414, "val_recall": 0.236, "lr": 0.0001764}, {"epoch": 8, "loss": 118.72633242530821, "eval_loss": 110.64203316126114, "train_recall": 0.21167676767676769, "val_recall": 0.2419, "lr": 0.0001764}, {"epoch": 9, "loss": 118.30636195049539, "eval_loss": 110.33938344319661, "train_recall": 0.21464646464646464, "val_recall": 0.2445, "lr": 0.0001764}, {"epoch": 10, "loss": 117.8900495214068, "eval_loss": 109.86205228169759, "train_recall": 0.21857575757575756, "val_recall": 0.249, "lr": 0.0001764}, {"epoch": 11, "loss": 117.63481943717612, "eval_loss": 109.53971520448343, "train_recall": 0.22083636363636364, "val_recall": 0.2495, "lr": 0.0001764}], "train_total": {"correct": 218628, "final_recall": 0.22083636363636364}, "training_time": 3019.1635024547577, "eval_time": 0.005452632904052734}}, {"ins_id": 2, "dataset_partition": {"bulid_graph_time": 73.79512596130371, "save_graph_time": 39.376699686050415, "graph_partition_time": 86.60474252700806, "total_time": 199.92945456504822,