{"total_time_consume": 10719.716228961945, "preprocess": {"total_time": 0.2109074592590332}, "classifier": [{"ins_id": 0, "dataset_partition": {"bulid_graph_time": 70.76270151138306, "save_graph_time": 39.68927335739136, "graph_partition_time": 142.52344417572021, "total_time": 253.1516935825348, "cluster_number_distribution": [3753, 4023, 3956, 4024, 3891, 4015, 3982, 3740, 3882, 4000, 3892, 3232, 3888, 3825, 3902, 2648, 3927, 4024, 3994, 4013, 3839, 4024, 3767, 4011, 3921, 4024, 3599, 3892, 3920, 4024, 3853, 4024, 3789, 3934, 3901, 3754, 2376, 4023, 4024, 4024, 4024, 4023, 4024, 4022, 3943, 4024, 3930, 3434, 4023, 4024, 4024, 4024, 4024, 4021, 4022, 3357, 3983, 3974, 2812, 4024, 3691, 4022, 3847, 3779, 4024, 4024, 3059, 4023, 4024, 4023, 4023, 4024, 4014, 4023, 3957, 4023, 4024, 4023, 4023, 3997, 4024, 3936, 4024, 4020, 4016, 4023, 3882, 3753, 4023, 4024, 3970, 3717, 4016, 4024, 4024, 4022, 3877, 3858, 3913, 4023, 4024, 3880, 4005, 3780, 3915, 4023, 4023, 4023, 4023, 3931, 4024, 4019, 3750, 2485, 3950, 3454, 4007, 3904, 3954, 4005, 4023, 4022, 2584, 4023, 4024, 3652, 3040, 4013, 3984, 4023, 4021, 3920, 3453, 3903, 3847, 4024, 4024, 4020, 4023, 4020, 3936, 4023, 4024, 4024, 4022, 4024, 4007, 3938, 4023, 3995, 4019, 4018, 4023, 4024, 4023, 4024, 4023, 4004, 2642, 4023, 4024, 4003, 4024, 4024, 3909, 4024, 3932, 4023, 4024, 4020, 3923, 3910, 3998, 4019, 4023, 4021, 3414, 4024, 4004, 4000, 4023, 4023, 4006, 4006, 3871, 3750, 3875, 3634, 3653, 4024, 3971, 4022, 4023, 3966, 3914, 4024, 4023, 3905, 3956, 4024, 4001, 3952, 4023, 3906, 4020, 4007, 4023, 4024, 3901, 4023, 4022, 3868, 4020, 4024, 4023, 4023, 3856, 4004, 4022, 4023, 3975, 3808, 3990, 4024, 3996, 3890, 3976, 3913, 3970, 3984, 4024, 4023, 4023, 2634, 4011, 4002, 4020, 3977, 3999, 4017, 4023, 3890, 4022, 2194, 4014, 4023, 4024, 4023, 4024, 4023, 4023, 4023, 4021, 4023, 4023, 4023]}, "prepare_train_sample": {"time": 0.38840246200561523}, "train_eval_model": {"train_config": {"model_name": "one_block_2048_dim", "lr": 0.008, "n_epochs": 12, "milestones": [3, 7]}, "train_intermediate": [{"epoch": 0, "loss": 83.17635183090515, "eval_loss": 77.38921087216109, "train_recall": 0.5504010101010101, "val_recall": 0.6209, "lr": 0.008}, {"epoch": 1, "loss": 80.27306822702103, "eval_loss": 77.25509818394978, "train_recall": 0.5849080808080808, "val_recall": 0.6283, "lr": 0.008}, {"epoch": 2, "loss": 79.79209130403046, "eval_loss": 77.20004675938533, "train_recall": 0.5913959595959596, "val_recall": 0.6271, "lr": 0.008}, {"epoch": 3, "loss": 77.51002006322376, "eval_loss": 75.15697948749249, "train_recall": 0.6238282828282828, "val_recall": 0.663, "lr": 0.0008}, {"epoch": 4, "loss": 77.15031966462712, "eval_loss": 74.81264295333472, "train_recall": 0.6307090909090909, "val_recall": 0.6622, "lr": 0.0008}, {"epoch": 5, "loss": 76.98286109453537, "eval_loss": 74.55106181364793, "train_recall": 0.6329040404040404, "val_recall": 0.6659, "lr": 0.0008}, {"epoch": 6, "loss": 76.89435141101298, "eval_loss": 74.66528669993083, "train_recall": 0.6342494949494949, "val_recall": 0.6645, "lr": 0.0008}, {"epoch": 7, "loss": 76.66803916413024, "eval_loss": 74.40786120830438, "train_recall": 0.6385191919191919, "val_recall": 0.6678, "lr": 8e-05}, {"epoch": 8, "loss": 76.64946334850704, "eval_loss": 74.34775548103528, "train_recall": 0.6391252525252525, "val_recall": 0.6665, "lr": 8e-05}, {"epoch": 9, "loss": 76.63585173479899, "eval_loss": 74.34869008186536, "train_recall": 0.6390848484848485, "val_recall": 0.668, "lr": 8e-05}, {"epoch": 10, "loss": 76.61370980029432, "eval_loss": 74.3569024159358, "train_recall": 0.6394191919191919, "val_recall": 0.6644, "lr": 8e-05}, {"epoch": 11, "loss": 76.61283546963416, "eval_loss": 74.45766846338908, "train_recall": 0.6397727272727273, "val_recall": 0.6686, "lr": 8e-05}], "train_total": {"correct": 633375, "final_recall": 0.6397727272727273}, "training_time": 2474.796659231186, "eval_time": 0.011365890502929688}}, {"ins_id": 1, "dataset_partition": {"bulid_graph_time": 64.44520139694214, "save_graph_time": 40.04509449005127, "graph_partition_time": 177.0858120918274, "total_time": 281.7302129268646, "cluster_number_distribution": [4023, 4023, 4014, 4023, 4021, 4024, 4006, 4004, 4024, 4023, 4023, 4023, 4022, 4023, 4019, 4023, 4021, 4021, 4023, 4023, 4022, 3771, 4022, 4023, 4023, 4024, 4024, 4024, 4010, 4016, 4023, 4023, 4021, 4020, 4023, 4022, 4024, 4023, 4023, 4023, 4022, 4023, 3977, 4022, 4023, 4023, 4017, 4023, 965, 0, 4023, 3955, 4023, 3982, 4014, 3948, 4023, 4018, 3981, 4024, 4023, 4023, 4021, 4023, 3945, 4024, 4023, 3975, 4023, 4023, 4023, 4022, 4023, 3985, 4022, 4017, 1574, 3956, 4010, 3965, 4023, 4019, 4023, 3988, 3938, 2499, 4014, 4023, 4023, 3961, 4014, 4018, 4022, 4022, 3948, 4023, 4023, 4012, 4023, 4015, 4021, 4004, 4016, 4023, 3982, 4016, 4024, 4023, 4023, 3939, 4023, 0, 4019, 4023, 4023, 4023, 2370, 4023, 4022, 4024, 4021, 4023, 4023, 4022, 4023, 4023, 4022, 4022, 3994, 4023, 4011, 3729, 4023, 4021, 4023, 4022, 4024, 4024, 3910, 4021, 4023, 4023, 3968, 3790, 4024, 3998, 4023, 4016, 4023, 4023, 4013, 4019, 3978, 4023, 4017, 3973, 4022, 4024, 4021, 4004, 4014, 4024, 3999, 4021, 3938, 3859, 3874, 4023, 4024, 375, 3995, 3955, 4016, 3980, 4018, 3941, 3941, 4021, 4019, 3995, 4023, 4024, 4023, 476, 3991, 4023, 4014, 3895, 4005, 3950, 4023, 3977, 4023, 3953, 4024, 4023, 3897, 4023, 3895, 4021, 4020, 4000, 3926, 4016, 4023, 4024, 4015, 4005, 4023, 4023, 4024, 4023, 3916, 4024, 4024, 3819, 4007, 3995, 3746, 4023, 3947, 3933, 4016, 3928, 4024, 4023, 4022, 4023, 4023, 4021, 4022, 4024, 3236, 4022, 4019, 4023, 4002, 4024, 4023, 4020, 4020, 4023, 4016, 4022, 4024, 3969, 3914, 3937, 4024, 3938, 4020, 4022, 4017, 4023, 4023, 4005]}, "prepare_train_sample": {"time": 0.597632884979248}, "train_eval_model": {"train_config": {"model_name": "one_block_2048_dim", "lr": 0.008, "n_epochs": 12, "milestones": [3, 7]}, "train_intermediate": [{"epoch": 0, "loss": 95.46656042887474, "eval_loss": 90.70021277207594, "train_recall": 0.41377979797979797, "val_recall": 0.4566, "lr": 0.008}, {"epoch": 1, "loss": 93.21171601365724, "eval_loss": 90.68941925733517, "train_recall": 0.43542929292929294, "val_recall": 0.4642, "lr": 0.008}, {"epoch": 2, "loss": 92.84850025161589, "eval_loss": 90.64917292961708, "train_recall": 0.43865050505050507, "val_recall": 0.4583, "lr": 0.008}, {"epoch": 3, "loss": 90.94869564855539, "eval_loss": 89.07970056778345, "train_recall": 0.4626909090909091, "val_recall": 0.4846, "lr": 0.0008}, {"epoch": 4, "loss": 90.63055135135865, "eval_loss": 88.838118602068, "train_recall": 0.46743636363636365, "val_recall": 0.4856, "lr": 0.0008}, {"epoch": 5, "loss": 90.49750938924778, "eval_loss": 88.8520152752216, "train_recall": 0.4690959595959596, "val_recall": 0.4864, "lr": 0.0008}, {"epoch": 6, "loss": 90.40465153592642, "eval_loss": 88.89199565007137, "train_recall": 0.4704242424242424, "val_recall": 0.4906, "lr": 0.0008}, {"epoch": 7, "loss": 90.22752528682756, "eval_loss": 88.5610446196336, "train_recall": 0.47374848484848486, "val_recall": 0.489, "lr": 8e-05}, {"epoch": 8, "loss": 90.19743170175485, "eval_loss": 88.6834833194048, "train_recall": 0.47392727272727275, "val_recall": 0.489, "lr": 8e-05}, {"epoch": 9, "loss": 90.18197833600463, "eval_loss": 88.51854781615428, "train_recall": 0.4733929292929293, "val_recall": 0.4878, "lr": 8e-05}, {"epoch": 10, "loss": 90.18612679776422, "eval_loss": 88.70137055714925, "train_recall": 0.4736939393939394, "val_recall": 0.4908, "lr": 8e-05}, {"epoch": 11, "loss": 90.16788325131115, "eval_loss": 88.5677326398018, "train_recall": 0.47415858585858583, "val_recall": 0.4932, "lr": 8e-05}], "train_total": {"correct": 469417, "final_recall": 0.47415858585858583}, "training_time": 2247.843407869339, "eval_time": 0.010969161987304688}}, {"ins_id": 2, "dataset_partition": {"bulid_graph_time": 75.24255299568176, "save_graph_time": 42.080074071884155, "graph_partition_time": 85.77939414978027, "total_time": 203.25467228889465,