{"total_time_consume": 5.2856669425964355, "preprocess": {"total_time": 0.03065323829650879}, "classifier": [{"ins_id": 0, "dataset_partition": {"hashing_time": 0.03315925598144531, "total_time": 0.03414750099182129, "cluster_number_distribution": [5475, 2554, 204, 0, 0, 0, 0, 0, 0, 0, 0, 0, 0, 0, 40, 1727]}, "prepare_train_sample": {"time": 0.015881061553955078}, "train_eval_model": {"train_intermediate": [{"epoch": 0, "loss": 54.21670940768334, "eval_loss": 37.367377281188965, "train_recall": 0.6638383838383838, "val_recall": 0.63, "lr": 0.008}, {"epoch": 1, "loss": 51.253234986336004, "eval_loss": 37.614731788635254, "train_recall": 0.6788888888888889, "val_recall": 0.59, "lr": 0.008}], "train_total": {"correct": 6721, "final_recall": 0.6788888888888889}, "training_time": 3.7920234203338623, "eval_time": 0.003743410110473633}}], "integrate": {"time": 0.6767263412475586}, "count_recall": {"time": 0.3989901542663574}}