{"total_time_consume": 2769.8417732715607, "preprocess": {"total_time": 0.048090457916259766}, "classifier": [{"ins_id": 0, "dataset_partition": {"bulid_graph_time": 67.81626176834106, "save_graph_time": 43.000757455825806, "graph_partition_time": 69.06524968147278, "total_time": 180.03645396232605, "cluster_number_distribution": [4023, 3925, 4023, 4024, 3997, 3891, 4024, 4023, 3759, 3982, 4021, 4005, 4023, 3962, 4007, 3801, 4024, 4024, 4024, 2532, 4024, 3991, 3766, 4023, 4016, 4023, 4024, 4020, 4024, 3849, 3962, 4024, 4023, 4011, 3876, 4024, 4024, 4023, 4024, 4024, 4009, 4023, 3871, 4022, 4023, 3740, 4024, 4012, 4024, 3835, 4024, 3913, 4002, 3968, 4024, 4023, 3842, 3902, 4022, 4024, 4024, 4024, 3850, 0, 3888, 4023, 4024, 3910, 3984, 3996, 3755, 4022, 4018, 4024, 4024, 3865, 4023, 3832, 4024, 3917, 4023, 3945, 4024, 4022, 3653, 3891, 3803, 3847, 4024, 4024, 3919, 3742, 3780, 3986, 3758, 3910, 4024, 4022, 4024, 4022, 4023, 4024, 4024, 4020, 3885, 3741, 3880, 4020, 3741, 3743, 3978, 3801, 3844, 4013, 3783, 4024, 3889, 3969, 3931, 3945, 4022, 4024, 4020, 4024, 3924, 3934, 3962, 4018, 3922, 3756, 4023, 3927, 3738, 3873, 4024, 4011, 4024, 4024, 4001, 3904, 4022, 3883, 3922, 4014, 4024, 4022, 4023, 4023, 4007, 4023, 3944, 4024, 4024, 3921, 3987, 4024, 4024, 4023, 3882, 4024, 4024, 4023, 4024, 4024, 4024, 4019, 2580, 4024, 4024, 4024, 4024, 3741, 4023, 4017, 4022, 4023, 3889, 2428, 4006, 4024, 3889, 4024, 4024, 3885, 3894, 4014, 3909, 4024, 4024, 3825, 4024, 4023, 3820, 4020, 3987, 4020, 4024, 4020, 4023, 3925, 3738, 3955, 4023, 4022, 4024, 4024, 4023, 4023, 3757, 4010, 4024, 4024, 3843, 3969, 4024, 4022, 4024, 4011, 4024, 4024, 4021, 4021, 4024, 3934, 4022, 3906, 4024, 4013, 4024, 3943, 4023, 3980, 4023, 3929, 4009, 4017, 3789, 0, 3836, 4020, 3781, 4021, 4023, 4015, 4024, 4022, 3923, 1098, 3749, 4023, 3963, 4023, 4024, 4022, 3710, 3909]}, "prepare_train_sample": {"time": 0.6623826026916504}, "train_eval_model": {"train_config": {"model_name": "one_block_2048_dim", "lr": 0.008, "n_epochs": 12, "milestones": [3, 7]}, "train_intermediate": [{"epoch": 0, "loss": 65.44393117120256, "eval_loss": 51.997406837267754, "train_recall": 0.5838, "val_recall": 0.6905, "lr": 0.008}, {"epoch": 1, "loss": 63.02288231302657, "eval_loss": 51.62258731401884, "train_recall": 0.6160878787878787, "val_recall": 0.6948, "lr": 0.008}, {"epoch": 2, "loss": 62.6339869506759, "eval_loss": 51.600246062645546, "train_recall": 0.6224808080808081, "val_recall": 0.6988, "lr": 0.008}, {"epoch": 3, "loss": 60.7879878133309, "eval_loss": 50.03138708456969, "train_recall": 0.656620202020202, "val_recall": 0.7313, "lr": 0.0008}, {"epoch": 4, "loss": 60.55374061536877, "eval_loss": 49.99466799467038, "train_recall": 0.6611757575757575, "val_recall": 0.7303, "lr": 0.0008}, {"epoch": 5, "loss": 60.44324833915896, "eval_loss": 49.878066637577156, "train_recall": 0.6635606060606061, "val_recall": 0.7341, "lr": 0.0008}, {"epoch": 6, "loss": 60.379208854864935, "eval_loss": 49.77554155007387, "train_recall": 0.6647959595959596, "val_recall": 0.7331, "lr": 0.0008}, {"epoch": 7, "loss": 60.21051941943869, "eval_loss": 49.690156704340225, "train_recall": 0.6682474747474747, "val_recall": 0.738, "lr": 8e-05}, {"epoch": 8, "loss": 60.18607754517292, "eval_loss": 49.715999701084236, "train_recall": 0.66940101010101, "val_recall": 0.7367, "lr": 8e-05}, {"epoch": 9, "loss": 60.17156577092565, "eval_loss": 49.643340673202125, "train_recall": 0.6699040404040404, "val_recall": 0.7363, "lr": 8e-05}, {"epoch": 10, "loss": 60.16521747940655, "eval_loss": 49.75253099050277, "train_recall": 0.6691242424242424, "val_recall": 0.7352, "lr": 8e-05}, {"epoch": 11, "loss": 60.162200177174775, "eval_loss": 49.670668687575905, "train_recall": 0.6693747474747475, "val_recall": 0.738, "lr": 8e-05}], "train_total": {"correct": 662681, "final_recall": 0.6693747474747475}, "training_time": 2340.8519611358643, "eval_time": 0.007228851318359375}}], "integrate": {"time": 113.88883233070374}, "count_recall": {"time": 125.35057044029236}}