{"total_time_consume": 4924.282872438431, "preprocess": {"total_time": 0.02594161033630371}, "classifier": [{"ins_id": 0, "dataset_partition": {"bulid_graph_time": 72.46344041824341, "save_graph_time": 43.67885780334473, "graph_partition_time": 72.62792539596558, "total_time": 188.95075583457947, "cluster_number_distribution": [4024, 3906, 3820, 4024, 4015, 3926, 4023, 3977, 4010, 4024, 3844, 4022, 4023, 4024, 4021, 4024, 4023, 4023, 3765, 4021, 3875, 4002, 4024, 4023, 4024, 4015, 4006, 3977, 4023, 3989, 4021, 4023, 4022, 4023, 4024, 4024, 4023, 4005, 4017, 4024, 4023, 4024, 4022, 3961, 3798, 3901, 4023, 3943, 3902, 3919, 3999, 4010, 4024, 3899, 4024, 3986, 4023, 4024, 3999, 4024, 3888, 3987, 3963, 0, 4023, 4024, 4022, 4023, 3998, 4024, 4022, 3898, 4023, 4024, 3826, 4003, 3969, 4007, 0, 4024, 2921, 4024, 3517, 4022, 3903, 3986, 4024, 4024, 2996, 4024, 4019, 4021, 3949, 4024, 4015, 4015, 3981, 3956, 3798, 4024, 3919, 3961, 3766, 4024, 4004, 3874, 4002, 4023, 3733, 4023, 4024, 3907, 4012, 3988, 4024, 3985, 3798, 4023, 3933, 4024, 4012, 3935, 4022, 3956, 4024, 4023, 4023, 4023, 4023, 4024, 3723, 3755, 4024, 4024, 3964, 3941, 4024, 4024, 3900, 3770, 4024, 4024, 3883, 4023, 3864, 4018, 3976, 4012, 3957, 4023, 3912, 4023, 4024, 4023, 4017, 3928, 3983, 3989, 3881, 3864, 4000, 3983, 4024, 4022, 3960, 3985, 3983, 4024, 3734, 1107, 4022, 4024, 4024, 4024, 4003, 3989, 4020, 4024, 4022, 4023, 4023, 4024, 3871, 4024, 4024, 4023, 4008, 4023, 3979, 3970, 3977, 3974, 2854, 4023, 4023, 4021, 4015, 3908, 3974, 4024, 4021, 3969, 3817, 2309, 4024, 4024, 4024, 3940, 4024, 4009, 3510, 3638, 4024, 3739, 3770, 3356, 3991, 4017, 4007, 4024, 3982, 3948, 3934, 4004, 3917, 4023, 3926, 4023, 3759, 4024, 4023, 4014, 3861, 3926, 4024, 4016, 4021, 4024, 4024, 3952, 4024, 4024, 3945, 4021, 3976, 4024, 4024, 3733, 4024, 4003, 4015, 2990, 3886, 4024, 3911, 4024]}, "prepare_train_sample": {"time": 0.4227473735809326}, "train_eval_model": {"train_config": {"model_name": "two_block_512_dim", "lr": 0.008, "n_epochs": 12, "milestones": [3, 7]}, "train_intermediate": [{"epoch": 0, "loss": 63.2824519443139, "eval_loss": 51.00643154902336, "train_recall": 0.6106929292929293, "val_recall": 0.7056, "lr": 0.008}, {"epoch": 1, "loss": 60.780025304371435, "eval_loss": 50.34953637000842, "train_recall": 0.65030101010101, "val_recall": 0.7175, "lr": 0.008}, {"epoch": 2, "loss": 60.23783818531095, "eval_loss": 50.15846353310805, "train_recall": 0.6602323232323233, "val_recall": 0.7161, "lr": 0.008}, {"epoch": 3, "loss": 58.75841931208275, "eval_loss": 49.05085147955479, "train_recall": 0.6909343434343435, "val_recall": 0.7529, "lr": 0.0008}, {"epoch": 4, "loss": 58.57728320456324, "eval_loss": 49.015631217222946, "train_recall": 0.6950949494949495, "val_recall": 0.7441, "lr": 0.0008}, {"epoch": 5, "loss": 58.50979376401814, "eval_loss": 48.9734030686892, "train_recall": 0.6967585858585859, "val_recall": 0.7514, "lr": 0.0008}, {"epoch": 6, "loss": 58.45861320644805, "eval_loss": 48.914581928497704, "train_recall": 0.6982030303030303, "val_recall": 0.7523, "lr": 0.0008}, {"epoch": 7, "loss": 58.33391244557046, "eval_loss": 48.904108298130524, "train_recall": 0.7013070707070707, "val_recall": 0.7511, "lr": 8e-05}, {"epoch": 8, "loss": 58.310322320934844, "eval_loss": 48.84040905879094, "train_recall": 0.7015646464646464, "val_recall": 0.7554, "lr": 8e-05}, {"epoch": 9, "loss": 58.301040224503865, "eval_loss": 48.854632726082436, "train_recall": 0.7016565656565656, "val_recall": 0.7518, "lr": 8e-05}, {"epoch": 10, "loss": 58.295907659259676, "eval_loss": 48.83438642208393, "train_recall": 0.7027696969696969, "val_recall": 0.7538, "lr": 8e-05}, {"epoch": 11, "loss": 58.29286527474911, "eval_loss": 48.88232089922978, "train_recall": 0.7022434343434344, "val_recall": 0.7525, "lr": 8e-05}], "train_total": {"correct": 695221, "final_recall": 0.7022434343434344}, "training_time": 4526.317768096924, "eval_time": 0.0233767032623291}}], "integrate": {"time": 55.920228004455566}, "count_recall": {"time": 144.4606077671051}}