{"total_time_consume": 1291.0376243591309, "preprocess": {"total_time": 0.08023190498352051}, "classifier": [{"ins_id": 1, "dataset_partition": {"time": 11.287740468978882, "cluster_number_distribution": [849210, 15, 0, 0, 0, 0, 0, 0, 0, 0, 0, 0, 0, 0, 4, 150771]}, "predict": {"time": 0.018624544143676758}}, {"ins_id": 2, "dataset_partition": {"time": 19.973771333694458, "cluster_number_distribution": [502118, 497849, 11, 0, 0, 0, 0, 0, 0, 0, 0, 0, 0, 0, 0, 22]}, "predict": {"time": 0.012701272964477539}}], "integrate": {"time": 1148.7461256980896}, "count_recall": {"time": 108.66043210029602}}