{"total_time_consume": 680.893524646759, "preprocess": {"total_time": 0.26848363876342773}, "classifier": [{"ins_id": 1, "dataset_partition": {"time": 2.7507591247558594, "cluster_number_distribution": [284168, 91932, 12996, 833, 7, 0, 0, 0, 0, 0, 0, 60, 2537, 37985, 195763, 373719]}, "predict": {"time": 0.010272741317749023}}, {"ins_id": 2, "dataset_partition": {"time": 6.1665754318237305, "cluster_number_distribution": [385161, 133371, 14918, 483, 2, 0, 0, 0, 0, 0, 0, 1, 201, 8963, 102332, 354568]}, "predict": {"time": 0.008916854858398438}}], "integrate": {"time": 535.8335483074188}, "count_recall": {"time": 117.7696361541748}}