{"total_time_consume": 28416.000277280807, "preprocess": {"total_time": 0.08574962615966797}, "classifier": [{"ins_id": 0, "dataset_partition": {"bulid_graph_time": 1461.5915625095367, "save_graph_time": 28.61933732032776, "graph_partition_time": 87.20558953285217, "total_time": 1577.611817598343, "cluster_number_distribution": [3429, 3939, 4023, 3792, 4024, 3998, 4024, 4024, 4024, 4003, 4024, 4023, 4023, 2435, 4008, 3886, 4023, 4022, 4012, 4023, 4022, 4010, 4003, 3997, 4015, 4019, 3993, 3947, 4010, 3988, 4023, 3513, 4013, 3930, 4017, 3830, 4023, 4023, 4021, 4015, 4023, 4020, 4014, 4023, 3898, 4022, 4022, 2536, 4003, 4023, 4019, 4019, 4023, 3907, 4021, 4019, 4023, 3961, 3969, 2554, 3917, 4022, 4023, 4023, 4000, 4021, 4020, 4018, 4014, 4023, 4023, 4003, 4014, 4021, 3849, 4016, 3999, 4009, 1468, 4023, 4017, 4011, 4019, 4012, 4005, 4019, 4019, 4020, 3995, 4018, 3947, 4012, 4014, 4003, 4013, 3987, 3988, 3983, 3995, 4016, 4022, 4023, 4022, 4006, 4014, 4023, 3991, 1211, 4018, 4011, 3994, 4008, 3951, 4000, 4006, 3765, 4013, 3957, 4023, 3885, 4023, 4014, 4017, 3279, 4023, 4023, 4022, 3787, 4020, 4002, 4012, 4002, 4023, 0, 4013, 4005, 3984, 4008, 4008, 4018, 4020, 4018, 4023, 4023, 4021, 4019, 4023, 3968, 3998, 3992, 4021, 4021, 4019, 4020, 3987, 4002, 4015, 4013, 3988, 4008, 4022, 4024, 4024, 3388, 4022, 4010, 4011, 4010, 4003, 3860, 3886, 4002, 3758, 3734, 4015, 4011, 4019, 3970, 4022, 4022, 3944, 4015, 3990, 4020, 4023, 4023, 3895, 3999, 3904, 3980, 4021, 4023, 3994, 4001, 4005, 3780, 4021, 3754, 3990, 3802, 3925, 4017, 4016, 4012, 4014, 4019, 4023, 4022, 4023, 2665, 3943, 3917, 3888, 4022, 3960, 3851, 4021, 4020, 3743, 4024, 3739, 4023, 3913, 4023, 4020, 4021, 4023, 4021, 3642, 3809, 4020, 4023, 4014, 4014, 4020, 4021, 4013, 3959, 3881, 4024, 4003, 4020, 3982, 4002, 3983, 523, 3834, 4014, 4021, 4015, 4009, 4023, 3925, 4021, 3975, 4011]}, "prepare_train_sample": {"time": 0.5699191093444824}, "train_eval_model": {"train_config": {"model_name": "one_block_2048_dim", "lr": 0.004, "n_epochs": 12, "milestones": [3, 7]}, "train_intermediate": [{"epoch": 0, "loss": 63.238087155436155, "eval_loss": 51.41433141781734, "train_recall": 0.6130525252525253, "val_recall": 0.7055, "lr": 0.004}, {"epoch": 1, "loss": 60.95552423286481, "eval_loss": 51.04109767767099, "train_recall": 0.6495858585858586, "val_recall": 0.7114, "lr": 0.004}, {"epoch": 2, "loss": 60.54166566460528, "eval_loss": 50.7973492818001, "train_recall": 0.6589858585858586, "val_recall": 0.7208, "lr": 0.004}, {"epoch": 3, "loss": 59.41860213586292, "eval_loss": 49.97567398120196, "train_recall": 0.6847616161616161, "val_recall": 0.7365, "lr": 0.0004}, {"epoch": 4, "loss": 59.27354244788655, "eval_loss": 49.92951717132177, "train_recall": 0.6880222222222222, "val_recall": 0.7419, "lr": 0.0004}, {"epoch": 5, "loss": 59.206777818317725, "eval_loss": 49.901340123934624, "train_recall": 0.6900525252525253, "val_recall": 0.74, "lr": 0.0004}, {"epoch": 6, "loss": 59.163675193122, "eval_loss": 49.875450586661316, "train_recall": 0.691039393939394, "val_recall": 0.7372, "lr": 0.0004}, {"epoch": 7, "loss": 59.056511410376174, "eval_loss": 49.83624826333462, "train_recall": 0.6936727272727272, "val_recall": 0.742, "lr": 4e-05}, {"epoch": 8, "loss": 59.0422298495392, "eval_loss": 49.8843597754454, "train_recall": 0.6941737373737373, "val_recall": 0.741, "lr": 4e-05}, {"epoch": 9, "loss": 59.03531265579383, "eval_loss": 49.894068308365654, "train_recall": 0.694530303030303, "val_recall": 0.7403, "lr": 4e-05}, {"epoch": 10, "loss": 59.03011451763362, "eval_loss": 49.79837231758313, "train_recall": 0.6946535353535354, "val_recall": 0.741, "lr": 4e-05}, {"epoch": 11, "loss": 59.028348434008784, "eval_loss": 49.818457199977, "train_recall": 0.6947232323232323, "val_recall": 0.7436, "lr": 4e-05}], "train_total": {"correct": 687776, "final_recall": 0.6947232323232323}, "training_time": 4639.972711801529, "eval_time": 0.11695456504821777}}, {"ins_id": 1, "dataset_partition": {"bulid_graph_time": 2156.7249994277954, "save_graph_time": 29.364908695220947, "graph_partition_time": 59.67411398887634, "total_time": 2245.9456918239594, "cluster_number_distribution": [4023, 3987, 4006, 3958, 4014, 4023, 4017, 3928, 3974, 4015, 3899, 3976, 4001, 1452, 4017, 3976, 4023, 2699, 3775, 4023, 4012, 4007, 4023, 3934, 4023, 4023, 4013, 4010, 4021, 3968, 3990, 3919, 3927, 4018, 4023, 4023, 4017, 4023, 4022, 3763, 3996, 4023, 4020, 3986, 4004, 2579, 4023, 4022, 4023, 4020, 4023, 4016, 4015, 4022, 3983, 4023, 4015, 4019, 4013, 3938, 4021, 3960, 3962, 4021, 4022, 4021, 3978, 4001, 4015, 4019, 4019, 4022, 4024, 4002, 4020, 4010, 3950, 3480, 4010, 3946, 3956, 3976, 3906, 4023, 4016, 3914, 4021, 1871, 4024, 4022, 4022, 3948, 4017, 3884, 4019, 4021, 4005, 4009, 4003, 3995, 3868, 4019, 3994, 4019, 4008, 3729, 3347, 4020, 4020, 3908, 4022, 4023, 3968, 4023, 4016, 3348, 4020, 4012, 3993, 4022, 4020, 4013, 4017, 4012, 2040, 4019, 4021, 4016, 4021, 3815, 3980, 4002, 2531, 4015, 4006, 4013, 3996, 4017, 4021, 3997, 4019, 4019, 4005, 4017, 4020, 4016, 4022, 3941, 3982, 4017, 3873, 3997, 4015, 3866, 4022, 4023, 4020, 4021, 3995, 0, 4010, 3984, 4021, 3998, 4003, 4023, 4022, 4020, 3851, 4001, 3957, 3895, 3987, 4010, 3942, 3847, 4000, 4008, 3993, 3775, 4005, 3933, 4013, 4016, 4023, 3973, 3962, 4023, 2591, 4022, 4020, 3947, 4002, 3985, 4022, 3986, 4023, 4024, 3934, 882, 3955, 3996, 4019, 4023, 3950, 3924, 4023, 3996, 4022, 3989, 4020, 4013, 3994, 3982, 3970, 3980, 4006, 4017, 4020, 3971, 4021, 3984, 4018, 3674, 4015, 3941, 4023, 4012, 4002, 4006, 3948, 3994, 3942, 4012, 4023, 4020, 3962, 3885, 4015, 4021, 4018, 3852, 4021, 3754, 4023, 4022, 4024, 4021, 4021, 4021, 4007, 3704, 4023, 4024, 4019, 4021]}, "prepare_train_sample": {"time": 0.4773120880126953}, "train_eval_model": {"train_config": {"model_name": "one_block_2048_dim", "lr": 0.004, "n_epochs": 12, "milestones": [3, 7]}, "train_intermediate": [{"epoch": 0, "loss": 66.35457853822874, "eval_loss": 54.08170982507559, "train_recall": 0.5799090909090909, "val_recall": 0.6851, "lr": 0.004}, {"epoch": 1, "loss": 64.166975140167, "eval_loss": 53.87080146716191, "train_recall": 0.6144454545454545, "val_recall": 0.6799, "lr": 0.004}, {"epoch": 2, "loss": 63.76517318877005, "eval_loss": 53.60122754023625, "train_recall": 0.6225868686868686, "val_recall": 0.6916, "lr": 0.004}, {"epoch": 3, "loss": 62.669647625184155, "eval_loss": 52.84193435082069, "train_recall": 0.6466989898989899, "val_recall": 0.7046, "lr": 0.0004}, {"epoch": 4, "loss": 62.52248405811416, "eval_loss": 52.68896624980829, "train_recall": 0.6503363636363636, "val_recall": 0.7122, "lr": 0.0004}, {"epoch": 5, "loss": 62.458131405880046, "eval_loss": 52.651680750724594, "train_recall": 0.6517808080808081, "val_recall": 0.7134, "lr": 0.0004}, {"epoch": 6, "loss": 62.411402800266806, "eval_loss": 52.63201898183578, "train_recall": 0.6527070707070707, "val_recall": 0.7096, "lr": 0.0004}, {"epoch": 7, "loss": 62.30455595774129, "eval_loss": 52.58892081334041, "train_recall": 0.6559020202020202, "val_recall": 0.7117, "lr": 4e-05}, {"epoch": 8, "loss": 62.29049871052406, "eval_loss": 52.57931240399679, "train_recall": 0.6559929292929293, "val_recall": 0.7145, "lr": 4e-05}, {"epoch": 9, "loss": 62.28690408196859, "eval_loss": 52.57493085127611, "train_recall": 0.6563060606060606, "val_recall": 0.7151, "lr": 4e-05}, {"epoch": 10, "loss": 62.27373406006731, "eval_loss": 52.596145373124344, "train_recall": 0.6562606060606061, "val_recall": 0.7107, "lr": 4e-05}, {"epoch": 11, "loss": 62.269533039776995, "eval_loss": 52.57789680285332, "train_recall": 0.656070707070707, "val_recall": 0.7108, "lr": 4e-05}], "train_total": {"correct": 649510, "final_recall": 0.656070707070707}, "training_time": 4893.425764799118, "eval_time": 0.1138460636138916}}, {"ins_id": 2, "dataset_partition": {"bulid_graph_time": 2159.183526992798, "save_graph_time": 29.839940547943115, "graph_partition_time": 67.51829123497009, "total_time": 2256.7375955581665,