{"total_time_consume": 14399.237242221832, "preprocess": {"kmeans_time": 4826.968497276306, "random_projection_time": 0.017752647399902344, "total_time": 4827.200517177582}, "classifier": [{"ins_id": 0, "dataset_partition": {"count_label_time": 201.94821119308472, "total_time": 202.09399461746216, "cluster_number_distribution": [4216, 4592, 2178, 2613, 3041, 3785, 1879, 3763, 10036, 4012, 4209, 6824, 5311, 2867, 2551, 2880, 7975, 4171, 5945, 3898, 2627, 2825, 3535, 2290, 2783, 4084, 5361, 3041, 4156, 2949, 3780, 1206, 3829, 3603, 6406, 3078, 4505, 4422, 6153, 4583, 3901, 2605, 815, 3831, 6089, 2976, 7598, 5466, 6701, 3238, 3667, 2471, 9470, 1790, 7744, 3594, 4728, 6578, 3405, 1918, 6230, 5541, 4765, 3609, 3221, 2631, 5478, 5623, 3220, 4054, 1190, 4595, 2987, 7645, 4833, 2035, 10703, 4508, 1828, 2846, 3137, 2188, 4677, 1876, 2951, 5001, 6343, 2077, 3653, 3581, 2821, 3769, 3643, 2709, 2608, 3439, 4379, 5503, 5798, 2760, 5120, 3403, 5022, 3302, 9243, 4176, 1394, 9929, 3627, 5087, 3483, 3225, 4793, 2995, 2625, 3490, 7128, 4889, 2288, 1095, 2787, 4381, 2605, 7262, 10215, 6080, 2653, 2493, 6944, 4713, 1791, 3477, 4579, 1639, 5057, 2781, 5305, 2225, 3396, 2916, 2670, 2018, 3574, 2067, 1600, 6082, 2158, 1090, 3393, 7427, 3534, 2714, 4796, 764, 4101, 3324, 4274, 3631, 8410, 5478, 4488, 1763, 2305, 2785, 3980, 2665, 3544, 3625, 5002, 7361, 3599, 4496, 3179, 3384, 3617, 2675, 3020, 2237, 5758, 2474, 5520, 3619, 3018, 5841, 3557, 5317, 2876, 3802, 4826, 3769, 3546, 2618, 2251, 3119, 5422, 2289, 3807, 3647, 3164, 1452, 3090, 3102, 2683, 3982, 5605, 5677, 3130, 3361, 2492, 3506, 2593, 3756, 3086, 4640, 3562, 3224, 5512, 2723, 3748, 3662, 3695, 3082, 3865, 3342, 2927, 2643, 2605, 2203, 2390, 2824, 2728, 3065, 4813, 5550, 1255, 3073, 3423, 2017, 5573, 4356, 706, 5812, 3723, 3816, 5984, 2884, 3137, 8852, 3756, 2872, 6028, 3937, 3800, 1930, 3206, 1857]}, "prepare_train_sample": {"time": 0.6539843082427979}, "train_eval_model": {"train_config": {"model_name": "one_block_2048_dim", "lr": 0.008, "n_epochs": 12, "milestones": [3, 7]}, "train_intermediate": [{"epoch": 0, "loss": 55.780926978606985, "eval_loss": 51.60297807057699, "train_recall": 0.6592161616161616, "val_recall": 0.7114, "lr": 0.008}, {"epoch": 1, "loss": 54.06916416157239, "eval_loss": 51.444011345887795, "train_recall": 0.6749474747474747, "val_recall": 0.7001, "lr": 0.008}, {"epoch": 2, "loss": 53.848490357225586, "eval_loss": 51.02377170171493, "train_recall": 0.6775020202020202, "val_recall": 0.7141, "lr": 0.008}, {"epoch": 3, "loss": 52.46109652146998, "eval_loss": 50.199977410145294, "train_recall": 0.7011262626262627, "val_recall": 0.7344, "lr": 0.0008}, {"epoch": 4, "loss": 52.28406344484442, "eval_loss": 50.05893823428032, "train_recall": 0.7027262626262626, "val_recall": 0.7338, "lr": 0.0008}, {"epoch": 5, "loss": 52.21824427375728, "eval_loss": 50.03710801784809, "train_recall": 0.7027171717171717, "val_recall": 0.7307, "lr": 0.0008}, {"epoch": 6, "loss": 52.17894202163094, "eval_loss": 50.03874542774298, "train_recall": 0.7034323232323232, "val_recall": 0.7339, "lr": 0.0008}, {"epoch": 7, "loss": 52.048916134925385, "eval_loss": 49.96433704327314, "train_recall": 0.7054181818181818, "val_recall": 0.7316, "lr": 8e-05}, {"epoch": 8, "loss": 52.032073252656616, "eval_loss": 49.910054561419365, "train_recall": 0.7048363636363636, "val_recall": 0.7294, "lr": 8e-05}, {"epoch": 9, "loss": 52.03724275228876, "eval_loss": 49.94138745772533, "train_recall": 0.705289898989899, "val_recall": 0.7338, "lr": 8e-05}, {"epoch": 10, "loss": 52.03201559871771, "eval_loss": 49.96951912610959, "train_recall": 0.7060373737373737, "val_recall": 0.7349, "lr": 8e-05}, {"epoch": 11, "loss": 52.02547029405905, "eval_loss": 49.96176109558497, "train_recall": 0.7052232323232324, "val_recall": 0.7362, "lr": 8e-05}], "train_total": {"correct": 698171, "final_recall": 0.7052232323232324}, "training_time": 2043.0413732528687, "eval_time": 0.021240234375}}, {"ins_id": 1, "dataset_partition": {"count_label_time": 193.87185382843018, "total_time": 194.02511477470398, "cluster_number_distribution": [2952, 4584, 6618, 4518, 6249, 4777, 4074, 4778, 2946, 3047, 3727, 9008, 3012, 2164, 5259, 3128, 2246, 2865, 2598, 3283, 2526, 1216, 5554, 3337, 2906, 2139, 5796, 3937, 4792, 3974, 2155, 4215, 3632, 4738, 4027, 1492, 5910, 4159, 2867, 2936, 4528, 4533, 2796, 3262, 2884, 6217, 3144, 3419, 4418, 6145, 7968, 2020, 4537, 4517, 5471, 4641, 2624, 3195, 6277, 3498, 6456, 3936, 3810, 4295, 5691, 3348, 2865, 4716, 4678, 3666, 3190, 7259, 4430, 6069, 1231, 9937, 2272, 3860, 6596, 2498, 5218, 7069, 4371, 5495, 3575, 5775, 3247, 2510, 854, 3158, 2670, 3515, 6965, 3585, 3936, 4895, 2942, 2807, 3462, 2267, 2177, 4540, 3827, 11720, 3902, 4158, 2494, 2761, 2678, 3713, 4124, 2421, 6849, 1887, 1940, 7134, 4871, 2213, 2640, 4045, 3181, 4898, 7334, 3713, 3341, 2532, 3225, 1945, 3597, 4416, 1837, 2894, 4033, 2631, 2700, 5319, 3668, 3480, 3134, 6042, 3626, 3038, 3501, 2000, 2476, 4593, 8001, 5172, 6697, 3283, 1764, 3250, 1570, 3232, 3198, 2380, 2215, 3529, 2933, 2510, 2741, 5155, 3510, 2070, 3126, 3872, 5468, 1625, 5008, 4037, 4402, 391, 3444, 3934, 6452, 2004, 2844, 2343, 2404, 2700, 5247, 2440, 5618, 3961, 2082, 2694, 2967, 1475, 4761, 6342, 2194, 8721, 3270, 8854, 1861, 1230, 3375, 3157, 4130, 3911, 5261, 4245, 3213, 2051, 4169, 3439, 3890, 4315, 7043, 3938, 3167, 2014, 3472, 5451, 3250, 6936, 4133, 847, 4403, 5526, 4916, 2762, 7428, 2961, 3921, 6416, 3729, 3864, 3939, 5873, 6407, 3482, 3456, 2753, 4789, 1579, 2470, 3164, 5461, 2039, 4654, 2844, 4136, 2873, 3962, 3311, 2096, 3829, 5365, 2904, 4732, 3702, 3577, 5458, 3203, 3026]}, "prepare_train_sample": {"time": 0.5326316356658936}, "train_eval_model": {"train_config": {"model_name": "one_block_2048_dim", "lr": 0.008, "n_epochs": 12, "milestones": [3, 7]}, "train_intermediate": [{"epoch": 0, "loss": 54.92844655729008, "eval_loss": 50.81177550095778, "train_recall": 0.6613060606060606, "val_recall": 0.7105, "lr": 0.008}, {"epoch": 1, "loss": 53.22629214207056, "eval_loss": 50.72569288351597, "train_recall": 0.6773414141414141, "val_recall": 0.7081, "lr": 0.008}, {"epoch": 2, "loss": 52.99308825339128, "eval_loss": 50.47111386519212, "train_recall": 0.6799848484848485, "val_recall": 0.7135, "lr": 0.008}, {"epoch": 3, "loss": 51.64100625067463, "eval_loss": 49.42021422508435, "train_recall": 0.7012888888888889, "val_recall": 0.7337, "lr": 0.0008}, {"epoch": 4, "loss": 51.47387892021507, "eval_loss": 49.45118786738469, "train_recall": 0.7040555555555555, "val_recall": 0.738, "lr": 0.0008}, {"epoch": 5, "loss": 51.39110576061078, "eval_loss": 49.38076828687619, "train_recall": 0.7049151515151515, "val_recall": 0.7296, "lr": 0.0008}, {"epoch": 6, "loss": 51.345879704287086, "eval_loss": 49.29588473148835, "train_recall": 0.7053767676767677, "val_recall": 0.7362, "lr": 0.0008}, {"epoch": 7, "loss": 51.22523200025262, "eval_loss": 49.26158170211009, "train_recall": 0.7064212121212121, "val_recall": 0.7339, "lr": 8e-05}, {"epoch": 8, "loss": 51.214074988253735, "eval_loss": 49.24716006792509, "train_recall": 0.7067383838383838, "val_recall": 0.7294, "lr": 8e-05}, {"epoch": 9, "loss": 51.21006440794198, "eval_loss": 49.22412545864399, "train_recall": 0.7065727272727272, "val_recall": 0.7332, "lr": 8e-05}, {"epoch": 10, "loss": 51.20535581817908, "eval_loss": 49.29361108633188, "train_recall": 0.7073717171717172, "val_recall": 0.7312, "lr": 8e-05}, {"epoch": 11, "loss": 51.19202949967085, "eval_loss": 49.174818246792526, "train_recall": 0.7068757575757576, "val_recall": 0.7318, "lr": 8e-05}], "train_total": {"correct": 699807, "final_recall": 0.7068757575757576}, "training_time": 2021.1435511112213, "eval_time": 0.017403364181518555}}, {"ins_id": 2, "dataset_partition": {"count_label_time": 203.16566038131714, "total_time": 203.33142113685608,