{"total_time_consume": 25787.484463214874, "preprocess": {"total_time": 0.5512011051177979}, "classifier": [{"ins_id": 0, "dataset_partition": {"bulid_graph_time": 15.298532247543335, "save_graph_time": 11.177135944366455, "graph_partition_time": 44.25720238685608, "total_time": 70.7943046092987, "cluster_number_distribution": [1602, 1591, 1605, 1605, 1580, 1605, 1605, 1584, 1582, 1604, 1604, 1062, 1598, 1605, 1605, 1601, 1603, 1605, 1605, 1043, 1603, 1540, 1600, 1509, 1604, 1601, 1592, 1565, 1602, 1483, 1585, 1529, 1605, 1594, 1602, 1598, 1587, 1594, 1602, 1605, 1605, 1066, 1582, 1602, 1603, 1584, 1593, 1603, 1605, 1573, 1593, 1589, 1604, 1604, 1599, 1605, 1605, 1594, 1593, 1602, 1566, 1550, 1604, 1600, 1594, 1603, 1582, 1590, 1606, 1155, 1577, 1603, 1596, 1506, 1599, 1595, 1604, 1602, 1601, 1555, 1605, 1595, 1602, 1560, 1604, 1605, 1603, 1555, 1604, 1594, 1605, 1601, 1591, 1548, 1605, 1597, 1597, 1453, 1605, 1520, 1560, 1590, 1590, 1561, 1604, 1605, 1604, 1605, 1593, 1063, 1603, 1601, 1468, 1602, 1594, 1519, 1141, 1606, 1587, 1606, 1600, 1603, 1598, 1602, 1537, 1597, 1604, 1538, 1590, 1602, 1549, 1285, 1604, 1550, 1476, 1581, 1589, 1605, 1533, 1581, 1579, 1561, 1580, 1558, 1596, 1598, 1603, 1596, 1600, 1605, 1605, 1556, 1604, 1494, 1606, 1604, 1570, 1603, 992, 1588, 1585, 1549, 1521, 1603, 1604, 1553, 1549, 1466, 1603, 1521, 1600, 1481, 1604, 1545, 1600, 1573, 1602, 1481, 1605, 1582, 1606, 1553, 1603, 1595, 1605, 1491, 1591, 1603, 1586, 1605, 1589, 1604, 1605, 1488, 1599, 1589, 1554, 1603, 1602, 1604, 1605, 1288, 1167, 1569, 1596, 1581, 1466, 1377, 1603, 1252, 1466, 1599, 1604, 1605, 1602, 1605, 1605, 1583, 1605, 1601, 1563, 1602, 1605, 1583, 1600, 1605, 1605, 1604, 1601, 1604, 1602, 1425, 1524, 1601, 1606, 1598, 1490, 1530, 1604, 1606, 1378, 1577, 1595, 1604, 1574, 1390, 1594, 1575, 1604, 1485, 1606, 1606, 1316, 1598, 1605, 1195]}, "prepare_train_sample": {"time": 0.11362433433532715}, "train_eval_model": {"train_intermediate": [{"epoch": 0, "loss": 259.19312512094297, "eval_loss": 406.7945600940335, "train_recall": 0.1444064707222602, "val_recall": 0.03508771929824561, "lr": 0.0005}, {"epoch": 1, "loss": 239.63705821850047, "eval_loss": 495.25533860729587, "train_recall": 0.2352902458165616, "val_recall": 0.02832080200501253, "lr": 0.0005}, {"epoch": 2, "loss": 232.63403389288555, "eval_loss": 371.9909461236769, "train_recall": 0.2733449786081365, "val_recall": 0.0393483709273183, "lr": 0.0005}, {"epoch": 3, "loss": 228.34859164442557, "eval_loss": 345.8827091340096, "train_recall": 0.29695450748082325, "val_recall": 0.058646616541353384, "lr": 0.0005}, {"epoch": 4, "loss": 225.04685313533207, "eval_loss": 436.36705460086944, "train_recall": 0.31548568390673654, "val_recall": 0.0518796992481203, "lr": 0.0005}, {"epoch": 5, "loss": 222.67165612092825, "eval_loss": 365.4465021933279, "train_recall": 0.32655628971418443, "val_recall": 0.056892230576441105, "lr": 0.0005}, {"epoch": 6, "loss": 220.7518115757505, "eval_loss": 322.8804149012412, "train_recall": 0.33670793144477357, "val_recall": 0.06817042606516291, "lr": 0.0005}, {"epoch": 7, "loss": 219.2089262274435, "eval_loss": 376.94618668094756, "train_recall": 0.3444874813295866, "val_recall": 0.04486215538847118, "lr": 0.0005}, {"epoch": 8, "loss": 217.87285175187512, "eval_loss": 344.46063478531374, "train_recall": 0.34994557099820256, "val_recall": 0.056892230576441105, "lr": 0.0005}, {"epoch": 9, "loss": 216.70320700486604, "eval_loss": 297.3412057199786, "train_recall": 0.35508721298194984, "val_recall": 0.08596491228070176, "lr": 0.0005}, {"epoch": 10, "loss": 211.68464182014984, "eval_loss": 221.5218001334898, "train_recall": 0.37650439229386595, "val_recall": 0.34461152882205515, "lr": 0.000105}, {"epoch": 11, "loss": 210.58093014987196, "eval_loss": 222.32619205597908, "train_recall": 0.38103845472266523, "val_recall": 0.3443609022556391, "lr": 0.000105}], "train_total": {"correct": 150514, "final_recall": 0.38103845472266523}, "training_time": 6310.45934510231, "eval_time": 0.28521251678466797}}, {"ins_id": 1, "dataset_partition": {"bulid_graph_time": 17.761129140853882, "save_graph_time": 11.408412218093872, "graph_partition_time": 60.936344385147095, "total_time": 90.16582250595093, "cluster_number_distribution": [1577, 1579, 1578, 1458, 1601, 1442, 1598, 1602, 1605, 1591, 1588, 1599, 1539, 1584, 1605, 1335, 1582, 1599, 1596, 1595, 1602, 1559, 1597, 1594, 1605, 1597, 1602, 963, 1598, 1594, 1605, 1573, 1589, 1581, 1604, 1576, 1605, 1552, 1599, 1597, 1602, 1599, 1600, 426, 1533, 1597, 1604, 1592, 1605, 1605, 1605, 1076, 1600, 1584, 1604, 1605, 1605, 1558, 1559, 1554, 1605, 1565, 1594, 1564, 1599, 1589, 1605, 1537, 1605, 1546, 1594, 1060, 1605, 363, 1603, 1587, 1551, 1572, 1605, 1572, 1605, 1480, 1600, 1605, 1360, 1244, 1443, 1589, 1573, 1590, 1600, 1396, 1599, 1287, 1605, 1262, 1606, 1600, 794, 1605, 1599, 1571, 1603, 1595, 1605, 1605, 1605, 1605, 1605, 1603, 1494, 560, 1605, 1536, 1604, 1255, 1605, 1605, 1605, 1601, 1604, 1565, 1605, 1574, 1606, 1597, 1602, 623, 1588, 1605, 1584, 1600, 1596, 1604, 1604, 1594, 1597, 1599, 1606, 1602, 1603, 1605, 1603, 1600, 1604, 1605, 1605, 1605, 1604, 1606, 1604, 1605, 1598, 1599, 1605, 1605, 1602, 1603, 1604, 1600, 1601, 1583, 1602, 1600, 1598, 1599, 1573, 1599, 1604, 1604, 1605, 1594, 1565, 1590, 1567, 1603, 1602, 1598, 1605, 1596, 1606, 1599, 1603, 1595, 1605, 1575, 1605, 1605, 1603, 1605, 1605, 1605, 1604, 1605, 1605, 1605, 1605, 1600, 1604, 1604, 1605, 1605, 1600, 1605, 1602, 1605, 1603, 1595, 1605, 1601, 1606, 1602, 1605, 1593, 1600, 1603, 1602, 1606, 1605, 1604, 1605, 1605, 1605, 1603, 1603, 1604, 1605, 1605, 1605, 1605, 1604, 1604, 1604, 1580, 1598, 1603, 1604, 1590, 1603, 1605, 1600, 1605, 1577, 1605, 1602, 1598, 1605, 1604, 1583, 1602, 1605, 1565, 1605, 1603, 1605, 1605]}, "prepare_train_sample": {"time": 0.11510872840881348}, "train_eval_model": {"train_intermediate": [{"epoch": 0, "loss": 272.23763584178994, "eval_loss": 612.2758149177797, "train_recall": 0.10196703880914407, "val_recall": 0.008020050125313283, "lr": 0.0005}, {"epoch": 1, "loss": 258.95873535413364, "eval_loss": 422.59486586047757, "train_recall": 0.1515303410040252, "val_recall": 0.02857142857142857, "lr": 0.0005}, {"epoch": 2, "loss": 253.87653663818202, "eval_loss": 441.1989972514491, "train_recall": 0.17448419027366396, "val_recall": 0.013784461152882205, "lr": 0.0005}, {"epoch": 3, "loss": 250.48098918793653, "eval_loss": 456.7516927411479, "train_recall": 0.1910457963089542, "val_recall": 0.015789473684210527, "lr": 0.0005}, {"epoch": 4, "loss": 247.7515571925521, "eval_loss": 443.44478828676284, "train_recall": 0.20417204627730942, "val_recall": 0.01929824561403509, "lr": 0.0005}, {"epoch": 5, "loss": 245.66044590987715, "eval_loss": 403.1030534313571, "train_recall": 0.21312118680539732, "val_recall": 0.03107769423558897, "lr": 0.0005}, {"epoch": 6, "loss": 244.0735856833121, "eval_loss": 372.6065235753213, "train_recall": 0.21987544619123567, "val_recall": 0.033583959899749376, "lr": 0.0005}, {"epoch": 7, "loss": 242.7483877106603, "eval_loss": 402.09820113643525, "train_recall": 0.2254879623300676, "val_recall": 0.033583959899749376, "lr": 0.0005}, {"epoch": 8, "loss": 241.7500712505348, "eval_loss": 401.7098629859186, "train_recall": 0.23003215108478267, "val_recall": 0.04661654135338346, "lr": 0.0005}, {"epoch": 9, "loss": 240.72240467776126, "eval_loss": 442.11499515656504, "train_recall": 0.23525227209437735, "val_recall": 0.02857142857142857, "lr": 0.0005}, {"epoch": 10, "loss": 236.98831705079786, "eval_loss": 246.38087660266507, "train_recall": 0.24981392876129718, "val_recall": 0.21503759398496242, "lr": 0.000105}, {"epoch": 11, "loss": 236.21077606389065, "eval_loss": 248.49740699029738, "train_recall": 0.2531885268727374, "val_recall": 0.20200501253132833, "lr": 0.000105}], "train_total": {"correct": 100012, "final_recall": 0.2531885268727374}, "training_time": 6303.335605621338, "eval_time": 0.28236985206604004}}, {"ins_id": 2,