{"total_time_consume": 10124.196246385574, "preprocess": {"total_time": 0.217728853225708}, "classifier": [{"ins_id": 0, "dataset_partition": {"bulid_graph_time": 69.40321135520935, "save_graph_time": 41.473756551742554, "graph_partition_time": 145.91098833084106, "total_time": 256.95030641555786, "cluster_number_distribution": [3940, 4020, 3982, 4024, 4023, 3848, 4023, 4023, 4024, 3998, 2379, 4021, 4024, 3911, 4023, 4023, 4023, 3918, 4023, 4024, 3901, 4022, 3847, 1904, 3867, 3998, 4020, 4014, 4017, 4023, 4022, 4024, 3998, 4023, 4023, 4014, 4024, 4024, 4023, 3949, 4019, 3957, 4023, 4019, 3976, 4022, 3979, 3844, 4024, 4023, 3992, 4023, 4018, 4023, 4023, 3862, 4024, 4023, 3971, 4023, 3936, 3831, 3917, 3944, 3933, 3976, 4012, 3992, 3950, 3826, 4023, 4018, 4023, 3760, 3988, 4014, 3935, 3848, 4023, 2780, 3959, 3286, 4024, 4012, 4023, 4023, 4023, 3935, 2953, 4023, 4024, 3891, 2197, 3895, 4023, 4024, 4023, 4024, 4024, 4012, 4023, 4023, 4020, 4023, 4021, 3927, 4023, 4024, 4023, 3794, 4024, 4023, 4017, 4023, 4024, 3947, 3975, 4023, 4023, 4022, 4023, 4023, 4023, 4010, 4024, 3992, 4022, 4023, 4024, 4011, 4024, 3921, 4023, 3746, 3995, 3966, 4019, 3953, 4022, 4020, 4024, 3763, 4024, 4024, 4024, 4024, 4024, 4023, 4002, 4022, 3488, 3898, 4021, 3881, 4022, 3924, 3958, 4023, 3964, 3892, 3961, 4023, 4024, 4023, 4024, 3917, 4024, 4012, 4024, 3936, 3947, 4024, 3971, 4023, 4023, 3754, 4013, 4024, 3167, 3848, 4024, 3914, 4022, 3867, 4012, 4024, 4023, 3185, 1290, 2963, 4024, 3867, 3970, 3908, 3928, 4014, 4024, 4024, 3827, 4018, 3963, 4023, 3939, 4022, 3965, 3936, 3966, 4013, 4024, 4024, 3820, 4024, 3812, 4023, 3841, 4016, 4023, 4024, 4023, 2373, 4022, 3850, 4024, 4011, 3830, 4019, 4024, 3686, 4005, 4024, 3951, 4024, 3856, 2057, 3912, 3935, 3968, 3981, 3920, 3990, 2978, 4023, 3953, 4022, 3842, 3890, 4024, 3910, 4023, 4024, 3900, 4014, 3800, 4024, 4021, 4022]}, "prepare_train_sample": {"time": 0.585552453994751}, "train_eval_model": {"train_config": {"model_name": "one_block_2048_dim", "lr": 0.008, "n_epochs": 12, "milestones": [3, 7]}, "train_intermediate": [{"epoch": 0, "loss": 83.6070737667659, "eval_loss": 77.68237825540396, "train_recall": 0.5448555555555555, "val_recall": 0.6052, "lr": 0.008}, {"epoch": 1, "loss": 80.69677718727553, "eval_loss": 77.46951569043674, "train_recall": 0.5788333333333333, "val_recall": 0.6182, "lr": 0.008}, {"epoch": 2, "loss": 80.20258642188578, "eval_loss": 77.540533273648, "train_recall": 0.5848757575757576, "val_recall": 0.6188, "lr": 0.008}, {"epoch": 3, "loss": 77.90960175920851, "eval_loss": 75.56613848759578, "train_recall": 0.6177585858585859, "val_recall": 0.6484, "lr": 0.0008}, {"epoch": 4, "loss": 77.53274715628395, "eval_loss": 75.28100511355278, "train_recall": 0.6237313131313131, "val_recall": 0.6499, "lr": 0.0008}, {"epoch": 5, "loss": 77.36950760671917, "eval_loss": 75.01382427949171, "train_recall": 0.6264737373737373, "val_recall": 0.6542, "lr": 0.0008}, {"epoch": 6, "loss": 77.2614245970995, "eval_loss": 75.0892716432229, "train_recall": 0.6291050505050505, "val_recall": 0.6541, "lr": 0.0008}, {"epoch": 7, "loss": 77.03818625465455, "eval_loss": 74.82978169123332, "train_recall": 0.6324585858585858, "val_recall": 0.655, "lr": 8e-05}, {"epoch": 8, "loss": 77.01840516066441, "eval_loss": 74.76749612123538, "train_recall": 0.6328686868686869, "val_recall": 0.6553, "lr": 8e-05}, {"epoch": 9, "loss": 77.00790137244623, "eval_loss": 74.8141756546803, "train_recall": 0.6324979797979798, "val_recall": 0.655, "lr": 8e-05}, {"epoch": 10, "loss": 76.98294925957886, "eval_loss": 74.80472806783823, "train_recall": 0.6333232323232323, "val_recall": 0.6526, "lr": 8e-05}, {"epoch": 11, "loss": 76.9797155947022, "eval_loss": 74.9268652842595, "train_recall": 0.6338161616161616, "val_recall": 0.656, "lr": 8e-05}], "train_total": {"correct": 627478, "final_recall": 0.6338161616161616}, "training_time": 2158.6137161254883, "eval_time": 0.01198720932006836}}, {"ins_id": 1, "dataset_partition": {"bulid_graph_time": 74.53241276741028, "save_graph_time": 48.93295764923096, "graph_partition_time": 118.84134244918823, "total_time": 242.46471762657166, "cluster_number_distribution": [4006, 3914, 4021, 4012, 3937, 3989, 4020, 4016, 4024, 4023, 3978, 4024, 4023, 4019, 4024, 4023, 4024, 2152, 3999, 4014, 4012, 4023, 3998, 3965, 4024, 3964, 4023, 3985, 4020, 4024, 4000, 3955, 3995, 4023, 3776, 4024, 3917, 4023, 3927, 4024, 4023, 3778, 4023, 2798, 3987, 4023, 3985, 4022, 3935, 4024, 4021, 3243, 3941, 4024, 3846, 4019, 3994, 3979, 4021, 4023, 4018, 4005, 4022, 3997, 4023, 2572, 4023, 4024, 3941, 4016, 4022, 3963, 4002, 4022, 4021, 4023, 4024, 3750, 4024, 4023, 4022, 3874, 4024, 4021, 3985, 4023, 4023, 4023, 4010, 4018, 2966, 3948, 3871, 3872, 4023, 3969, 4023, 4023, 4011, 3989, 4022, 4017, 4023, 3931, 3910, 4023, 4016, 3884, 3935, 4022, 4024, 0, 4024, 4024, 2586, 4023, 4022, 4022, 4023, 4024, 4016, 4008, 4024, 4011, 3955, 4003, 3957, 4003, 3998, 4024, 4024, 3981, 4022, 3965, 0, 4023, 4019, 4020, 4023, 4007, 4022, 4023, 4008, 4022, 3979, 3976, 4024, 4024, 4024, 3962, 4020, 3928, 3898, 3908, 3972, 4024, 4023, 4023, 4009, 4023, 4024, 4021, 3277, 3950, 4024, 4024, 4022, 3981, 3963, 4022, 4023, 4023, 4018, 4021, 4022, 4023, 4003, 4022, 4023, 4022, 4023, 4023, 3964, 4022, 4023, 4023, 4022, 4020, 3968, 4019, 4024, 4007, 4024, 4023, 4023, 4023, 4024, 4023, 4023, 4023, 4015, 4005, 4023, 4022, 4023, 4022, 4023, 3887, 4023, 4017, 3979, 3950, 4024, 4024, 3989, 390, 4023, 4022, 4023, 4022, 4022, 4023, 4024, 3977, 4002, 4023, 4007, 4024, 3998, 4020, 4000, 4023, 4024, 3917, 4022, 4024, 4023, 3952, 4021, 4023, 4013, 4010, 3982, 4022, 4023, 0, 4021, 4023, 4024, 4024, 4018, 4021, 4008, 3941, 4021, 3946]}, "prepare_train_sample": {"time": 0.5713438987731934}, "train_eval_model": {"train_config": {"model_name": "one_block_2048_dim", "lr": 0.008, "n_epochs": 12, "milestones": [3, 7]}, "train_intermediate": [{"epoch": 0, "loss": 94.73614460756811, "eval_loss": 89.5239449036427, "train_recall": 0.41801717171717173, "val_recall": 0.4749, "lr": 0.008}, {"epoch": 1, "loss": 92.47035192920022, "eval_loss": 89.71039256071433, "train_recall": 0.4388969696969697, "val_recall": 0.4732, "lr": 0.008}, {"epoch": 2, "loss": 92.12171347252163, "eval_loss": 89.77291180537297, "train_recall": 0.4423525252525253, "val_recall": 0.4714, "lr": 0.008}, {"epoch": 3, "loss": 90.1925924657315, "eval_loss": 88.16152325654642, "train_recall": 0.4670484848484848, "val_recall": 0.4963, "lr": 0.0008}, {"epoch": 4, "loss": 89.88498217408257, "eval_loss": 87.75864271017221, "train_recall": 0.47152727272727274, "val_recall": 0.5036, "lr": 0.0008}, {"epoch": 5, "loss": 89.75932762076205, "eval_loss": 87.81940937042236, "train_recall": 0.4728131313131313, "val_recall": 0.5043, "lr": 0.0008}, {"epoch": 6, "loss": 89.6673321013545, "eval_loss": 87.86120382944743, "train_recall": 0.473979797979798, "val_recall": 0.5037, "lr": 0.0008}, {"epoch": 7, "loss": 89.4831845204932, "eval_loss": 87.57984518393492, "train_recall": 0.4772757575757576, "val_recall": 0.5077, "lr": 8e-05}, {"epoch": 8, "loss": 89.4520068996173, "eval_loss": 87.65098826090495, "train_recall": 0.47768282828282826, "val_recall": 0.5034, "lr": 8e-05}, {"epoch": 9, "loss": 89.44475516221155, "eval_loss": 87.52947046817877, "train_recall": 0.47778383838383837, "val_recall": 0.5083, "lr": 8e-05}, {"epoch": 10, "loss": 89.44542569528744, "eval_loss": 87.68857850783911, "train_recall": 0.4774787878787879, "val_recall": 0.5043, "lr": 8e-05}, {"epoch": 11, "loss": 89.43468280741311, "eval_loss": 87.60456972855788, "train_recall": 0.4780070707070707, "val_recall": 0.5044, "lr": 8e-05}], "train_total": {"correct": 473227, "final_recall": 0.4780070707070707}, "training_time": 2140.0949704647064, "eval_time": 0.0065042972564697266}}, {"ins_id": 2, "dataset_partition": {"bulid_graph_time": 91.52005696296692, "save_graph_time": 51.352442502975464, "graph_partition_time": 90.1168315410614, "total_time": 233.14193964004517,