{"total_time_consume": 4737.391016244888, "preprocess": {"total_time": 0.014818668365478516}, "classifier": [{"ins_id": 0, "dataset_partition": {"bulid_graph_time": 75.25295901298523, "save_graph_time": 43.18890023231506, "graph_partition_time": 70.84951949119568, "total_time": 189.47293329238892, "cluster_number_distribution": [4024, 4024, 4024, 4016, 3902, 4023, 4012, 4023, 4016, 3938, 4004, 4023, 4024, 4024, 3857, 4024, 4024, 3926, 3849, 4024, 4021, 3929, 4024, 4024, 3799, 4017, 4023, 3731, 3961, 3846, 3945, 4022, 4024, 4024, 4023, 3733, 3960, 1365, 3809, 4023, 4012, 3916, 4023, 2621, 3975, 3834, 4022, 3931, 4023, 4023, 3720, 4024, 3941, 3922, 4000, 3910, 3962, 4024, 4024, 3854, 3896, 3960, 3894, 3937, 3894, 3966, 4019, 4023, 4023, 3969, 4023, 4024, 3997, 4023, 3992, 3876, 4024, 4024, 4018, 4006, 3988, 4024, 3971, 4021, 4023, 0, 4019, 4024, 3865, 4007, 4024, 4023, 3944, 4021, 4024, 4023, 3998, 3620, 3817, 4021, 3869, 4017, 3992, 4023, 4015, 3984, 3961, 3952, 4007, 3883, 3987, 3745, 4024, 3799, 3872, 4019, 4023, 4024, 3940, 4002, 3740, 3762, 4023, 4023, 4012, 3817, 4024, 3942, 3883, 4024, 3941, 4023, 4021, 4023, 4019, 4024, 4023, 2871, 3993, 4023, 3950, 4024, 4000, 3910, 4024, 4024, 4024, 4024, 4023, 4024, 4021, 4024, 3918, 4023, 3979, 3966, 3791, 3631, 4023, 3527, 4024, 4024, 3766, 3964, 2943, 4006, 3733, 3753, 4024, 4021, 4019, 4024, 3728, 4023, 4021, 4024, 4024, 4010, 4024, 4021, 3941, 3982, 3923, 4023, 4024, 4022, 4024, 4024, 4022, 4009, 4024, 3922, 3888, 3949, 4024, 4020, 3913, 3945, 4021, 3793, 4006, 4024, 4023, 4024, 3953, 4024, 4007, 3993, 4023, 3794, 3912, 4022, 4024, 3936, 4023, 3910, 3996, 3928, 3965, 3849, 4024, 3956, 592, 4024, 4022, 4023, 3937, 4024, 4021, 4022, 3824, 4023, 3873, 3901, 3796, 4023, 4024, 4023, 4015, 4024, 3839, 3223, 4024, 3935, 4023, 4014, 3962, 4024, 3792, 4013, 3831, 3937, 4022, 4022, 3902, 2992]}, "prepare_train_sample": {"time": 0.7579765319824219}, "train_eval_model": {"train_config": {"model_name": "one_block_2048_dim", "lr": 0.008, "n_epochs": 12, "milestones": [3, 7]}, "train_intermediate": [{"epoch": 0, "loss": 64.11951625140986, "eval_loss": 51.19692168480311, "train_recall": 0.6026838383838384, "val_recall": 0.6979, "lr": 0.008}, {"epoch": 1, "loss": 61.82591816464766, "eval_loss": 50.90735785166422, "train_recall": 0.6365464646464647, "val_recall": 0.7063, "lr": 0.008}, {"epoch": 2, "loss": 61.416514101012105, "eval_loss": 50.68959937951504, "train_recall": 0.6453414141414141, "val_recall": 0.7057, "lr": 0.008}, {"epoch": 3, "loss": 59.66699401118596, "eval_loss": 49.21359677192493, "train_recall": 0.6814555555555556, "val_recall": 0.739, "lr": 0.0008}, {"epoch": 4, "loss": 59.43562111689786, "eval_loss": 49.14931023426545, "train_recall": 0.6857333333333333, "val_recall": 0.7441, "lr": 0.0008}, {"epoch": 5, "loss": 59.339755609987485, "eval_loss": 49.08734955543127, "train_recall": 0.688480808080808, "val_recall": 0.7446, "lr": 0.0008}, {"epoch": 6, "loss": 59.279868885137326, "eval_loss": 49.0826130096729, "train_recall": 0.6896555555555556, "val_recall": 0.7439, "lr": 0.0008}, {"epoch": 7, "loss": 59.1219625110813, "eval_loss": 48.98403392082606, "train_recall": 0.6939191919191919, "val_recall": 0.7477, "lr": 8e-05}, {"epoch": 8, "loss": 59.10616479963608, "eval_loss": 49.026475777992836, "train_recall": 0.694810101010101, "val_recall": 0.7487, "lr": 8e-05}, {"epoch": 9, "loss": 59.089609441126186, "eval_loss": 49.038113734661, "train_recall": 0.6950090909090909, "val_recall": 0.7461, "lr": 8e-05}, {"epoch": 10, "loss": 59.07523442976237, "eval_loss": 48.950502273363945, "train_recall": 0.694910101010101, "val_recall": 0.7468, "lr": 8e-05}, {"epoch": 11, "loss": 59.07605891263635, "eval_loss": 48.956947241074, "train_recall": 0.6947757575757576, "val_recall": 0.7473, "lr": 8e-05}], "train_total": {"correct": 687828, "final_recall": 0.6947757575757576}, "training_time": 4337.410695075989, "eval_time": 0.02116703987121582}}], "integrate": {"time": 56.65890145301819}, "count_recall": {"time": 138.68874955177307}}