{"total_time_consume": 7257.029366016388, "preprocess": {"total_time": 0.10146355628967285}, "classifier": [{"ins_id": 0, "dataset_partition": {"bulid_graph_time": 70.21573042869568, "save_graph_time": 40.655991554260254, "graph_partition_time": 136.52286863327026, "total_time": 247.55200958251953, "cluster_number_distribution": [3999, 4022, 4024, 4020, 4022, 3901, 4018, 4024, 4021, 4023, 4023, 4021, 3936, 4024, 4010, 3285, 4023, 3875, 4024, 4024, 4005, 3956, 4023, 3895, 3902, 4023, 4009, 3940, 3951, 3897, 4022, 4006, 3966, 4018, 4012, 4023, 3920, 3856, 4019, 4023, 4018, 4023, 4019, 4023, 4024, 3941, 4015, 4023, 3958, 4021, 4024, 4011, 4024, 4012, 4023, 4023, 3991, 4010, 3802, 4024, 4023, 4021, 4024, 4024, 3906, 3673, 3943, 4024, 4024, 4024, 3406, 4023, 3912, 4024, 4020, 4024, 4022, 4023, 3987, 4022, 4024, 4021, 3907, 4007, 4012, 4021, 3803, 3997, 3974, 4005, 4016, 4023, 4021, 4024, 3923, 4020, 3723, 3963, 4024, 3251, 4023, 4024, 3997, 3946, 4023, 3896, 3748, 4023, 4006, 4022, 3749, 3957, 4022, 3941, 3741, 3951, 3766, 3882, 3841, 3939, 3713, 3951, 3696, 3868, 4022, 4023, 3566, 4023, 3909, 3440, 4023, 4022, 3984, 4011, 3969, 3805, 3911, 4024, 3929, 4002, 3352, 4021, 3988, 3986, 3781, 3890, 3394, 3952, 4020, 3743, 3924, 4021, 3966, 3156, 3958, 3987, 2672, 3837, 3931, 4024, 4019, 4023, 4021, 3878, 3998, 3944, 4010, 3984, 4024, 4024, 4023, 3982, 3841, 4024, 3965, 4003, 4024, 3992, 3782, 4024, 3929, 4002, 3983, 4022, 4023, 4024, 3989, 2761, 3911, 3991, 3845, 3923, 4024, 3870, 3738, 3870, 4024, 3400, 4024, 4023, 3905, 4024, 4024, 4023, 4023, 4023, 2493, 4023, 4024, 2792, 4023, 3999, 4024, 3975, 4023, 4021, 4000, 3992, 3912, 4024, 4024, 4023, 4024, 3467, 3986, 3991, 4023, 3935, 4022, 3971, 3960, 3998, 4013, 4023, 4024, 2047, 4022, 4024, 4024, 3430, 3979, 3947, 3981, 4019, 4011, 4024, 4017, 4023, 3980, 4024, 4018, 756, 3956, 3187, 4023, 4023]}, "prepare_train_sample": {"time": 0.5473654270172119}, "train_eval_model": {"train_intermediate": [{"epoch": 0, "loss": 126.09008938138655, "eval_loss": 118.5092215415759, "train_recall": 0.1566979797979798, "val_recall": 0.1837, "lr": 0.004}, {"epoch": 1, "loss": 125.09317453102462, "eval_loss": 117.63004337212978, "train_recall": 0.16397171717171719, "val_recall": 0.1943, "lr": 0.004}, {"epoch": 2, "loss": 118.00770843843223, "eval_loss": 110.13155416341928, "train_recall": 0.22094040404040405, "val_recall": 0.2581, "lr": 0.00084}, {"epoch": 3, "loss": 117.54601527843309, "eval_loss": 109.63185880123041, "train_recall": 0.22566464646464646, "val_recall": 0.2704, "lr": 0.00084}, {"epoch": 4, "loss": 117.38331222423204, "eval_loss": 110.3137059089465, "train_recall": 0.22722828282828283, "val_recall": 0.2695, "lr": 0.00084}, {"epoch": 5, "loss": 117.3793564779894, "eval_loss": 109.64565237974509, "train_recall": 0.22764040404040403, "val_recall": 0.2704, "lr": 0.00084}, {"epoch": 6, "loss": 114.76106870250318, "eval_loss": 104.81535354027382, "train_recall": 0.24943030303030303, "val_recall": 0.3055, "lr": 0.0001764}, {"epoch": 7, "loss": 112.93967886649557, "eval_loss": 102.84976115593544, "train_recall": 0.2656676767676768, "val_recall": 0.3139, "lr": 0.0001764}, {"epoch": 8, "loss": 111.87105003332519, "eval_loss": 102.10666098961464, "train_recall": 0.27615757575757577, "val_recall": 0.3263, "lr": 0.0001764}, {"epoch": 9, "loss": 111.07209158888553, "eval_loss": 101.12668572939359, "train_recall": 0.28494040404040405, "val_recall": 0.3314, "lr": 0.0001764}, {"epoch": 10, "loss": 110.64114918751804, "eval_loss": 100.80887166047708, "train_recall": 0.28966363636363635, "val_recall": 0.3345, "lr": 0.0001764}, {"epoch": 11, "loss": 110.3618147364491, "eval_loss": 100.78272540752704, "train_recall": 0.29270101010101013, "val_recall": 0.3399, "lr": 0.0001764}], "train_total": {"correct": 289774, "final_recall": 0.29270101010101013}, "training_time": 3281.186630964279, "eval_time": 0.01671886444091797}}, {"ins_id": 1, "dataset_partition": {"bulid_graph_time": 62.608362913131714, "save_graph_time": 44.10693073272705, "graph_partition_time": 203.22430801391602, "total_time": 310.10544443130493, "cluster_number_distribution": [4022, 4022, 4022, 4023, 4023, 3969, 4022, 3970, 4023, 4023, 4006, 4020, 4019, 4024, 4023, 3990, 4023, 3943, 4023, 3981, 3976, 4016, 4023, 3996, 4024, 4023, 4019, 1225, 3998, 4023, 4003, 3952, 2243, 4022, 3984, 4023, 4022, 4024, 4022, 4021, 3855, 4021, 4023, 4023, 4023, 3988, 3983, 3980, 4022, 4021, 3883, 541, 4024, 4024, 4024, 3695, 3928, 4011, 3954, 4018, 4007, 4024, 4023, 988, 3977, 4024, 3934, 4010, 4022, 4019, 4022, 4023, 4023, 3981, 4024, 4023, 3982, 4024, 3952, 4023, 4022, 4023, 3996, 3987, 4010, 3927, 4021, 4023, 4023, 4023, 3924, 4018, 4021, 3992, 4003, 4023, 3973, 4020, 3927, 4023, 4002, 4021, 4022, 3986, 3885, 4017, 3831, 4022, 3963, 3947, 4023, 4023, 4024, 4023, 4017, 4024, 4017, 4015, 4023, 3962, 4016, 4023, 4023, 4023, 4024, 3973, 4023, 4022, 0, 3992, 4014, 4016, 4023, 4022, 4023, 4023, 2621, 4021, 4022, 4018, 3990, 4023, 3991, 4008, 4021, 3989, 4015, 4020, 3990, 4015, 4020, 4003, 1230, 0, 4014, 4023, 4022, 4009, 4023, 4023, 4021, 4010, 4023, 4023, 4023, 4021, 4023, 4021, 4023, 4021, 4022, 4022, 4023, 4022, 4002, 4022, 4023, 4018, 4023, 3977, 4023, 3950, 4019, 4021, 4014, 4004, 4023, 3908, 4023, 3939, 4022, 4016, 4023, 3904, 4023, 4023, 4023, 4016, 4023, 3974, 3917, 4004, 4022, 4023, 3825, 4023, 3984, 3872, 4024, 4023, 4023, 4023, 4017, 4022, 4012, 4023, 3865, 4023, 3914, 4012, 3775, 4017, 4019, 3755, 3271, 3990, 4010, 4018, 4024, 3999, 3997, 4023, 4024, 4015, 4022, 4019, 4023, 4013, 3986, 4023, 3870, 4022, 4019, 4020, 4022, 4015, 3999, 3985, 4023, 4013, 3936, 4017, 4023, 3897, 4023, 3975]}, "prepare_train_sample": {"time": 0.8359029293060303}, "train_eval_model": {"train_intermediate": [{"epoch": 0, "loss": 130.53693049273912, "eval_loss": 123.62808956244054, "train_recall": 0.12904747474747474, "val_recall": 0.1636, "lr": 0.004}, {"epoch": 1, "loss": 129.8360674899678, "eval_loss": 123.79718910119472, "train_recall": 0.13410808080808082, "val_recall": 0.1608, "lr": 0.004}, {"epoch": 2, "loss": 124.29827112519148, "eval_loss": 116.81220621940417, "train_recall": 0.17033737373737373, "val_recall": 0.2078, "lr": 0.00084}, {"epoch": 3, "loss": 123.9743761103991, "eval_loss": 117.37345057267409, "train_recall": 0.1733020202020202, "val_recall": 0.1923, "lr": 0.00084}, {"epoch": 4, "loss": 123.88576618789774, "eval_loss": 117.42554948268793, "train_recall": 0.173179797979798, "val_recall": 0.2012, "lr": 0.00084}, {"epoch": 5, "loss": 123.90760784208973, "eval_loss": 117.78587216597337, "train_recall": 0.1734040404040404, "val_recall": 0.2049, "lr": 0.00084}, {"epoch": 6, "loss": 121.74126068923131, "eval_loss": 113.88419285798685, "train_recall": 0.1876808080808081, "val_recall": 0.2279, "lr": 0.0001764}, {"epoch": 7, "loss": 120.56916461854198, "eval_loss": 112.63515269450652, "train_recall": 0.19525454545454546, "val_recall": 0.2307, "lr": 0.0001764}, {"epoch": 8, "loss": 119.94471699957911, "eval_loss": 111.94387675554324, "train_recall": 0.19947070707070708, "val_recall": 0.2326, "lr": 0.0001764}, {"epoch": 9, "loss": 119.50620393253357, "eval_loss": 111.69750727139987, "train_recall": 0.20274949494949496, "val_recall": 0.2366, "lr": 0.0001764}, {"epoch": 10, "loss": 119.23920455519792, "eval_loss": 111.52395072350136, "train_recall": 0.20464545454545455, "val_recall": 0.2348, "lr": 0.0001764}, {"epoch": 11, "loss": 119.02460608269813, "eval_loss": 111.32614536774464, "train_recall": 0.20602020202020202, "val_recall": 0.2411, "lr": 0.0001764}], "train_total": {"correct": 203960, "final_recall": 0.20602020202020202}, "training_time": 3029.1641159057617, "eval_time": 0.004226207733154297}}], "integrate": {"time": 227.04269456863403}, "count_recall": {"time": 150.20221090316772}}