{"total_time_consume": 26767.955222845078, "preprocess": {"kmeans_time": 237.95646572113037, "random_projection_time": 0.0007319450378417969, "total_time": 238.07144951820374}, "classifier": [{"ins_id": 0, "dataset_partition": {"bulid_graph_time": 635.5828552246094, "save_graph_time": 32.48025727272034, "graph_partition_time": 58.10688781738281, "total_time": 726.3640828132629, "cluster_number_distribution": [4047, 4051, 4053, 4053, 4051, 3923, 4051, 4026, 4046, 4050, 4050, 4031, 4013, 4048, 4049, 4054, 2410, 4045, 4046, 4005, 4036, 3982, 4045, 4038, 3973, 4050, 3850, 3999, 4044, 4051, 4048, 4053, 4031, 4050, 4053, 4051, 4046, 4048, 4052, 3794, 4049, 1735, 4047, 4077, 4079, 4081, 4080, 4001, 3724, 4084, 4082, 4081, 4079, 4081, 4083, 4080, 4079, 4079, 998, 4082, 4075, 4080, 4079, 4086, 3777, 4080, 4073, 4084, 4079, 4079, 4085, 4081, 4070, 4074, 4080, 4117, 4116, 4116, 4121, 4117, 4117, 4116, 4118, 4116, 4118, 4115, 3714, 4123, 4123, 4114, 3230, 4118, 4118, 4118, 4111, 4128, 4115, 4115, 0, 4116, 4118, 4116, 4116, 4116, 4119, 4117, 4116, 4116, 4115, 4117, 4121, 4117, 4116, 4119, 2477, 4120, 4119, 1503, 4124, 4118, 4116, 4119, 4119, 4123, 4117, 4116, 4117, 4121, 4116, 4116, 4116, 4118, 4116, 4118, 4115, 4116, 4119, 4115, 4119, 4116, 4119, 4108, 4115, 4122, 4119, 4118, 3894, 4121, 4117, 4118, 4115, 4119, 4120, 4117, 4116, 4117, 4116, 3569, 3862, 3550, 3872, 3820, 3603, 3884, 3644, 3887, 3789, 3859, 3660, 3885, 3881, 3751, 3862, 3867, 3839, 3817, 3862, 3832, 3872, 3872, 3870, 3867, 3686, 3871, 2677, 3780, 3702, 3872, 3872, 3954, 3964, 3061, 3963, 3964, 3964, 3964, 3947, 3740, 3923, 3965, 3963, 3948, 3959, 3943, 3959, 3956, 3965, 3946, 3964, 3949, 2719, 3985, 3961, 3958, 3990, 3984, 2735, 3980, 3983, 3952, 3991, 3904, 3848, 3983, 3932, 3991, 3975, 3971, 3837, 3988, 3868, 3934, 3928, 3982, 3961, 3991, 3970, 3979, 3926, 2902, 3777, 3748, 3307, 3778, 3765, 3746, 3672, 3748, 3778, 3777, 3773, 3716, 3775, 3766, 3763, 2798]}, "prepare_train_sample": {"time": 0.46778297424316406}, "train_eval_model": {"train_config": {"model_name": "one_block_2048_dim", "lr": 0.008, "n_epochs": 12, "milestones": [3, 7]}, "train_intermediate": [{"epoch": 0, "loss": 63.89068966119635, "eval_loss": 52.43720647616264, "train_recall": 0.5991414141414141, "val_recall": 0.6827, "lr": 0.008}, {"epoch": 1, "loss": 61.731929109011524, "eval_loss": 52.08253027231265, "train_recall": 0.6302242424242425, "val_recall": 0.6979, "lr": 0.008}, {"epoch": 2, "loss": 61.35291623577534, "eval_loss": 51.894979452475525, "train_recall": 0.6368626262626262, "val_recall": 0.6924, "lr": 0.008}, {"epoch": 3, "loss": 59.68941074988728, "eval_loss": 50.47699862871415, "train_recall": 0.6717323232323232, "val_recall": 0.7229, "lr": 0.0008}, {"epoch": 4, "loss": 59.46812541443911, "eval_loss": 50.42940156887739, "train_recall": 0.6767070707070707, "val_recall": 0.7265, "lr": 0.0008}, {"epoch": 5, "loss": 59.376387191842994, "eval_loss": 50.35608121676323, "train_recall": 0.6791393939393939, "val_recall": 0.7246, "lr": 0.0008}, {"epoch": 6, "loss": 59.31360190977518, "eval_loss": 50.29142027023511, "train_recall": 0.6808090909090909, "val_recall": 0.7273, "lr": 0.0008}, {"epoch": 7, "loss": 59.15932727079684, "eval_loss": 50.25422052848033, "train_recall": 0.6848898989898989, "val_recall": 0.7318, "lr": 8e-05}, {"epoch": 8, "loss": 59.14317894407337, "eval_loss": 50.31024525715755, "train_recall": 0.6844717171717172, "val_recall": 0.7302, "lr": 8e-05}, {"epoch": 9, "loss": 59.12322548204338, "eval_loss": 50.32333395419977, "train_recall": 0.6860373737373737, "val_recall": 0.7313, "lr": 8e-05}, {"epoch": 10, "loss": 59.123909300899605, "eval_loss": 50.189024313902245, "train_recall": 0.6850626262626263, "val_recall": 0.7311, "lr": 8e-05}, {"epoch": 11, "loss": 59.11820399394752, "eval_loss": 50.23708797723819, "train_recall": 0.6859686868686868, "val_recall": 0.7357, "lr": 8e-05}], "train_total": {"correct": 679109, "final_recall": 0.6859686868686868}, "training_time": 5721.596966743469, "eval_time": 0.05347466468811035}}, {"ins_id": 1, "dataset_partition": {"bulid_graph_time": 723.0259697437286, "save_graph_time": 33.323546409606934, "graph_partition_time": 52.065892457962036, "total_time": 808.6023051738739, "cluster_number_distribution": [4084, 4083, 4081, 4082, 4081, 4081, 4082, 4080, 3148, 4078, 4082, 4081, 4083, 4082, 4081, 4083, 4080, 4082, 4084, 4083, 3755, 4077, 4082, 4090, 4094, 4085, 4089, 4081, 4083, 2974, 4084, 4081, 4082, 4081, 4081, 4013, 4086, 4082, 887, 4082, 4086, 4082, 4083, 4082, 4085, 4082, 4083, 3950, 3989, 3783, 3992, 3960, 3986, 3989, 3991, 3992, 2591, 3956, 3993, 3246, 3940, 3983, 3992, 3990, 3865, 3935, 3988, 3964, 3992, 3234, 3993, 3992, 3993, 3956, 3991, 3967, 3977, 3975, 3888, 4094, 4094, 4036, 4093, 4092, 4052, 3922, 4084, 4093, 4093, 4094, 4093, 3972, 4083, 4079, 4094, 3973, 4091, 4085, 4095, 4088, 4087, 4094, 4094, 4066, 4000, 4073, 4093, 761, 4089, 4068, 4080, 3651, 4081, 4063, 3904, 4094, 3506, 4082, 4095, 4093, 4094, 4093, 4091, 4067, 4055, 3967, 3962, 3949, 3963, 1525, 3968, 3964, 3968, 3941, 3966, 3966, 3968, 3967, 3888, 3968, 3850, 3968, 3967, 3968, 3965, 3966, 3958, 3929, 3967, 3980, 3981, 3648, 3983, 3981, 3922, 3986, 3981, 3980, 3981, 3981, 2648, 3980, 3985, 3981, 3979, 3639, 3981, 3981, 3982, 3980, 3980, 3983, 3978, 3981, 3982, 3984, 3986, 3980, 3980, 3983, 3981, 2871, 3981, 3983, 3981, 2866, 4040, 4036, 4040, 3114, 4039, 4022, 3188, 4043, 3977, 4010, 3980, 4034, 3984, 3967, 4012, 4028, 4040, 4040, 4026, 4032, 4018, 4010, 4021, 4006, 3188, 4040, 4042, 3876, 3831, 2469, 3455, 3827, 3877, 3879, 3882, 3881, 3793, 3878, 3880, 3844, 3878, 3877, 3840, 3882, 3870, 3881, 4024, 4025, 4025, 3966, 3814, 4024, 4022, 3803, 4025, 4024, 3989, 3943, 4025, 3873, 4024, 3951, 4024, 4024, 4015, 4025, 3956, 3812, 4014, 2348]}, "prepare_train_sample": {"time": 0.5935108661651611}, "train_eval_model": {"train_config": {"model_name": "one_block_2048_dim", "lr": 0.008, "n_epochs": 12, "milestones": [3, 7]}, "train_intermediate": [{"epoch": 0, "loss": 63.99708031650874, "eval_loss": 53.08364544159327, "train_recall": 0.5983252525252525, "val_recall": 0.6664, "lr": 0.008}, {"epoch": 1, "loss": 61.8401345427067, "eval_loss": 52.682007538966644, "train_recall": 0.6290070707070707, "val_recall": 0.6831, "lr": 0.008}, {"epoch": 2, "loss": 61.471345038783454, "eval_loss": 52.419429950225044, "train_recall": 0.636439393939394, "val_recall": 0.6937, "lr": 0.008}, {"epoch": 3, "loss": 59.83890753448651, "eval_loss": 51.141021337264625, "train_recall": 0.6701828282828283, "val_recall": 0.7107, "lr": 0.0008}, {"epoch": 4, "loss": 59.62371599647637, "eval_loss": 50.96872102908599, "train_recall": 0.6751545454545455, "val_recall": 0.7171, "lr": 0.0008}, {"epoch": 5, "loss": 59.53938450954941, "eval_loss": 50.890034321026924, "train_recall": 0.676750505050505, "val_recall": 0.7182, "lr": 0.0008}, {"epoch": 6, "loss": 59.4790589883478, "eval_loss": 50.86205921417628, "train_recall": 0.6785616161616161, "val_recall": 0.7185, "lr": 0.0008}, {"epoch": 7, "loss": 59.32731679848626, "eval_loss": 50.79932015981429, "train_recall": 0.6819454545454545, "val_recall": 0.7192, "lr": 8e-05}, {"epoch": 8, "loss": 59.30274623043841, "eval_loss": 50.76278998301579, "train_recall": 0.6829787878787879, "val_recall": 0.7228, "lr": 8e-05}, {"epoch": 9, "loss": 59.30786606847544, "eval_loss": 50.75967048987364, "train_recall": 0.6824494949494949, "val_recall": 0.7197, "lr": 8e-05}, {"epoch": 10, "loss": 59.29357109744304, "eval_loss": 50.78759858547113, "train_recall": 0.6834030303030303, "val_recall": 0.7221, "lr": 8e-05}, {"epoch": 11, "loss": 59.2827975027169, "eval_loss": 50.79552097809621, "train_recall": 0.6835343434343434, "val_recall": 0.7155, "lr": 8e-05}], "train_total": {"correct": 676699, "final_recall": 0.6835343434343434}, "training_time": 5584.814021587372, "eval_time": 0.026716232299804688}}, {"ins_id": 2, "dataset_partition": {"bulid_graph_time": 887.2608225345612, "save_graph_time": 33.51534414291382,