{"total_time_consume": 3140.9018454551697, "preprocess": {"total_time": 0.04789996147155762}, "classifier": [{"ins_id": 0, "dataset_partition": {"bulid_graph_time": 66.86405825614929, "save_graph_time": 42.27720785140991, "graph_partition_time": 68.36879444122314, "total_time": 177.66424942016602, "cluster_number_distribution": [3909, 4023, 4024, 3909, 4024, 4023, 4024, 3883, 3933, 4022, 1688, 3878, 3914, 4023, 3928, 3838, 3898, 3967, 4023, 4023, 3847, 3919, 4023, 4022, 4024, 4023, 4022, 3738, 4023, 4010, 3982, 3745, 4024, 4019, 3844, 4024, 4019, 3897, 4022, 3883, 3931, 0, 4023, 3908, 4016, 4023, 4019, 4024, 3817, 4019, 4023, 4024, 4018, 4024, 4024, 3957, 4024, 4024, 4020, 4023, 4024, 4024, 3953, 3367, 3908, 3749, 3869, 4020, 3754, 4024, 4009, 3917, 4015, 4023, 3924, 4021, 3921, 3889, 3966, 3957, 4022, 4000, 3784, 4024, 3985, 3842, 4024, 3742, 3738, 4024, 3969, 3681, 3911, 4023, 3870, 3852, 4021, 4023, 4024, 4024, 3967, 4024, 4024, 4002, 4014, 3902, 4023, 4022, 4021, 4016, 4019, 4024, 3741, 3977, 3885, 4024, 4010, 4009, 4024, 4023, 4017, 3975, 4024, 3896, 4021, 3945, 4023, 4024, 4023, 3873, 4023, 4019, 3876, 4024, 4024, 4023, 3895, 4024, 3938, 3916, 4011, 3968, 3843, 4024, 3920, 4024, 3738, 4024, 4020, 3972, 4024, 0, 3890, 4024, 4024, 3837, 3898, 4024, 3794, 4023, 4024, 3828, 3982, 4023, 3938, 3777, 3824, 3938, 4009, 4019, 4024, 3987, 4024, 4022, 4023, 4000, 4022, 3840, 4024, 3596, 4024, 3957, 4024, 4023, 4024, 4023, 4021, 4017, 3932, 4024, 4024, 3862, 4020, 4019, 4024, 3982, 1227, 4023, 4024, 3941, 4024, 3938, 3898, 3958, 4024, 4024, 4023, 3960, 4001, 4019, 4024, 3877, 3969, 4024, 3739, 4023, 4023, 3904, 4005, 3870, 4023, 4021, 2674, 3880, 4003, 4024, 3820, 4024, 4016, 3862, 3982, 4024, 4024, 4024, 4024, 3747, 3740, 3946, 4023, 3985, 4024, 3907, 3784, 3858, 3783, 4021, 4024, 4024, 4024, 4023, 4023, 4019, 4024, 4024, 3744, 4024]}, "prepare_train_sample": {"time": 0.5429301261901855}, "train_eval_model": {"train_config": {"model_name": "one_block_8192_dim", "lr": 0.001, "n_epochs": 12, "milestones": [3, 7]}, "train_intermediate": [{"epoch": 0, "loss": 64.42035307463283, "eval_loss": 50.45160211660923, "train_recall": 0.6178444444444444, "val_recall": 0.7223, "lr": 0.001}, {"epoch": 1, "loss": 59.86070912739045, "eval_loss": 49.82309217330737, "train_recall": 0.6773848484848485, "val_recall": 0.74, "lr": 0.001}, {"epoch": 2, "loss": 59.165186748756796, "eval_loss": 49.57835943882282, "train_recall": 0.6933616161616162, "val_recall": 0.7517, "lr": 0.001}, {"epoch": 3, "loss": 58.15912890838861, "eval_loss": 48.91274273701203, "train_recall": 0.7193585858585858, "val_recall": 0.7665, "lr": 0.0001}, {"epoch": 4, "loss": 57.99913787484211, "eval_loss": 48.91236986258091, "train_recall": 0.7236717171717172, "val_recall": 0.7692, "lr": 0.0001}, {"epoch": 5, "loss": 57.9214714240923, "eval_loss": 48.73979967068403, "train_recall": 0.7255787878787879, "val_recall": 0.7721, "lr": 0.0001}, {"epoch": 6, "loss": 57.86470012268368, "eval_loss": 48.790691070067574, "train_recall": 0.7269111111111111, "val_recall": 0.7702, "lr": 0.0001}, {"epoch": 7, "loss": 57.777305791561204, "eval_loss": 48.66010524676396, "train_recall": 0.7293151515151515, "val_recall": 0.7767, "lr": 1e-05}, {"epoch": 8, "loss": 57.750467218848556, "eval_loss": 48.6256426847898, "train_recall": 0.7294232323232324, "val_recall": 0.7739, "lr": 1e-05}, {"epoch": 9, "loss": 57.73527610111233, "eval_loss": 48.68036861908742, "train_recall": 0.730589898989899, "val_recall": 0.7756, "lr": 1e-05}, {"epoch": 10, "loss": 57.72931697086021, "eval_loss": 48.76286584291703, "train_recall": 0.7302373737373737, "val_recall": 0.7722, "lr": 1e-05}, {"epoch": 11, "loss": 57.72298544294853, "eval_loss": 48.65685788790385, "train_recall": 0.7306030303030303, "val_recall": 0.7735, "lr": 1e-05}], "train_total": {"correct": 723297, "final_recall": 0.7306030303030303}, "training_time": 2706.7442650794983, "eval_time": 0.023258686065673828}}], "integrate": {"time": 107.82706594467163}, "count_recall": {"time": 120.44384264945984}}