{"total_time_consume": 5249.388704299927, "preprocess": {"total_time": 0.061264991760253906}, "classifier": [{"ins_id": 0, "dataset_partition": {"bulid_graph_time": 1513.5524098873138, "save_graph_time": 35.04770827293396, "graph_partition_time": 105.82936358451843, "total_time": 1654.5927529335022, "cluster_number_distribution": [4023, 4020, 4023, 0, 3992, 4015, 4023, 4021, 4022, 4022, 4010, 4022, 4022, 3972, 4000, 4023, 4011, 4018, 4016, 4017, 4023, 4021, 4016, 4022, 4017, 4023, 4015, 3363, 4020, 2812, 4022, 4013, 4021, 4023, 4023, 4017, 4019, 4023, 4015, 3765, 4023, 4009, 4019, 4016, 4015, 4022, 4023, 4011, 4016, 4015, 4023, 4023, 4021, 4021, 4000, 4005, 4021, 4011, 4022, 4023, 3975, 4022, 3988, 4002, 4004, 4023, 3926, 4019, 3896, 4021, 4022, 4023, 4023, 3926, 4017, 2624, 4012, 4015, 4022, 3994, 4022, 4023, 4009, 4009, 4023, 4023, 4001, 4023, 0, 4002, 4011, 3974, 4016, 4017, 4008, 4019, 4009, 4022, 4021, 4020, 4012, 4022, 4003, 4015, 4021, 4021, 4023, 4011, 4022, 4022, 3962, 3956, 4022, 4007, 4018, 4023, 4023, 4020, 4023, 2046, 4023, 4009, 4023, 4023, 3999, 4016, 4020, 3925, 4020, 3964, 3974, 4017, 4002, 4020, 4022, 3898, 4022, 3989, 3973, 3999, 4004, 4019, 4013, 4005, 4010, 4023, 4006, 4023, 1156, 4023, 4023, 4011, 4010, 4019, 4008, 3307, 4022, 4015, 4006, 4023, 4021, 4022, 4023, 3939, 3986, 3876, 4020, 3889, 4023, 4014, 4022, 4014, 4022, 4007, 4021, 3982, 4023, 4023, 3919, 3843, 3991, 4010, 4020, 4020, 4007, 4023, 3908, 4007, 4023, 4023, 4004, 3375, 4023, 4008, 3936, 3716, 4020, 3989, 4022, 4012, 4015, 3926, 4023, 4020, 2945, 1741, 4022, 4020, 302, 4021, 4021, 3993, 3978, 4021, 4019, 4023, 4023, 4018, 4022, 3122, 4019, 4022, 3951, 4020, 3945, 4020, 4012, 4018, 4016, 3983, 4010, 3923, 4014, 4017, 4015, 4015, 4022, 4023, 4023, 4010, 4022, 4023, 4018, 4023, 3991, 4023, 4019, 4011, 4019, 4022, 4018, 3997, 4022, 3953, 4023, 4011]}, "prepare_train_sample": {"time": 0.5367066860198975}, "train_eval_model": {"train_intermediate": [{"epoch": 0, "loss": 95.77000948383778, "eval_loss": 86.79663848876953, "train_recall": 0.3725010101010101, "val_recall": 0.4787, "lr": 0.008}, {"epoch": 1, "loss": 93.65226783435547, "eval_loss": 86.6187316087576, "train_recall": 0.398479797979798, "val_recall": 0.4836, "lr": 0.008}, {"epoch": 2, "loss": 93.03450558153749, "eval_loss": 85.72499211629231, "train_recall": 0.4048929292929293, "val_recall": 0.5024, "lr": 0.008}, {"epoch": 3, "loss": 91.09502434834569, "eval_loss": 84.88655739564162, "train_recall": 0.4326979797979798, "val_recall": 0.5176, "lr": 0.0008}, {"epoch": 4, "loss": 90.86226879035655, "eval_loss": 84.47588199224228, "train_recall": 0.43646161616161616, "val_recall": 0.5164, "lr": 0.0008}, {"epoch": 5, "loss": 90.78661297384683, "eval_loss": 84.9644895578042, "train_recall": 0.43607979797979796, "val_recall": 0.5227, "lr": 0.0008}, {"epoch": 6, "loss": 90.67046754354111, "eval_loss": 84.56073792775472, "train_recall": 0.4383888888888889, "val_recall": 0.5234, "lr": 0.0008}, {"epoch": 7, "loss": 90.46872564226338, "eval_loss": 84.28911575904259, "train_recall": 0.441110101010101, "val_recall": 0.5203, "lr": 8e-05}, {"epoch": 8, "loss": 90.48440175602546, "eval_loss": 84.77808855741452, "train_recall": 0.44173030303030303, "val_recall": 0.5286, "lr": 8e-05}, {"epoch": 9, "loss": 90.44294269025512, "eval_loss": 84.48125148430849, "train_recall": 0.44137777777777776, "val_recall": 0.5134, "lr": 8e-05}, {"epoch": 10, "loss": 90.42715114148743, "eval_loss": 84.73867894441653, "train_recall": 0.44143434343434346, "val_recall": 0.5263, "lr": 8e-05}, {"epoch": 11, "loss": 90.42793878935757, "eval_loss": 84.51239993022038, "train_recall": 0.4411060606060606, "val_recall": 0.5096, "lr": 8e-05}], "train_total": {"correct": 436695, "final_recall": 0.4411060606060606}, "training_time": 3331.5451426506042, "eval_time": 0.010301828384399414}}], "integrate": {"time": 125.28443574905396}, "count_recall": {"time": 125.63561964035034}}