{"total_time_consume": 66972.10128951073, "preprocess": {"kmeans_time": 56288.323210954666, "random_projection_time": 0.029704570770263672, "total_time": 56288.60304760933}, "classifier": [{"ins_id": 0, "dataset_partition": {"count_label_time": 263.80718302726746, "total_time": 263.95606899261475, "cluster_number_distribution": [2518, 6730, 3491, 4119, 1719, 3011, 6110, 5469, 931, 3887, 990, 1561, 5584, 6890, 6644, 4032, 6542, 3966, 4321, 5189, 5519, 4931, 1348, 3212, 7921, 4488, 4476, 10352, 4520, 10178, 5688, 5625, 3527, 1682, 5331, 4897, 4174, 3855, 1615, 2800, 4346, 18413, 1452, 4183, 5203, 2066, 2507, 3998, 6295, 2018, 1710, 4909, 2310, 1033, 2610, 952, 4841, 7229, 5466, 3227, 4380, 4433, 4012, 3567, 977, 5808, 4499, 4430, 2721, 1790, 1308, 1452, 2193, 249, 1480, 2684, 7989, 2730, 3750, 3200, 2177, 2457, 10310, 6590, 8830, 8473, 3757, 385, 6598, 1567, 16328, 3530, 4565, 2059, 3551, 3064, 926, 4306, 2278, 4277, 1993, 3397, 3230, 7015, 5007, 328, 4967, 3766, 8337, 2680, 4931, 9997, 4675, 4712, 2953, 6556, 8022, 4124, 6838, 2666, 3553, 672, 4411, 1050, 5504, 3351, 4827, 1223, 1296, 1123, 8650, 1791, 3776, 789, 916, 1323, 812, 2667, 1054, 822, 2932, 7108, 7279, 5046, 123, 1768, 1103, 5593, 946, 4025, 11051, 12188, 2775, 5097, 3972, 2881, 5354, 8465, 5895, 5106, 2949, 545, 1257, 5924, 1272, 3809, 3411, 552, 905, 2571, 3355, 3925, 828, 2804, 69, 9016, 3946, 1651, 2036, 4552, 1051, 4246, 2723, 6085, 5314, 3510, 4030, 1262, 993, 1162, 1607, 3336, 5926, 5598, 4635, 2154, 2291, 4485, 5665, 1104, 3720, 2573, 4309, 4247, 8798, 2243, 3613, 2302, 10269, 877, 3076, 6211, 3914, 3283, 3427, 2159, 2272, 957, 2309, 2637, 3467, 5193, 5081, 1132, 707, 4039, 7536, 4338, 4166, 3637, 2155, 6317, 3860, 5958, 6040, 6194, 4361, 2269, 317, 1569, 2581, 6127, 1622, 5134, 3629, 3900, 474, 1637, 10065, 57, 5815, 4974, 1568, 3203, 4900, 1426]}, "prepare_train_sample": {"time": 0.4955759048461914}, "train_eval_model": {"train_config": {"model_name": "one_block_2048_dim", "lr": 2e-05, "n_epochs": 12, "milestones": [3, 7]}, "train_intermediate": [{"epoch": 0, "loss": 85.54591370122128, "eval_loss": 73.35836520561806, "train_recall": 0.3758343434343434, "val_recall": 0.4488, "lr": 2e-05}, {"epoch": 1, "loss": 80.72882047291236, "eval_loss": 72.32747197762514, "train_recall": 0.4179838383838384, "val_recall": 0.487, "lr": 2e-05}, {"epoch": 2, "loss": 79.52395572262228, "eval_loss": 71.27628224935287, "train_recall": 0.4255, "val_recall": 0.4823, "lr": 2e-05}, {"epoch": 3, "loss": 78.85390118624431, "eval_loss": 70.92787370926294, "train_recall": 0.4318626262626263, "val_recall": 0.4893, "lr": 2.0000000000000003e-06}, {"epoch": 4, "loss": 78.7882803612891, "eval_loss": 70.97508804614728, "train_recall": 0.43237373737373735, "val_recall": 0.5202, "lr": 2.0000000000000003e-06}, {"epoch": 5, "loss": 78.68574522655736, "eval_loss": 70.8976094294817, "train_recall": 0.4328707070707071, "val_recall": 0.4955, "lr": 2.0000000000000003e-06}, {"epoch": 6, "loss": 78.63278613990798, "eval_loss": 70.73440030904916, "train_recall": 0.432510101010101, "val_recall": 0.4862, "lr": 2.0000000000000003e-06}, {"epoch": 7, "loss": 78.57551210648019, "eval_loss": 71.22330598342113, "train_recall": 0.43384141414141414, "val_recall": 0.5622, "lr": 2.0000000000000004e-07}, {"epoch": 8, "loss": 78.54788141447591, "eval_loss": 70.65639669467241, "train_recall": 0.4335242424242424, "val_recall": 0.4973, "lr": 2.0000000000000004e-07}, {"epoch": 9, "loss": 78.52539590308503, "eval_loss": 70.78702866725432, "train_recall": 0.4339262626262626, "val_recall": 0.5144, "lr": 2.0000000000000004e-07}, {"epoch": 10, "loss": 78.54833209474928, "eval_loss": 70.87762761727357, "train_recall": 0.4334181818181818, "val_recall": 0.5336, "lr": 2.0000000000000004e-07}, {"epoch": 11, "loss": 78.55166315136134, "eval_loss": 71.07819246634459, "train_recall": 0.43271414141414144, "val_recall": 0.5554, "lr": 2.0000000000000004e-07}], "train_total": {"correct": 428387, "final_recall": 0.43271414141414144}, "training_time": 2280.7184743881226, "eval_time": 0.011730432510375977}}, {"ins_id": 1, "dataset_partition": {"count_label_time": 263.01880145072937, "total_time": 263.17785263061523, "cluster_number_distribution": [1069, 4246, 2712, 5073, 2752, 5623, 320, 5703, 6243, 1583, 1274, 3849, 1382, 1206, 21728, 3454, 3986, 4212, 3034, 978, 4706, 1749, 4621, 7678, 2870, 3504, 3413, 4232, 7896, 4741, 6124, 8759, 4383, 3785, 3351, 3905, 2413, 2903, 3655, 2127, 75, 3634, 1732, 7052, 9579, 3447, 2690, 8295, 4545, 13629, 3541, 7109, 341, 1049, 3571, 5860, 2092, 4277, 4054, 4387, 2583, 1573, 2262, 3749, 5007, 4353, 3544, 4997, 727, 1157, 4033, 2959, 4783, 5813, 3226, 13948, 1808, 1014, 2044, 4562, 2526, 3102, 3648, 2430, 2014, 1683, 4196, 1424, 4253, 3791, 4502, 7280, 1381, 1872, 4811, 571, 1839, 4977, 1360, 2276, 3356, 11559, 17054, 1477, 3465, 5888, 6908, 2748, 3483, 3449, 3230, 5291, 1645, 6140, 6633, 321, 16377, 6610, 5640, 1326, 1269, 4463, 1755, 8146, 376, 2973, 4507, 8998, 3225, 957, 9226, 1024, 5892, 4701, 4620, 4787, 2477, 13668, 49, 3225, 3940, 2564, 1751, 1658, 2085, 4826, 1699, 2206, 3511, 3889, 7961, 3264, 4620, 1757, 6306, 185, 1555, 3826, 2477, 4126, 3704, 591, 5169, 3331, 2619, 4428, 5264, 2987, 3637, 2889, 1133, 4038, 5332, 2984, 876, 4293, 3545, 4587, 6604, 11250, 990, 6004, 1447, 3459, 2655, 5118, 6191, 3796, 2064, 4274, 1113, 8558, 1904, 3178, 3192, 4570, 552, 415, 7710, 1334, 1060, 3143, 4929, 4703, 357, 1936, 3489, 6363, 5337, 2366, 3694, 7902, 6316, 5522, 3054, 2238, 4238, 2533, 3106, 849, 1541, 5607, 4075, 778, 5937, 5084, 1568, 1278, 3432, 3835, 3052, 10971, 4481, 1857, 2083, 8625, 3454, 6558, 1609, 4156, 1504, 1012, 7696, 5931, 2560, 5464, 2472, 913, 959, 2543, 264, 3360, 4509, 1791, 2452, 246]}, "prepare_train_sample": {"time": 0.4882965087890625}, "train_eval_model": {"train_config": {"model_name": "one_block_2048_dim", "lr": 2e-05, "n_epochs": 12, "milestones": [3, 7]}, "train_intermediate": [{"epoch": 0, "loss": 84.67106539416176, "eval_loss": 72.95801052680382, "train_recall": 0.37923030303030303, "val_recall": 0.4906, "lr": 2e-05}, {"epoch": 1, "loss": 79.90700614705523, "eval_loss": 71.59974049299191, "train_recall": 0.4196959595959596, "val_recall": 0.4714, "lr": 2e-05}, {"epoch": 2, "loss": 78.75874714423355, "eval_loss": 70.81534163157146, "train_recall": 0.4274363636363636, "val_recall": 0.5144, "lr": 2e-05}, {"epoch": 3, "loss": 78.11510090449241, "eval_loss": 70.37200410549457, "train_recall": 0.4330232323232323, "val_recall": 0.4958, "lr": 2.0000000000000003e-06}, {"epoch": 4, "loss": 77.94519777856239, "eval_loss": 70.4069830087515, "train_recall": 0.43405353535353536, "val_recall": 0.486, "lr": 2.0000000000000003e-06}, {"epoch": 5, "loss": 77.91353695920587, "eval_loss": 70.13677352514023, "train_recall": 0.4342252525252525, "val_recall": 0.4904, "lr": 2.0000000000000003e-06}, {"epoch": 6, "loss": 77.87250483237568, "eval_loss": 70.46929781253522, "train_recall": 0.4342030303030303, "val_recall": 0.4839, "lr": 2.0000000000000003e-06}, {"epoch": 7, "loss": 77.78642355798075, "eval_loss": 70.61566098531087, "train_recall": 0.4348181818181818, "val_recall": 0.4771, "lr": 2.0000000000000004e-07}, {"epoch": 8, "loss": 77.7763499601412, "eval_loss": 70.19856390586266, "train_recall": 0.4346282828282828, "val_recall": 0.4909, "lr": 2.0000000000000004e-07}, {"epoch": 9, "loss": 77.77213965298598, "eval_loss": 70.39210929626074, "train_recall": 0.4344121212121212, "val_recall": 0.4795, "lr": 2.0000000000000004e-07}, {"epoch": 10, "loss": 77.77613459935219, "eval_loss": 70.36999741578714, "train_recall": 0.4347010101010101, "val_recall": 0.4968, "lr": 2.0000000000000004e-07}, {"epoch": 11, "loss": 77.77868579322329, "eval_loss": 71.19401652996356, "train_recall": 0.43486464646464645, "val_recall": 0.4271, "lr": 2.0000000000000004e-07}], "train_total": {"correct": 430516, "final_recall": 0.43486464646464645}, "training_time": 2252.1107366085052, "eval_time": 0.010535478591918945}}, {"ins_id": 2,