{"total_time_consume": 16195.983890533447, "preprocess": {"total_time": 0.20894861221313477}, "classifier": [{"ins_id": 0, "dataset_partition": {"bulid_graph_time": 1006.7561032772064, "save_graph_time": 29.533936977386475, "graph_partition_time": 55.354684829711914, "total_time": 1091.8034088611603, "cluster_number_distribution": [4010, 4013, 4012, 4011, 4011, 4011, 4012, 4014, 4012, 4011, 4011, 4010, 522, 3864, 4012, 4011, 4009, 4011, 4009, 4012, 4013, 4013, 4005, 4010, 4016, 4011, 4003, 4011, 4012, 4010, 4010, 4014, 4011, 4014, 4011, 4011, 4011, 4014, 4011, 4014, 4007, 4011, 4015, 4017, 3309, 4012, 4011, 4009, 3618, 4011, 2443, 4012, 4023, 4015, 4011, 4012, 4008, 4011, 4010, 4012, 4011, 4012, 4015, 4011, 4014, 4009, 4011, 3567, 4014, 4014, 4012, 2910, 4014, 4012, 4011, 4011, 4011, 4011, 4011, 3212, 4011, 2639, 4011, 4011, 4010, 4011, 4011, 1517, 4013, 4011, 4009, 4010, 4013, 4011, 4017, 4011, 4008, 4014, 4011, 4013, 4011, 4011, 4012, 4012, 4012, 4010, 4014, 4032, 4032, 4034, 4037, 1814, 4036, 4034, 4030, 4034, 4032, 4030, 4036, 4031, 4021, 4032, 4031, 4030, 4032, 1733, 4036, 4024, 4038, 4031, 3738, 4038, 4031, 4031, 4031, 4031, 4032, 4035, 4031, 4036, 4035, 4032, 4032, 4034, 4032, 4027, 4032, 4034, 4032, 4037, 4034, 4034, 4032, 2246, 4033, 4033, 4032, 4031, 4036, 4032, 4032, 4035, 4032, 4033, 4032, 4032, 4037, 4033, 4034, 4030, 4039, 4035, 4032, 4034, 4034, 4030, 4032, 4034, 4031, 4030, 4032, 4031, 4032, 4032, 4032, 4041, 4033, 4034, 4033, 4033, 4032, 4032, 2725, 4032, 3758, 4031, 4033, 4032, 4033, 4031, 4032, 4032, 4036, 4035, 4033, 4035, 4032, 4036, 4033, 313, 4037, 4032, 4032, 4033, 4032, 4033, 4035, 4032, 4025, 3500, 4035, 4035, 4033, 4033, 4032, 4034, 4032, 4032, 1471, 4031, 4032, 4033, 4032, 4032, 2963, 2998, 4034, 4031, 4033, 4031, 4033, 4031, 3529, 4032, 4033, 4030, 4032, 4038, 4032, 4032, 4031, 4033, 4034, 4034, 4033, 4034]}, "prepare_train_sample": {"time": 0.5366253852844238}, "train_eval_model": {"train_config": {"model_name": "one_block_2048_dim", "lr": 0.004, "n_epochs": 12, "milestones": [3, 7]}, "train_intermediate": [{"epoch": 0, "loss": 70.81534618253517, "eval_loss": 58.43521996644827, "train_recall": 0.4998353535353535, "val_recall": 0.5864, "lr": 0.004}, {"epoch": 1, "loss": 68.42800156509198, "eval_loss": 58.15778536674304, "train_recall": 0.5324555555555556, "val_recall": 0.5944, "lr": 0.004}, {"epoch": 2, "loss": 67.98139465952997, "eval_loss": 57.92717543626443, "train_recall": 0.5411373737373737, "val_recall": 0.6014, "lr": 0.004}, {"epoch": 3, "loss": 66.77219593792736, "eval_loss": 56.874655136695274, "train_recall": 0.5635313131313131, "val_recall": 0.6211, "lr": 0.0004}, {"epoch": 4, "loss": 66.6091846365324, "eval_loss": 56.79277780728462, "train_recall": 0.5668727272727273, "val_recall": 0.6255, "lr": 0.0004}, {"epoch": 5, "loss": 66.5314204824546, "eval_loss": 56.73265036558494, "train_recall": 0.5690929292929293, "val_recall": 0.6237, "lr": 0.0004}, {"epoch": 6, "loss": 66.47712881725315, "eval_loss": 56.703856125856056, "train_recall": 0.5703262626262626, "val_recall": 0.6211, "lr": 0.0004}, {"epoch": 7, "loss": 66.37377375306697, "eval_loss": 56.60698034824469, "train_recall": 0.5721888888888889, "val_recall": 0.6294, "lr": 4e-05}, {"epoch": 8, "loss": 66.34389777935233, "eval_loss": 56.649743055685974, "train_recall": 0.5729151515151515, "val_recall": 0.6274, "lr": 4e-05}, {"epoch": 9, "loss": 66.34277210321292, "eval_loss": 56.54954428550525, "train_recall": 0.5730272727272727, "val_recall": 0.6294, "lr": 4e-05}, {"epoch": 10, "loss": 66.33298481667084, "eval_loss": 56.677542955447464, "train_recall": 0.5726787878787879, "val_recall": 0.628, "lr": 4e-05}, {"epoch": 11, "loss": 66.32869733221087, "eval_loss": 56.5496331239358, "train_recall": 0.5730474747474747, "val_recall": 0.6308, "lr": 4e-05}], "train_total": {"correct": 567317, "final_recall": 0.5730474747474747}, "training_time": 2638.4740319252014, "eval_time": 0.0172121524810791}}, {"ins_id": 1, "dataset_partition": {"bulid_graph_time": 1453.1903898715973, "save_graph_time": 29.44307041168213, "graph_partition_time": 56.468888998031616, "total_time": 1539.2565522193909, "cluster_number_distribution": [4027, 4021, 4023, 4026, 3765, 4021, 4027, 4022, 3838, 4021, 4015, 4027, 3966, 3979, 2746, 4025, 4027, 4002, 4022, 4026, 4026, 4026, 4026, 4026, 3897, 3971, 4014, 4027, 3839, 4027, 4027, 4026, 4026, 4020, 4017, 4012, 4015, 4008, 4027, 4011, 4023, 4026, 4027, 4027, 4012, 4027, 4026, 4027, 4020, 0, 4027, 3965, 4027, 4027, 3941, 4014, 3271, 4025, 4027, 4027, 3723, 4028, 3781, 4014, 4028, 4016, 4026, 3989, 4027, 4027, 2842, 3071, 4024, 4019, 4028, 4028, 4028, 4028, 4025, 4027, 4026, 4014, 3987, 4020, 3928, 4014, 4013, 4006, 2430, 4025, 4014, 4024, 4027, 4022, 4026, 3995, 4027, 4020, 4022, 3995, 4026, 3956, 4011, 4008, 4019, 4027, 4019, 3856, 4027, 3245, 4021, 3994, 4015, 4019, 3998, 3992, 3966, 3983, 4003, 3951, 3774, 4019, 4019, 4017, 4019, 4015, 4003, 3999, 4013, 4017, 3967, 4018, 3990, 4014, 4013, 4018, 4016, 4018, 4017, 4019, 4012, 4015, 4007, 3886, 2199, 4004, 4019, 3995, 3956, 4007, 4011, 4012, 4019, 4016, 4018, 4018, 4019, 3997, 4018, 4012, 3952, 4017, 4014, 4015, 4013, 2497, 4014, 4007, 3990, 4018, 4018, 3903, 3993, 4018, 4016, 4018, 4019, 4017, 4019, 3942, 2197, 3999, 4014, 4000, 4016, 4020, 4015, 4019, 3915, 2214, 3930, 3857, 4017, 3870, 4017, 3994, 4020, 4011, 4011, 4002, 4019, 4016, 4008, 4001, 4019, 4005, 4019, 4004, 4012, 3997, 4018, 4018, 4008, 4019, 3998, 4019, 3864, 3994, 2007, 3944, 3954, 4012, 3997, 3989, 4017, 3907, 4014, 4019, 4019, 3832, 3917, 4000, 4004, 3704, 4019, 4020, 1718, 4001, 4015, 4017, 3970, 2489, 4018, 3990, 4018, 4014, 3999, 3848, 3768, 4019, 3979, 3984, 4018, 4020, 4011, 4018]}, "prepare_train_sample": {"time": 0.8518905639648438}, "train_eval_model": {"train_config": {"model_name": "one_block_2048_dim", "lr": 0.004, "n_epochs": 12, "milestones": [3, 7]}, "train_intermediate": [{"epoch": 0, "loss": 70.17383064363484, "eval_loss": 57.79824135853694, "train_recall": 0.5221131313131313, "val_recall": 0.6092, "lr": 0.004}, {"epoch": 1, "loss": 67.73183870844224, "eval_loss": 57.305557740040314, "train_recall": 0.5548828282828283, "val_recall": 0.6201, "lr": 0.004}, {"epoch": 2, "loss": 67.26494549535097, "eval_loss": 57.079969430581116, "train_recall": 0.5633292929292929, "val_recall": 0.6254, "lr": 0.004}, {"epoch": 3, "loss": 66.0390041404463, "eval_loss": 56.03276523565635, "train_recall": 0.5869090909090909, "val_recall": 0.6438, "lr": 0.0004}, {"epoch": 4, "loss": 65.86008697415068, "eval_loss": 56.07770128739186, "train_recall": 0.5905323232323232, "val_recall": 0.6415, "lr": 0.0004}, {"epoch": 5, "loss": 65.79152333399257, "eval_loss": 55.95918051401774, "train_recall": 0.5921666666666666, "val_recall": 0.647, "lr": 0.0004}, {"epoch": 6, "loss": 65.73214427633447, "eval_loss": 55.824645311404495, "train_recall": 0.5934414141414142, "val_recall": 0.6455, "lr": 0.0004}, {"epoch": 7, "loss": 65.60992398446828, "eval_loss": 55.87818420238984, "train_recall": 0.5955222222222222, "val_recall": 0.6466, "lr": 4e-05}, {"epoch": 8, "loss": 65.5933900365741, "eval_loss": 55.86012358543201, "train_recall": 0.5958818181818182, "val_recall": 0.6452, "lr": 4e-05}, {"epoch": 9, "loss": 65.5836718441786, "eval_loss": 55.82632248218243, "train_recall": 0.5964202020202021, "val_recall": 0.6467, "lr": 4e-05}, {"epoch": 10, "loss": 65.5863898620349, "eval_loss": 55.84093112211961, "train_recall": 0.596220202020202, "val_recall": 0.6463, "lr": 4e-05}, {"epoch": 11, "loss": 65.56611944079557, "eval_loss": 55.793382381781555, "train_recall": 0.5965292929292929, "val_recall": 0.6459, "lr": 4e-05}], "train_total": {"correct": 590564, "final_recall": 0.5965292929292929}, "training_time": 2336.2943983078003, "eval_time": 0.013616323471069336}}, {"ins_id": 2, "dataset_partition": {"bulid_graph_time": 1465.1367576122284, "save_graph_time": 28.586486339569092, "graph_partition_time": 56.33009696006775, "total_time": 1550.2073678970337,