{"total_time_consume": 108113.61127114296, "preprocess": {"total_time": 0.05227184295654297}, "classifier": [{"ins_id": 0, "dataset_partition": {"bulid_graph_time": 68.44988369941711, "save_graph_time": 41.494571685791016, "graph_partition_time": 105400.8076183796, "total_time": 105510.91510009766, "cluster_number_distribution": [4023, 4023, 4023, 4023, 4023, 4023, 4023, 774, 4023, 4023, 4023, 4023, 4023, 4023, 4023, 4023, 4023, 4023, 4023, 4023, 4023, 4023, 4023, 4023, 4023, 4023, 4023, 4023, 4023, 4023, 4023, 1, 4023, 4023, 4023, 4023, 4023, 4023, 1, 4023, 4023, 4023, 4023, 4023, 4023, 4023, 4023, 4023, 4023, 4023, 4023, 4023, 4023, 4021, 4023, 4023, 4011, 4023, 4023, 4023, 4023, 4022, 3579, 4023, 4023, 4023, 4023, 4023, 4023, 4023, 4023, 4023, 4023, 4023, 4023, 4023, 4023, 1167, 4023, 4011, 4023, 4023, 4023, 4023, 4023, 4023, 4023, 4023, 4023, 4023, 4023, 4023, 4023, 4000, 4023, 3968, 4015, 4023, 4023, 4012, 4023, 4023, 4023, 4023, 4023, 4023, 3950, 4023, 4023, 4023, 2735, 3686, 4023, 4022, 4023, 3686, 4023, 4023, 4012, 4023, 4023, 4023, 4023, 4000, 4023, 4023, 4011, 4022, 4023, 4023, 4023, 4023, 4023, 4023, 4023, 4023, 4023, 4023, 3949, 4023, 4023, 4023, 4017, 4023, 4023, 4023, 4023, 2167, 4023, 4023, 4012, 4012, 4023, 4023, 898, 3947, 4023, 4022, 119, 4023, 4023, 4023, 4023, 4023, 4023, 4023, 4023, 4023, 4023, 4023, 4023, 4023, 4023, 4023, 4023, 4023, 4023, 4023, 4023, 4023, 4023, 4023, 4023, 4023, 4023, 4023, 4023, 4023, 4023, 4023, 4023, 4023, 4023, 4023, 4023, 4023, 4023, 4023, 4023, 4023, 4023, 4023, 4023, 4023, 4023, 4023, 4023, 4023, 4023, 4023, 4023, 4023, 4023, 4023, 4023, 4022, 4023, 4023, 4023, 4023, 4023, 4023, 4023, 4022, 4023, 4023, 4023, 4023, 4023, 4023, 4023, 4023, 4023, 4023, 4023, 4023, 4023, 4023, 4023, 4023, 4023, 4023, 4023, 1, 4023, 4023, 4023, 4023, 4023, 4023, 4023, 4023, 4023, 4023, 4023, 4023]}, "prepare_train_sample": {"time": 0.7549867630004883}, "train_eval_model": {"train_config": {"model_name": "one_block_2048_dim", "lr": 0.008, "n_epochs": 12, "milestones": [3, 7]}, "train_intermediate": [{"epoch": 0, "loss": 83.91075441776198, "eval_loss": 78.5242488078582, "train_recall": 0.515330303030303, "val_recall": 0.5775, "lr": 0.008}, {"epoch": 1, "loss": 81.30162551955839, "eval_loss": 78.32618110607832, "train_recall": 0.5420454545454545, "val_recall": 0.5847, "lr": 0.008}, {"epoch": 2, "loss": 80.9021059217452, "eval_loss": 78.48714341872778, "train_recall": 0.5466727272727273, "val_recall": 0.5849, "lr": 0.008}, {"epoch": 3, "loss": 78.86032189671515, "eval_loss": 76.47882231687888, "train_recall": 0.5725272727272728, "val_recall": 0.6081, "lr": 0.0008}, {"epoch": 4, "loss": 78.53611531349954, "eval_loss": 76.25959643339499, "train_recall": 0.5770030303030304, "val_recall": 0.6114, "lr": 0.0008}, {"epoch": 5, "loss": 78.3979757864882, "eval_loss": 76.00954176829411, "train_recall": 0.5791272727272727, "val_recall": 0.6129, "lr": 0.0008}, {"epoch": 6, "loss": 78.30586779608879, "eval_loss": 76.11262151522514, "train_recall": 0.5801444444444445, "val_recall": 0.6159, "lr": 0.0008}, {"epoch": 7, "loss": 78.10220811824574, "eval_loss": 75.85732828042445, "train_recall": 0.5832989898989899, "val_recall": 0.6158, "lr": 8e-05}, {"epoch": 8, "loss": 78.08043991901695, "eval_loss": 75.77698669678125, "train_recall": 0.5834636363636364, "val_recall": 0.6152, "lr": 8e-05}, {"epoch": 9, "loss": 78.07504477221784, "eval_loss": 75.80744689550156, "train_recall": 0.583239393939394, "val_recall": 0.6167, "lr": 8e-05}, {"epoch": 10, "loss": 78.06257265224544, "eval_loss": 75.81879888436733, "train_recall": 0.5836424242424243, "val_recall": 0.6165, "lr": 8e-05}, {"epoch": 11, "loss": 78.05804361768233, "eval_loss": 75.89421474016629, "train_recall": 0.5837565656565656, "val_recall": 0.6157, "lr": 8e-05}], "train_total": {"correct": 577919, "final_recall": 0.5837565656565656}, "training_time": 2335.5044181346893, "eval_time": 0.023612260818481445}}], "integrate": {"time": 128.50482726097107}, "count_recall": {"time": 128.19926595687866}}