{"total_time_consume": 5237.741708517075, "preprocess": {"total_time": 0.012710332870483398}, "classifier": [{"ins_id": 0, "dataset_partition": {"bulid_graph_time": 77.12980151176453, "save_graph_time": 43.73630428314209, "graph_partition_time": 487.3518886566162, "total_time": 608.4012897014618, "cluster_number_distribution": [4024, 3994, 4024, 4012, 4021, 4024, 4021, 4023, 4024, 4023, 3848, 3925, 4024, 4024, 4024, 4024, 3871, 4024, 1377, 4001, 4023, 3877, 3892, 4024, 4024, 4024, 4023, 4015, 3849, 4003, 3768, 3991, 4015, 4024, 4015, 4023, 3906, 0, 3902, 3996, 4001, 4024, 4024, 4024, 4024, 4015, 4024, 4024, 4024, 4024, 3938, 3865, 4024, 3866, 4024, 3868, 4024, 4023, 1503, 3907, 3857, 4007, 4023, 3940, 4023, 4024, 4020, 4024, 4021, 3982, 4015, 4024, 3952, 4024, 4010, 3846, 3928, 4024, 4017, 4023, 4024, 4024, 4024, 4024, 3848, 4023, 4024, 3857, 4003, 4020, 4024, 3955, 4024, 3955, 4024, 4023, 3863, 3946, 4024, 4022, 3890, 3849, 4024, 4023, 4016, 4001, 4024, 4024, 3851, 4024, 4020, 3960, 4024, 4024, 3993, 4024, 4024, 4024, 4024, 4024, 3936, 4024, 3858, 4024, 4024, 4024, 4024, 4024, 3842, 3985, 4023, 3656, 3970, 4023, 3882, 4011, 4020, 4024, 4016, 4011, 4024, 3959, 4024, 3977, 4021, 3956, 3951, 4018, 4012, 4024, 4014, 3925, 3898, 3940, 3280, 4024, 3988, 4023, 4024, 4008, 4024, 0, 4023, 3903, 4024, 3981, 4024, 3989, 3922, 4023, 4022, 4022, 4024, 4023, 3854, 4024, 4024, 4024, 4003, 4024, 3894, 4013, 3948, 3920, 4023, 4006, 3876, 4023, 4024, 4024, 4024, 4022, 4015, 4020, 4024, 3920, 4018, 3851, 4024, 4021, 4023, 4020, 3871, 4024, 3939, 3947, 4024, 3939, 3997, 4003, 4023, 3984, 4024, 3997, 4024, 4024, 4022, 4017, 4024, 4021, 4004, 815, 3991, 3932, 3871, 4024, 4024, 4022, 4017, 4017, 3853, 4014, 3878, 4024, 3852, 3896, 3854, 4024, 4023, 4024, 4024, 3960, 4023, 4024, 4024, 4024, 4024, 4005, 4024, 3964, 4024, 394, 4001, 4009, 4022, 3852]}, "prepare_train_sample": {"time": 0.9195060729980469}, "train_eval_model": {"train_config": {"model_name": "one_block_2048_dim", "lr": 0.008, "n_epochs": 12, "milestones": [3, 7]}, "train_intermediate": [{"epoch": 0, "loss": 62.09717137012777, "eval_loss": 50.85029710256136, "train_recall": 0.6345626262626263, "val_recall": 0.7167, "lr": 0.008}, {"epoch": 1, "loss": 59.7975882266863, "eval_loss": 50.493315128179695, "train_recall": 0.6688565656565657, "val_recall": 0.7269, "lr": 0.008}, {"epoch": 2, "loss": 59.40461333260322, "eval_loss": 50.04679149236434, "train_recall": 0.6767989898989899, "val_recall": 0.7271, "lr": 0.008}, {"epoch": 3, "loss": 57.70373596081418, "eval_loss": 48.71334920785366, "train_recall": 0.713239393939394, "val_recall": 0.7559, "lr": 0.0008}, {"epoch": 4, "loss": 57.47658075893126, "eval_loss": 48.63077086057418, "train_recall": 0.7192989898989899, "val_recall": 0.7599, "lr": 0.0008}, {"epoch": 5, "loss": 57.381535510577265, "eval_loss": 48.57852090933384, "train_recall": 0.7215494949494949, "val_recall": 0.7598, "lr": 0.0008}, {"epoch": 6, "loss": 57.32200796628741, "eval_loss": 48.52120795005407, "train_recall": 0.7223030303030303, "val_recall": 0.7591, "lr": 0.0008}, {"epoch": 7, "loss": 57.16997049984382, "eval_loss": 48.44103010495504, "train_recall": 0.7267989898989899, "val_recall": 0.7651, "lr": 8e-05}, {"epoch": 8, "loss": 57.148066214924505, "eval_loss": 48.49563047213432, "train_recall": 0.7273878787878788, "val_recall": 0.7635, "lr": 8e-05}, {"epoch": 9, "loss": 57.13946332178431, "eval_loss": 48.51511307863089, "train_recall": 0.7273787878787878, "val_recall": 0.7625, "lr": 8e-05}, {"epoch": 10, "loss": 57.125749454288055, "eval_loss": 48.43100695732312, "train_recall": 0.7278222222222223, "val_recall": 0.7657, "lr": 8e-05}, {"epoch": 11, "loss": 57.12251083463296, "eval_loss": 48.444221068651245, "train_recall": 0.7275464646464647, "val_recall": 0.7657, "lr": 8e-05}], "train_total": {"correct": 720271, "final_recall": 0.7275464646464647}, "training_time": 4418.930665016174, "eval_time": 0.012986898422241211}}], "integrate": {"time": 56.99412703514099}, "count_recall": {"time": 137.76758193969727}}