{"total_time_consume": 13474.06301164627, "preprocess": {"total_time": 0.2117767333984375}, "classifier": [{"ins_id": 0, "dataset_partition": {"bulid_graph_time": 808.1627941131592, "save_graph_time": 26.16584038734436, "graph_partition_time": 71.0600893497467, "total_time": 905.5550091266632, "cluster_number_distribution": [4017, 4023, 4014, 4015, 4015, 4015, 4023, 3994, 4015, 4023, 3988, 4015, 4021, 4015, 4019, 4009, 4023, 3786, 4011, 3995, 4020, 4020, 4019, 4020, 4002, 4021, 4016, 4008, 4008, 0, 3972, 3996, 4013, 3950, 3997, 4007, 4022, 4003, 4016, 4020, 4005, 4023, 3962, 2228, 4021, 4010, 3749, 3964, 4022, 4023, 4019, 4005, 4013, 2859, 3940, 3961, 4020, 3836, 3976, 4015, 4023, 4024, 4023, 4013, 4020, 4011, 4023, 4017, 4020, 4017, 4022, 3983, 4014, 4006, 3963, 4001, 4016, 4019, 4023, 4022, 4007, 2368, 3841, 4019, 4021, 4022, 4000, 4011, 4023, 4022, 1952, 4022, 4007, 4023, 4021, 4009, 4003, 4021, 4023, 4018, 4024, 4022, 4022, 3911, 4017, 3961, 3398, 4022, 4020, 4021, 3773, 4000, 4022, 4024, 4023, 3798, 3651, 3864, 4024, 3991, 4023, 4022, 3872, 4024, 4015, 3904, 4023, 4019, 4017, 3933, 4019, 2968, 4017, 3986, 3994, 4010, 4021, 4000, 4021, 4010, 4023, 4021, 4023, 3926, 4023, 4000, 4005, 4022, 4023, 4020, 4020, 4004, 4002, 3924, 4017, 4022, 4011, 3890, 4004, 4022, 4022, 4021, 4019, 4012, 0, 4016, 4022, 4010, 4018, 4003, 3992, 4017, 4020, 4016, 3993, 3986, 4020, 4023, 4021, 4020, 4005, 4019, 4016, 3896, 4022, 4019, 4015, 4017, 4017, 3947, 3849, 4021, 4010, 4022, 4010, 3983, 4015, 4014, 3965, 4017, 4012, 4019, 4007, 3929, 4003, 4016, 4023, 3952, 3973, 4020, 4013, 4020, 4021, 4021, 2032, 3965, 4009, 4019, 4017, 3969, 3978, 4005, 3883, 4005, 4023, 4023, 3993, 4021, 3924, 4017, 4023, 4020, 4017, 4020, 4002, 4007, 1230, 4024, 4021, 3489, 3897, 4019, 3886, 3387, 3979, 2993, 4023, 4016, 4023, 4020, 4022, 4024, 3950, 3888, 4022, 3958]}, "prepare_train_sample": {"time": 0.6558792591094971}, "train_eval_model": {"train_config": {"model_name": "one_block_2048_dim", "lr": 0.004, "n_epochs": 12, "milestones": [3, 7]}, "train_intermediate": [{"epoch": 0, "loss": 65.36273128056868, "eval_loss": 52.81518879914895, "train_recall": 0.5810939393939394, "val_recall": 0.6923, "lr": 0.004}, {"epoch": 1, "loss": 62.81056352676948, "eval_loss": 52.40765553254347, "train_recall": 0.6176535353535354, "val_recall": 0.7006, "lr": 0.004}, {"epoch": 2, "loss": 62.317983111718064, "eval_loss": 52.129120484376564, "train_recall": 0.6268151515151515, "val_recall": 0.6994, "lr": 0.004}, {"epoch": 3, "loss": 61.05107019004399, "eval_loss": 51.16311803842202, "train_recall": 0.6525818181818182, "val_recall": 0.7255, "lr": 0.0004}, {"epoch": 4, "loss": 60.88090442115297, "eval_loss": 51.13175383592263, "train_recall": 0.6563323232323233, "val_recall": 0.726, "lr": 0.0004}, {"epoch": 5, "loss": 60.798353132612974, "eval_loss": 51.04864094196222, "train_recall": 0.6577888888888889, "val_recall": 0.7277, "lr": 0.0004}, {"epoch": 6, "loss": 60.74413565073933, "eval_loss": 50.938128618093636, "train_recall": 0.6590202020202021, "val_recall": 0.729, "lr": 0.0004}, {"epoch": 7, "loss": 60.628514349751526, "eval_loss": 50.89641613226671, "train_recall": 0.6621676767676767, "val_recall": 0.7324, "lr": 4e-05}, {"epoch": 8, "loss": 60.60469532342781, "eval_loss": 50.92488359182309, "train_recall": 0.6623777777777777, "val_recall": 0.7307, "lr": 4e-05}, {"epoch": 9, "loss": 60.59735363231131, "eval_loss": 50.88351697799487, "train_recall": 0.6623666666666667, "val_recall": 0.7324, "lr": 4e-05}, {"epoch": 10, "loss": 60.592778691910404, "eval_loss": 51.025773965395416, "train_recall": 0.6627737373737373, "val_recall": 0.7321, "lr": 4e-05}, {"epoch": 11, "loss": 60.585297217669485, "eval_loss": 50.84103306134542, "train_recall": 0.6632161616161616, "val_recall": 0.7302, "lr": 4e-05}], "train_total": {"correct": 656584, "final_recall": 0.6632161616161616}, "training_time": 1969.0653038024902, "eval_time": 0.007039546966552734}}, {"ins_id": 1, "dataset_partition": {"bulid_graph_time": 1095.578383922577, "save_graph_time": 28.652804136276245, "graph_partition_time": 56.62724471092224, "total_time": 1181.0150752067566, "cluster_number_distribution": [4018, 4016, 3999, 4010, 4010, 4019, 4023, 4021, 4022, 4023, 4006, 4022, 4020, 4020, 0, 4013, 3961, 4022, 3993, 4010, 3926, 4002, 4021, 4023, 4023, 4018, 3982, 4022, 4021, 4023, 4012, 2752, 4022, 4010, 4021, 3975, 4015, 3937, 4023, 4022, 4003, 1967, 4023, 4022, 4018, 4019, 4020, 4021, 4024, 4010, 4016, 4020, 4024, 4024, 4023, 4004, 4020, 4016, 4021, 4023, 4023, 4002, 4022, 4024, 4022, 4018, 4009, 4022, 4009, 4023, 4021, 4011, 4020, 4007, 3947, 3988, 4017, 4020, 4007, 3905, 4018, 4016, 4006, 4012, 3978, 3889, 4016, 4012, 4016, 4023, 3955, 4002, 3990, 4022, 4023, 2934, 4024, 0, 4022, 4023, 3999, 3999, 4017, 4019, 4022, 4018, 4020, 4009, 4009, 4023, 3970, 4023, 4023, 4017, 3876, 4022, 4023, 4007, 4021, 3986, 4018, 4010, 4015, 4005, 3407, 3928, 4024, 3996, 4022, 4023, 4019, 4014, 3984, 4020, 4023, 3942, 4013, 4020, 3982, 4023, 2031, 4019, 4022, 4014, 3979, 3717, 4022, 4020, 4022, 4003, 4022, 4012, 4004, 4020, 3929, 4013, 4019, 4019, 4004, 3819, 4023, 4023, 4021, 3987, 4023, 3824, 4017, 4012, 4016, 4023, 4016, 3891, 4006, 4000, 4009, 4022, 2276, 4019, 4015, 3949, 4022, 2489, 4016, 3899, 3868, 4024, 4021, 4006, 4022, 4013, 4023, 4023, 4021, 3943, 4022, 3990, 4023, 3969, 4023, 4015, 3968, 4024, 3992, 4000, 4024, 3816, 3973, 2204, 4023, 3973, 4021, 3948, 3934, 4012, 4022, 4006, 4020, 4012, 4005, 4002, 3979, 4016, 4023, 4020, 4022, 4022, 3990, 4022, 4016, 4024, 1521, 4024, 4022, 3503, 3827, 4024, 4023, 3972, 3016, 4013, 3897, 4023, 3912, 3994, 4019, 4023, 3829, 4024, 4019, 4023, 4023, 4019, 4023, 4021, 3987, 3707]}, "prepare_train_sample": {"time": 0.8137836456298828}, "train_eval_model": {"train_config": {"model_name": "one_block_2048_dim", "lr": 0.004, "n_epochs": 12, "milestones": [3, 7]}, "train_intermediate": [{"epoch": 0, "loss": 68.24205366080945, "eval_loss": 55.23281681843293, "train_recall": 0.5537616161616161, "val_recall": 0.6584, "lr": 0.004}, {"epoch": 1, "loss": 65.79612580822901, "eval_loss": 54.68312377196092, "train_recall": 0.5884434343434344, "val_recall": 0.67, "lr": 0.004}, {"epoch": 2, "loss": 65.32369991874258, "eval_loss": 54.53183103219057, "train_recall": 0.5967050505050505, "val_recall": 0.6805, "lr": 0.004}, {"epoch": 3, "loss": 64.09060662841698, "eval_loss": 53.40392643366105, "train_recall": 0.620820202020202, "val_recall": 0.7035, "lr": 0.0004}, {"epoch": 4, "loss": 63.920175854034675, "eval_loss": 53.4134196134714, "train_recall": 0.6255040404040404, "val_recall": 0.7022, "lr": 0.0004}, {"epoch": 5, "loss": 63.84810868379861, "eval_loss": 53.35249919157762, "train_recall": 0.6259313131313131, "val_recall": 0.7026, "lr": 0.0004}, {"epoch": 6, "loss": 63.791706540571695, "eval_loss": 53.24684764177371, "train_recall": 0.6273454545454545, "val_recall": 0.7031, "lr": 0.0004}, {"epoch": 7, "loss": 63.667934101199805, "eval_loss": 53.25576323729295, "train_recall": 0.6302050505050505, "val_recall": 0.7076, "lr": 4e-05}, {"epoch": 8, "loss": 63.65478880115582, "eval_loss": 53.24492870232998, "train_recall": 0.6307414141414142, "val_recall": 0.708, "lr": 4e-05}, {"epoch": 9, "loss": 63.64265519909819, "eval_loss": 53.21544326880039, "train_recall": 0.6313606060606061, "val_recall": 0.7074, "lr": 4e-05}, {"epoch": 10, "loss": 63.651465303037725, "eval_loss": 53.220922078841774, "train_recall": 0.6311111111111111, "val_recall": 0.7051, "lr": 4e-05}, {"epoch": 11, "loss": 63.63610405007473, "eval_loss": 53.16792905024993, "train_recall": 0.6312666666666666, "val_recall": 0.7082, "lr": 4e-05}], "train_total": {"correct": 624954, "final_recall": 0.6312666666666666}, "training_time": 1994.0411224365234, "eval_time": 0.02660536766052246}}, {"ins_id": 2, "dataset_partition": {"bulid_graph_time": 1151.0569818019867, "save_graph_time": 27.531046867370605, "graph_partition_time": 61.8944833278656, "total_time": 1240.644962310791,