{"total_time_consume": 5689.604341268539, "preprocess": {"total_time": 0.03032064437866211}, "classifier": [{"ins_id": 0, "dataset_partition": {"bulid_graph_time": 1183.8330221176147, "save_graph_time": 32.33861422538757, "graph_partition_time": 64.2602949142456, "total_time": 1280.6299693584442, "cluster_number_distribution": [3954, 3863, 3405, 4019, 3997, 3730, 3936, 4021, 4017, 4014, 4023, 3759, 3861, 3850, 4021, 4021, 1533, 4019, 4023, 4017, 3960, 3942, 3960, 4017, 3651, 3978, 3621, 4018, 4015, 4023, 3964, 4023, 4023, 4011, 4022, 4017, 3969, 3929, 4015, 3966, 4024, 4023, 4007, 4015, 4010, 4015, 4020, 4022, 4023, 3993, 3994, 2991, 4015, 3998, 3997, 4019, 4003, 4015, 3987, 4023, 4017, 3843, 4017, 4022, 4011, 4023, 3918, 4017, 4021, 4023, 3248, 4024, 4023, 2263, 3956, 4009, 4020, 3904, 3832, 3709, 3770, 4023, 4023, 4017, 4023, 4008, 3854, 4023, 4021, 3988, 3900, 4010, 4024, 3393, 4018, 4023, 4022, 3995, 4020, 4020, 4023, 4020, 3948, 4023, 3930, 3905, 3925, 4015, 3922, 4007, 4021, 4024, 3739, 4019, 4023, 3724, 4018, 4023, 3999, 4024, 4015, 4000, 3996, 3657, 3830, 4007, 4007, 2680, 3967, 4011, 3386, 4004, 3968, 4016, 3981, 4002, 4020, 3947, 2648, 3977, 3969, 4019, 4019, 4001, 4023, 4023, 4023, 4016, 3946, 4018, 3968, 4012, 4023, 4019, 4024, 2960, 4023, 4014, 4023, 4006, 4023, 3818, 4023, 4023, 4013, 4024, 4018, 3783, 4002, 3971, 4022, 4021, 4021, 3999, 4022, 4009, 3995, 3993, 3368, 4022, 4023, 3989, 4010, 3957, 3185, 4024, 4023, 4023, 3935, 3818, 4022, 3956, 4017, 4023, 4022, 3944, 4018, 4023, 4015, 3642, 4022, 3914, 4021, 3943, 4022, 4022, 4017, 2039, 4016, 3845, 3965, 4010, 3800, 4016, 3994, 4016, 3946, 4023, 3830, 3823, 3969, 4023, 4024, 3384, 613, 4023, 3975, 4022, 4018, 4004, 3891, 4023, 4019, 4016, 3945, 4023, 4016, 3974, 3937, 4018, 3897, 3865, 3998, 4024, 4020, 4024, 4024, 4013, 4000, 4021, 3997, 3994, 3995, 4017, 3993, 4022]}, "prepare_train_sample": {"time": 0.5375359058380127}, "train_eval_model": {"train_intermediate": [{"epoch": 0, "loss": 59.82077355271848, "eval_loss": 55.8041442113045, "train_recall": 0.6055555555555555, "val_recall": 0.6607, "lr": 0.008}, {"epoch": 1, "loss": 57.610568632917534, "eval_loss": 55.40360613358327, "train_recall": 0.6327252525252526, "val_recall": 0.6632, "lr": 0.008}, {"epoch": 2, "loss": 57.273429802540925, "eval_loss": 55.23126379648844, "train_recall": 0.6380292929292929, "val_recall": 0.6739, "lr": 0.008}, {"epoch": 3, "loss": 55.5622317493588, "eval_loss": 53.86613888618274, "train_recall": 0.6688929292929293, "val_recall": 0.7017, "lr": 0.0008}, {"epoch": 4, "loss": 55.29928759324488, "eval_loss": 53.734135322081734, "train_recall": 0.6737636363636363, "val_recall": 0.7036, "lr": 0.0008}, {"epoch": 5, "loss": 55.18890691675143, "eval_loss": 53.688416872269066, "train_recall": 0.6762616161616162, "val_recall": 0.7038, "lr": 0.0008}, {"epoch": 6, "loss": 55.12007802621763, "eval_loss": 53.631227236527664, "train_recall": 0.6774212121212121, "val_recall": 0.7083, "lr": 0.0008}, {"epoch": 7, "loss": 54.97623173971731, "eval_loss": 53.582617356227, "train_recall": 0.6804131313131313, "val_recall": 0.7068, "lr": 8e-05}, {"epoch": 8, "loss": 54.96281359011291, "eval_loss": 53.55023126113109, "train_recall": 0.6806747474747474, "val_recall": 0.7088, "lr": 8e-05}, {"epoch": 9, "loss": 54.94514536725823, "eval_loss": 53.53950781699939, "train_recall": 0.6814060606060606, "val_recall": 0.7075, "lr": 8e-05}, {"epoch": 10, "loss": 54.939736160937755, "eval_loss": 53.531052112579346, "train_recall": 0.6816494949494949, "val_recall": 0.7075, "lr": 8e-05}, {"epoch": 11, "loss": 54.931947447400745, "eval_loss": 53.52234045664469, "train_recall": 0.6815505050505051, "val_recall": 0.7076, "lr": 8e-05}], "train_total": {"correct": 674735, "final_recall": 0.6815505050505051}, "training_time": 4178.184230089188, "eval_time": 0.031502485275268555}}], "integrate": {"time": 69.76101589202881}, "count_recall": {"time": 151.5910255908966}}