{"total_time_consume": 14743.052896738052, "preprocess": {"kmeans_time": 4871.419382095337, "random_projection_time": 0.0200197696685791, "total_time": 4871.647825479507}, "classifier": [{"ins_id": 0, "dataset_partition": {"count_label_time": 197.2856137752533, "total_time": 197.43109107017517, "cluster_number_distribution": [3043, 3276, 2237, 3214, 3990, 5653, 2211, 1734, 2888, 3784, 4456, 4917, 3744, 2229, 12510, 2763, 4826, 3686, 2956, 2866, 4829, 2216, 3650, 4561, 2428, 3392, 10345, 2629, 3564, 3424, 2504, 1763, 3933, 3862, 2031, 3807, 2931, 4811, 2435, 3221, 3067, 4194, 1100, 4747, 5445, 4112, 4034, 7276, 2753, 2769, 3598, 6094, 5540, 1705, 6027, 2330, 1696, 5206, 4341, 1808, 3072, 5535, 3027, 3695, 4190, 2644, 3189, 7845, 5713, 3124, 3698, 4263, 6905, 4291, 1439, 4322, 5558, 11812, 3571, 3001, 5340, 6699, 6191, 4270, 3140, 3016, 5999, 5322, 4106, 4802, 3568, 3392, 6467, 2799, 3586, 3195, 3114, 1850, 2889, 2053, 4312, 3686, 2748, 3417, 1904, 3333, 3527, 2379, 2410, 4084, 3005, 3743, 3519, 2901, 2834, 2799, 4681, 5587, 4119, 2194, 5887, 2875, 3823, 3844, 2388, 4202, 2634, 3033, 7796, 2206, 5286, 1947, 4289, 2071, 2551, 6275, 3431, 6858, 6041, 8061, 3789, 1692, 4956, 6064, 1534, 2406, 2564, 5470, 5072, 3287, 4519, 5728, 6125, 1530, 898, 1510, 2802, 4065, 6918, 1447, 1873, 6045, 2650, 2251, 4018, 3906, 1851, 2967, 2854, 3206, 4875, 4349, 3234, 951, 1795, 4150, 3993, 3985, 1129, 2531, 2503, 3261, 3303, 4730, 4548, 3691, 1350, 2505, 3261, 3898, 3725, 3579, 3335, 2735, 1222, 6976, 10101, 3995, 6293, 5263, 4501, 6066, 2886, 5883, 2543, 4773, 3446, 3657, 2984, 4098, 4390, 4003, 4103, 1792, 3652, 2905, 6518, 5677, 1301, 4113, 4306, 3460, 3923, 2717, 3378, 4624, 4276, 2893, 3555, 3218, 7598, 3616, 3428, 2592, 2894, 3672, 3349, 6220, 3584, 5084, 792, 5679, 5089, 2690, 6277, 3757, 17031, 2942, 3444, 2596, 3418, 2861, 1595, 4899, 5894, 5562]}, "prepare_train_sample": {"time": 0.6182880401611328}, "train_eval_model": {"train_config": {"model_name": "one_block_2048_dim", "lr": 0.008, "n_epochs": 12, "milestones": [3, 7]}, "train_intermediate": [{"epoch": 0, "loss": 54.677422125684686, "eval_loss": 50.37474282582601, "train_recall": 0.6630454545454545, "val_recall": 0.7188, "lr": 0.008}, {"epoch": 1, "loss": 52.92694902720601, "eval_loss": 50.30790689664009, "train_recall": 0.6795757575757576, "val_recall": 0.7039, "lr": 0.008}, {"epoch": 2, "loss": 52.71263638283173, "eval_loss": 50.092876128661324, "train_recall": 0.6816989898989899, "val_recall": 0.7207, "lr": 0.008}, {"epoch": 3, "loss": 51.356905202017565, "eval_loss": 49.00686770219069, "train_recall": 0.703910101010101, "val_recall": 0.7445, "lr": 0.0008}, {"epoch": 4, "loss": 51.186606164038224, "eval_loss": 48.88507649837396, "train_recall": 0.7060131313131313, "val_recall": 0.7404, "lr": 0.0008}, {"epoch": 5, "loss": 51.12375005057492, "eval_loss": 48.839412518036674, "train_recall": 0.7065272727272728, "val_recall": 0.7407, "lr": 0.0008}, {"epoch": 6, "loss": 51.08132876752439, "eval_loss": 48.87816257965871, "train_recall": 0.7070151515151515, "val_recall": 0.7346, "lr": 0.0008}, {"epoch": 7, "loss": 50.96057375276482, "eval_loss": 48.77690276121482, "train_recall": 0.7086545454545454, "val_recall": 0.7402, "lr": 8e-05}, {"epoch": 8, "loss": 50.94560910051146, "eval_loss": 48.737006016266655, "train_recall": 0.7089484848484848, "val_recall": 0.7391, "lr": 8e-05}, {"epoch": 9, "loss": 50.9401745185688, "eval_loss": 48.758185068766274, "train_recall": 0.7091090909090909, "val_recall": 0.7412, "lr": 8e-05}, {"epoch": 10, "loss": 50.94328072160703, "eval_loss": 48.80116257300744, "train_recall": 0.7089252525252525, "val_recall": 0.7402, "lr": 8e-05}, {"epoch": 11, "loss": 50.93213240207966, "eval_loss": 48.78591026403965, "train_recall": 0.7092020202020202, "val_recall": 0.7375, "lr": 8e-05}], "train_total": {"correct": 702110, "final_recall": 0.7092020202020202}, "training_time": 2115.782057285309, "eval_time": 0.013413667678833008}}, {"ins_id": 1, "dataset_partition": {"count_label_time": 197.2313814163208, "total_time": 197.39170122146606, "cluster_number_distribution": [4894, 3544, 2917, 4145, 5618, 4523, 4366, 3049, 3381, 3104, 5573, 8438, 5317, 4683, 2415, 6317, 2904, 4983, 3238, 7020, 7018, 3793, 2790, 2494, 4284, 2439, 6767, 3041, 3265, 2432, 6525, 1509, 3191, 4793, 3042, 5422, 867, 4308, 3428, 3080, 2577, 3404, 7453, 4391, 3319, 5075, 6113, 3880, 2032, 2831, 3147, 7387, 2807, 4401, 5044, 5866, 5734, 2659, 4465, 5146, 3117, 3363, 5293, 1917, 5232, 1922, 4826, 4710, 3667, 2882, 6566, 12058, 2908, 5678, 3449, 2115, 4536, 2726, 5369, 3309, 3703, 3415, 6571, 2690, 1872, 5897, 7416, 1775, 2094, 2788, 2091, 4313, 4029, 6139, 2771, 3749, 2531, 3033, 3048, 1726, 3048, 4182, 4457, 5631, 3014, 1377, 2742, 1551, 2617, 2172, 3094, 2878, 923, 3448, 1803, 6802, 4143, 4021, 1606, 3590, 2546, 7232, 3573, 3856, 3862, 2476, 6178, 3269, 4871, 3910, 3772, 2601, 3853, 2520, 1438, 3460, 2184, 5057, 2171, 2704, 5215, 2815, 2009, 6770, 2465, 4921, 1841, 3823, 2183, 9083, 4943, 3174, 134, 3167, 3721, 3492, 3432, 4963, 3626, 2649, 4725, 4293, 3488, 2654, 1875, 2980, 3472, 4009, 2934, 4298, 4807, 423, 3297, 2531, 3480, 6598, 7605, 3793, 5516, 1712, 2358, 3354, 2423, 2085, 2824, 4133, 5197, 2615, 8034, 4276, 3980, 5898, 4072, 13352, 2438, 2341, 2742, 3189, 3241, 3861, 2870, 2417, 4808, 6824, 7727, 2814, 7425, 4788, 2601, 4416, 2905, 3620, 4388, 2463, 5282, 6052, 4790, 3173, 3693, 3775, 2774, 6076, 3836, 3505, 7262, 2024, 3070, 7257, 4802, 3207, 3438, 3389, 2085, 2501, 3009, 1268, 1701, 1312, 4465, 11032, 4910, 3628, 4216, 4653, 2315, 5185, 5546, 4327, 2642, 2148, 4531, 3918, 3148, 4564, 2127, 1395]}, "prepare_train_sample": {"time": 0.5269186496734619}, "train_eval_model": {"train_config": {"model_name": "one_block_2048_dim", "lr": 0.008, "n_epochs": 12, "milestones": [3, 7]}, "train_intermediate": [{"epoch": 0, "loss": 55.20676988867469, "eval_loss": 51.15099185552352, "train_recall": 0.6625252525252525, "val_recall": 0.7117, "lr": 0.008}, {"epoch": 1, "loss": 53.504213943306354, "eval_loss": 50.79128533143263, "train_recall": 0.6783868686868687, "val_recall": 0.7101, "lr": 0.008}, {"epoch": 2, "loss": 53.289381697201236, "eval_loss": 50.63980729763325, "train_recall": 0.6804242424242424, "val_recall": 0.713, "lr": 0.008}, {"epoch": 3, "loss": 51.91677424691669, "eval_loss": 49.65624360549144, "train_recall": 0.7029848484848484, "val_recall": 0.7348, "lr": 0.0008}, {"epoch": 4, "loss": 51.763279883937145, "eval_loss": 49.68884259003859, "train_recall": 0.7052161616161616, "val_recall": 0.7342, "lr": 0.0008}, {"epoch": 5, "loss": 51.69206014376025, "eval_loss": 49.619862006260796, "train_recall": 0.7062565656565657, "val_recall": 0.7288, "lr": 0.0008}, {"epoch": 6, "loss": 51.64232463246654, "eval_loss": 49.49587394029666, "train_recall": 0.7060878787878788, "val_recall": 0.7367, "lr": 0.0008}, {"epoch": 7, "loss": 51.52091052896949, "eval_loss": 49.4788033534319, "train_recall": 0.7076080808080808, "val_recall": 0.736, "lr": 8e-05}, {"epoch": 8, "loss": 51.50869360036986, "eval_loss": 49.480017735407905, "train_recall": 0.7081060606060606, "val_recall": 0.7331, "lr": 8e-05}, {"epoch": 9, "loss": 51.50475751861603, "eval_loss": 49.44093839938824, "train_recall": 0.707939393939394, "val_recall": 0.736, "lr": 8e-05}, {"epoch": 10, "loss": 51.502116456238184, "eval_loss": 49.53003537349212, "train_recall": 0.7082737373737373, "val_recall": 0.7375, "lr": 8e-05}, {"epoch": 11, "loss": 51.49157788734474, "eval_loss": 49.40664603159978, "train_recall": 0.7083383838383839, "val_recall": 0.7373, "lr": 8e-05}], "train_total": {"correct": 701255, "final_recall": 0.7083383838383839}, "training_time": 2126.806868314743, "eval_time": 0.005336761474609375}}, {"ins_id": 2, "dataset_partition": {"count_label_time": 186.80696821212769, "total_time": 186.95712184906006,