{"total_time_consume": 2773.956940174103, "preprocess": {"total_time": 0.05235147476196289}, "classifier": [{"ins_id": 0, "dataset_partition": {"bulid_graph_time": 71.1480495929718, "save_graph_time": 40.22046208381653, "graph_partition_time": 137.6442573070526, "total_time": 249.1771068572998, "cluster_number_distribution": [3874, 4023, 4024, 4022, 3926, 4016, 3955, 3928, 3874, 3894, 4023, 4023, 3959, 3998, 3459, 3822, 3999, 4024, 4022, 3923, 3935, 3871, 4020, 3522, 3928, 3959, 4023, 3702, 4023, 3966, 3962, 4023, 4024, 3472, 3966, 2825, 3985, 4024, 3728, 4023, 4012, 4015, 4023, 4023, 3961, 3984, 4022, 3805, 4020, 4006, 4023, 3915, 4003, 4022, 3893, 2941, 4023, 4024, 3992, 4020, 3922, 4023, 3989, 3941, 3965, 4024, 3736, 2873, 4013, 4023, 4023, 3967, 4022, 3894, 4024, 4024, 4024, 3997, 4024, 3821, 4023, 4023, 4024, 3913, 4023, 2042, 4024, 3894, 3981, 4024, 4023, 4024, 4024, 4022, 4020, 3885, 4024, 4024, 3955, 4023, 4023, 4023, 4020, 3541, 4023, 4023, 3670, 3975, 4024, 3859, 4000, 4009, 3974, 3894, 3258, 4015, 4015, 3944, 4024, 4023, 3990, 4023, 4023, 4023, 3936, 4024, 4024, 4024, 3960, 1790, 3993, 3848, 2873, 4024, 4024, 4024, 4024, 4023, 3953, 4007, 4024, 4023, 3833, 4023, 3954, 3885, 3920, 4023, 4024, 4023, 2868, 4023, 4024, 3039, 4023, 4021, 2059, 4010, 4014, 4020, 4023, 3960, 4020, 3581, 3886, 3994, 3964, 4024, 4024, 4023, 4024, 4022, 1934, 4024, 4024, 4013, 4024, 3641, 3917, 4021, 4021, 4023, 4022, 4023, 4023, 4024, 4024, 3836, 4024, 3739, 4024, 3911, 4010, 4023, 3745, 3802, 3968, 3243, 3799, 4021, 3972, 4023, 3906, 3784, 3840, 4024, 4024, 3859, 3989, 4009, 4018, 4021, 4016, 3751, 4023, 3894, 4024, 4024, 3909, 3962, 4024, 3906, 3926, 4022, 3953, 4023, 4008, 3992, 4010, 3754, 4024, 4023, 4023, 4021, 4006, 4023, 4022, 4010, 4021, 3805, 4011, 4024, 4023, 4022, 4023, 4011, 4023, 3990, 4023, 4023, 4024, 4023, 4016, 4004, 4024, 4020]}, "prepare_train_sample": {"time": 0.6935293674468994}, "train_eval_model": {"train_config": {"model_name": "one_block_2048_dim", "lr": 0.008, "n_epochs": 12, "milestones": [3, 7]}, "train_intermediate": [{"epoch": 0, "loss": 83.48557912940781, "eval_loss": 77.75895346128024, "train_recall": 0.5443151515151515, "val_recall": 0.6086, "lr": 0.008}, {"epoch": 1, "loss": 80.58861272917747, "eval_loss": 77.82434324117807, "train_recall": 0.5782787878787878, "val_recall": 0.6154, "lr": 0.008}, {"epoch": 2, "loss": 80.12305629910374, "eval_loss": 77.1287561807877, "train_recall": 0.584950505050505, "val_recall": 0.6261, "lr": 0.008}, {"epoch": 3, "loss": 77.84386180304686, "eval_loss": 75.2862051939353, "train_recall": 0.6166444444444444, "val_recall": 0.6477, "lr": 0.0008}, {"epoch": 4, "loss": 77.4695669353542, "eval_loss": 75.08146551327827, "train_recall": 0.6230292929292929, "val_recall": 0.6536, "lr": 0.0008}, {"epoch": 5, "loss": 77.31107649054236, "eval_loss": 74.78286749277359, "train_recall": 0.6257626262626262, "val_recall": 0.6529, "lr": 0.0008}, {"epoch": 6, "loss": 77.21290902067688, "eval_loss": 74.84989588077252, "train_recall": 0.6276747474747475, "val_recall": 0.655, "lr": 0.0008}, {"epoch": 7, "loss": 76.98074924461473, "eval_loss": 74.62511051618137, "train_recall": 0.6315010101010101, "val_recall": 0.6585, "lr": 8e-05}, {"epoch": 8, "loss": 76.95612729153305, "eval_loss": 74.50442795875745, "train_recall": 0.6318242424242424, "val_recall": 0.6587, "lr": 8e-05}, {"epoch": 9, "loss": 76.9469505535954, "eval_loss": 74.5480282612336, "train_recall": 0.6319636363636364, "val_recall": 0.6561, "lr": 8e-05}, {"epoch": 10, "loss": 76.93952228351196, "eval_loss": 74.58725672501784, "train_recall": 0.6319888888888889, "val_recall": 0.6559, "lr": 8e-05}, {"epoch": 11, "loss": 76.93462501099489, "eval_loss": 74.62143900455573, "train_recall": 0.6324545454545455, "val_recall": 0.6577, "lr": 8e-05}], "train_total": {"correct": 626130, "final_recall": 0.6324545454545455}, "training_time": 2252.5038890838623, "eval_time": 0.00866842269897461}}], "integrate": {"time": 132.16431760787964}, "count_recall": {"time": 129.29316234588623}}