{"total_time_consume": 11558.860257387161, "preprocess": {"total_time": 0.1996777057647705}, "classifier": [{"ins_id": 0, "dataset_partition": {"bulid_graph_time": 310.7044372558594, "save_graph_time": 28.42962408065796, "graph_partition_time": 34.40109157562256, "total_time": 373.68549847602844, "cluster_number_distribution": [4016, 4022, 4023, 3952, 4016, 4008, 3973, 3903, 4013, 1723, 3845, 3940, 4023, 4024, 4024, 4021, 3997, 3927, 4012, 3961, 4022, 3821, 4018, 4018, 4017, 4011, 3784, 4018, 3971, 3870, 4006, 4021, 4019, 4009, 4015, 4023, 4011, 3993, 4009, 4023, 4022, 4022, 4023, 1623, 3986, 3924, 3928, 3992, 4020, 4022, 3991, 4005, 4018, 4022, 3382, 4024, 4003, 3961, 4021, 3922, 4017, 4023, 3935, 4012, 3987, 4000, 4023, 3993, 4021, 4006, 3992, 3807, 4022, 3972, 2277, 3988, 4020, 4010, 3761, 3821, 4000, 4003, 4018, 4023, 3997, 3915, 3961, 4023, 3976, 3919, 4004, 4021, 4022, 3399, 4009, 4010, 4024, 4023, 4023, 4019, 2553, 4005, 3989, 4023, 4021, 3880, 4023, 3978, 3432, 4023, 4021, 4005, 3995, 4023, 4023, 4024, 3199, 4023, 3973, 4022, 4023, 4023, 3995, 4022, 3542, 4024, 4024, 4023, 4006, 3861, 4001, 4021, 3972, 3924, 4008, 3937, 3906, 4014, 4023, 2595, 3778, 4023, 4023, 3734, 3961, 4009, 4023, 3962, 4015, 4024, 3507, 4013, 3942, 4023, 4004, 3605, 4018, 4023, 4022, 4023, 4024, 3998, 3917, 4024, 4023, 4023, 4022, 4021, 3925, 2101, 3942, 4024, 4019, 3898, 4022, 3705, 4024, 3970, 4017, 3903, 4002, 3448, 4023, 4023, 4024, 4024, 4024, 3900, 3984, 4022, 4021, 3903, 4017, 4023, 4009, 4023, 4015, 4024, 4023, 3987, 4014, 4024, 3864, 3910, 4019, 3600, 4004, 4007, 3961, 3743, 4003, 3987, 4021, 4012, 2290, 3494, 4022, 4021, 4018, 4023, 4023, 3778, 4023, 4018, 2603, 3526, 3862, 4017, 4024, 4022, 3957, 3931, 3822, 3815, 3962, 4019, 4007, 4024, 4002, 4024, 3819, 4024, 4017, 4024, 3990, 4019, 4013, 3864, 4010, 4012, 4015, 3583, 4021, 3970, 3980, 4022]}, "prepare_train_sample": {"time": 0.43854355812072754}, "train_eval_model": {"train_config": {"model_name": "one_block_2048_dim", "lr": 0.004, "n_epochs": 12, "milestones": [3, 7]}, "train_intermediate": [{"epoch": 0, "loss": 99.11669484560285, "eval_loss": 89.50736290369278, "train_recall": 0.1449777777777778, "val_recall": 0.2158, "lr": 0.004}, {"epoch": 1, "loss": 97.44421281983195, "eval_loss": 89.22769394899026, "train_recall": 0.1550949494949495, "val_recall": 0.2047, "lr": 0.004}, {"epoch": 2, "loss": 97.11613140136411, "eval_loss": 88.97604900751358, "train_recall": 0.15828484848484847, "val_recall": 0.2126, "lr": 0.004}, {"epoch": 3, "loss": 96.16194907534688, "eval_loss": 88.00491413703331, "train_recall": 0.16765151515151516, "val_recall": 0.2322, "lr": 0.0004}, {"epoch": 4, "loss": 96.0284168756235, "eval_loss": 87.99235436855218, "train_recall": 0.16984040404040404, "val_recall": 0.2244, "lr": 0.0004}, {"epoch": 5, "loss": 95.9664898595031, "eval_loss": 87.91191912920047, "train_recall": 0.17077575757575758, "val_recall": 0.228, "lr": 0.0004}, {"epoch": 6, "loss": 95.9202652902329, "eval_loss": 87.84754650409405, "train_recall": 0.17148585858585857, "val_recall": 0.2294, "lr": 0.0004}, {"epoch": 7, "loss": 95.8274839676031, "eval_loss": 87.79076544443767, "train_recall": 0.17174141414141414, "val_recall": 0.2256, "lr": 4e-05}, {"epoch": 8, "loss": 95.8060867620793, "eval_loss": 87.79801368713379, "train_recall": 0.17240606060606062, "val_recall": 0.2312, "lr": 4e-05}, {"epoch": 9, "loss": 95.80581526961744, "eval_loss": 87.73278823265663, "train_recall": 0.17281818181818182, "val_recall": 0.2285, "lr": 4e-05}, {"epoch": 10, "loss": 95.79645772930816, "eval_loss": 87.86577726021791, "train_recall": 0.1722787878787879, "val_recall": 0.2244, "lr": 4e-05}, {"epoch": 11, "loss": 95.79343038496629, "eval_loss": 87.7212137075571, "train_recall": 0.17183939393939393, "val_recall": 0.2266, "lr": 4e-05}], "train_total": {"correct": 170121, "final_recall": 0.17183939393939393}, "training_time": 2272.4327149391174, "eval_time": 0.008234977722167969}}, {"ins_id": 1, "dataset_partition": {"bulid_graph_time": 431.55336570739746, "save_graph_time": 31.274879693984985, "graph_partition_time": 39.99791431427002, "total_time": 502.97851061820984, "cluster_number_distribution": [3716, 3991, 2683, 3200, 4018, 4014, 4023, 3999, 4022, 3993, 3947, 4020, 3998, 4023, 4023, 3770, 4009, 4014, 4009, 4023, 4019, 4024, 4012, 4023, 4023, 4023, 4002, 3319, 4017, 4019, 4016, 4008, 4024, 3412, 4024, 4024, 4023, 3551, 4024, 4021, 4022, 3938, 4024, 4024, 3974, 4022, 3804, 2508, 4006, 4024, 4024, 3810, 4024, 3845, 3994, 4019, 4023, 4019, 4007, 4018, 3823, 3965, 4021, 3959, 4023, 4024, 3845, 4024, 4020, 4023, 4022, 4009, 4006, 4004, 4022, 3982, 3938, 4019, 4002, 4022, 4023, 4021, 3824, 3949, 3953, 4012, 3750, 4021, 3976, 3972, 4014, 4023, 4023, 3841, 4003, 1610, 4023, 4021, 3965, 4023, 3922, 4020, 4023, 3997, 3791, 4024, 4024, 4023, 4018, 4020, 3826, 4022, 3385, 4024, 4022, 3902, 4022, 3989, 3992, 3473, 4021, 3989, 4022, 3980, 3870, 4022, 4019, 2526, 4017, 4004, 4021, 4021, 3914, 4022, 3980, 4023, 3489, 4023, 4023, 3586, 4023, 4019, 3998, 1756, 4023, 3890, 4023, 3955, 4015, 4023, 3941, 4022, 4024, 4023, 4022, 4024, 4024, 4024, 4024, 4024, 4023, 3820, 3985, 4011, 4016, 4012, 4023, 4004, 4024, 3973, 4023, 3987, 4014, 4016, 4008, 3486, 3989, 3917, 4000, 4023, 4024, 4010, 4012, 4023, 4010, 3745, 4020, 2433, 4023, 3827, 3495, 4024, 4023, 4019, 3304, 4023, 4024, 4019, 3854, 4022, 4023, 4022, 3973, 3871, 3829, 3958, 4019, 4023, 3759, 4020, 3978, 3204, 4024, 4024, 4024, 4024, 4024, 4024, 4023, 4021, 4024, 3343, 3884, 3594, 4023, 3985, 3886, 3757, 3841, 3346, 4023, 4015, 3984, 3923, 4023, 3977, 4023, 3956, 3948, 4023, 4022, 4024, 4019, 4008, 4023, 4023, 4022, 4023, 4019, 4019, 4024, 4015, 3903, 2112, 4023, 3988]}, "prepare_train_sample": {"time": 0.526817798614502}, "train_eval_model": {"train_config": {"model_name": "one_block_2048_dim", "lr": 0.004, "n_epochs": 12, "milestones": [3, 7]}, "train_intermediate": [{"epoch": 0, "loss": 98.28403945085854, "eval_loss": 89.07658960880377, "train_recall": 0.14857878787878787, "val_recall": 0.1903, "lr": 0.004}, {"epoch": 1, "loss": 96.63999231118216, "eval_loss": 88.81117101816031, "train_recall": 0.1591808080808081, "val_recall": 0.1853, "lr": 0.004}, {"epoch": 2, "loss": 96.30093459079302, "eval_loss": 88.86171512114696, "train_recall": 0.16292727272727273, "val_recall": 0.1916, "lr": 0.004}, {"epoch": 3, "loss": 95.36168442588742, "eval_loss": 87.89413862961989, "train_recall": 0.172089898989899, "val_recall": 0.2047, "lr": 0.0004}, {"epoch": 4, "loss": 95.22943433140199, "eval_loss": 87.86586842170128, "train_recall": 0.1739, "val_recall": 0.2011, "lr": 0.0004}, {"epoch": 5, "loss": 95.16621225015932, "eval_loss": 87.80246238219432, "train_recall": 0.17483333333333334, "val_recall": 0.2058, "lr": 0.0004}, {"epoch": 6, "loss": 95.1270009410841, "eval_loss": 87.69804712442252, "train_recall": 0.17562424242424243, "val_recall": 0.207, "lr": 0.0004}, {"epoch": 7, "loss": 95.01922643155763, "eval_loss": 87.72729232983711, "train_recall": 0.17746666666666666, "val_recall": 0.205, "lr": 4e-05}, {"epoch": 8, "loss": 95.00988252955864, "eval_loss": 87.71014905587221, "train_recall": 0.17753232323232324, "val_recall": 0.2063, "lr": 4e-05}, {"epoch": 9, "loss": 95.00246353733881, "eval_loss": 87.6770845559927, "train_recall": 0.1768878787878788, "val_recall": 0.2098, "lr": 4e-05}, {"epoch": 10, "loss": 95.00804013620541, "eval_loss": 87.67660742539626, "train_recall": 0.17752222222222222, "val_recall": 0.2076, "lr": 4e-05}, {"epoch": 11, "loss": 94.99109742087884, "eval_loss": 87.6381193063198, "train_recall": 0.17770606060606062, "val_recall": 0.2057, "lr": 4e-05}], "train_total": {"correct": 175929, "final_recall": 0.17770606060606062}, "training_time": 2263.192193031311, "eval_time": 0.025363445281982422}}, {"ins_id": 2, "dataset_partition": {"bulid_graph_time": 440.8382785320282, "save_graph_time": 31.34899377822876, "graph_partition_time": 40.04006552696228, "total_time": 512.3877694606781,