{"total_time_consume": 3521.2707397937775, "preprocess": {"total_time": 0.0589754581451416}, "classifier": [{"ins_id": 0, "dataset_partition": {"bulid_graph_time": 77.44771146774292, "save_graph_time": 47.689626693725586, "graph_partition_time": 148.4610002040863, "total_time": 273.7579855918884, "cluster_number_distribution": [4023, 3928, 4007, 3889, 4024, 4019, 4023, 3052, 4024, 4022, 4023, 4023, 4023, 4024, 4024, 4023, 3996, 3740, 3741, 0, 4023, 3987, 4024, 3985, 4024, 3928, 3940, 4024, 4023, 3882, 3738, 4024, 4011, 3870, 4020, 4015, 4019, 3914, 3961, 4021, 4024, 3999, 4023, 3936, 3946, 4024, 3980, 4019, 3917, 4015, 4022, 4023, 3993, 3918, 3985, 4022, 4023, 4024, 3972, 4024, 4023, 4023, 3946, 4022, 3985, 4019, 3980, 4016, 4022, 3749, 4023, 3957, 3847, 4019, 3998, 3990, 4012, 4006, 3978, 3977, 3939, 4019, 4022, 4023, 4019, 4011, 4022, 3897, 3976, 2722, 2094, 4020, 3982, 4024, 3885, 3966, 4021, 4024, 4020, 3995, 4021, 3831, 4023, 4022, 3739, 4022, 3785, 4023, 3739, 4010, 3984, 3766, 4023, 4021, 4022, 4024, 3985, 3960, 3941, 4013, 3945, 3960, 4023, 3852, 3957, 4024, 3899, 4024, 3850, 4023, 4023, 3952, 3979, 3955, 4024, 4009, 3924, 3960, 4023, 4024, 3853, 4009, 0, 4020, 3990, 4022, 3913, 3985, 4024, 2426, 4024, 3961, 3848, 4023, 4024, 3784, 3811, 4020, 4024, 3999, 4024, 3917, 3962, 3953, 4023, 3806, 3955, 3739, 4022, 2429, 3954, 4023, 4024, 4024, 3943, 4023, 3938, 3966, 4024, 3894, 3921, 4023, 4023, 4024, 4023, 4023, 3985, 3893, 4023, 4021, 3899, 3917, 4023, 3095, 4024, 3944, 4024, 4024, 4024, 4024, 3831, 3937, 4024, 4022, 4024, 3965, 4024, 3956, 3882, 3871, 4023, 3816, 3904, 3862, 4024, 4024, 4018, 4024, 3946, 4024, 4012, 4024, 4019, 4024, 4009, 4014, 4023, 2047, 3881, 4024, 4023, 4023, 4020, 3879, 4023, 3944, 4024, 4019, 4024, 4023, 4022, 4022, 3998, 3907, 4022, 4023, 3901, 4018, 3921, 4018, 4023, 4024, 3929, 4024, 4020, 3881]}, "prepare_train_sample": {"time": 1.0191941261291504}, "train_eval_model": {"train_intermediate": [{"epoch": 0, "loss": 124.75944442223742, "eval_loss": 117.89701914175963, "train_recall": 0.17157171717171718, "val_recall": 0.2186, "lr": 0.004}, {"epoch": 1, "loss": 124.05230402457104, "eval_loss": 123.99088223775227, "train_recall": 0.17803333333333332, "val_recall": 0.1797, "lr": 0.004}, {"epoch": 2, "loss": 118.82225097410625, "eval_loss": 113.4627151244726, "train_recall": 0.2322171717171717, "val_recall": 0.2935, "lr": 0.00084}, {"epoch": 3, "loss": 118.54299797706445, "eval_loss": 113.95566747127435, "train_recall": 0.2343020202020202, "val_recall": 0.314, "lr": 0.00084}, {"epoch": 4, "loss": 118.46932340336434, "eval_loss": 113.10476479163536, "train_recall": 0.23478686868686868, "val_recall": 0.3039, "lr": 0.00084}, {"epoch": 5, "loss": 118.4642532636674, "eval_loss": 112.01498799446301, "train_recall": 0.23482525252525252, "val_recall": 0.3097, "lr": 0.00084}, {"epoch": 6, "loss": 116.43560045116969, "eval_loss": 110.22149242498936, "train_recall": 0.2562070707070707, "val_recall": 0.3577, "lr": 0.0001764}, {"epoch": 7, "loss": 115.94010466079226, "eval_loss": 107.91090786762727, "train_recall": 0.2597111111111111, "val_recall": 0.3626, "lr": 0.0001764}, {"epoch": 8, "loss": 115.8116351467115, "eval_loss": 109.2498883956518, "train_recall": 0.260989898989899, "val_recall": 0.3586, "lr": 0.0001764}, {"epoch": 9, "loss": 115.66532113850569, "eval_loss": 109.27074124262883, "train_recall": 0.26182626262626263, "val_recall": 0.3652, "lr": 0.0001764}, {"epoch": 10, "loss": 115.48035006959788, "eval_loss": 108.96154601757343, "train_recall": 0.26333131313131314, "val_recall": 0.3665, "lr": 0.0001764}, {"epoch": 11, "loss": 115.31150141467327, "eval_loss": 109.59008444272555, "train_recall": 0.2652777777777778, "val_recall": 0.3449, "lr": 0.0001764}], "train_total": {"correct": 262625, "final_recall": 0.2652777777777778}, "training_time": 2996.4249410629272, "eval_time": 0.009804725646972656}}], "integrate": {"time": 113.15504145622253}, "count_recall": {"time": 124.3978374004364}}