{"total_time_consume": 36575.28034186363, "preprocess": {"total_time": 0.11702251434326172}, "classifier": [{"ins_id": 0, "dataset_partition": {"bulid_graph_time": 74.25228095054626, "save_graph_time": 45.06984186172485, "graph_partition_time": 71.47462296485901, "total_time": 190.9980447292328, "cluster_number_distribution": [4024, 3808, 4020, 4024, 3998, 4000, 4024, 3908, 3904, 3936, 4023, 3857, 3852, 4024, 3939, 4024, 4023, 4024, 4022, 3881, 3787, 4024, 4024, 4024, 3840, 4023, 3872, 4023, 3908, 4024, 4017, 4024, 4022, 3953, 3828, 4021, 4007, 4022, 415, 3987, 3990, 4024, 4021, 4024, 3942, 4020, 3933, 3919, 4022, 3994, 4023, 3968, 4013, 4008, 3936, 4013, 4024, 3976, 4024, 4022, 3916, 4024, 3888, 4024, 4023, 4023, 3736, 4024, 3985, 4023, 4024, 3980, 3826, 3942, 3995, 3972, 3979, 3998, 0, 3881, 4023, 4022, 4019, 4023, 4023, 3733, 4017, 4024, 4004, 4024, 4024, 3412, 4020, 3953, 4009, 3923, 4021, 4024, 3940, 3925, 2412, 3907, 4023, 4023, 4023, 4024, 3880, 4001, 3919, 4024, 4024, 4024, 3895, 4024, 4001, 3923, 4024, 3952, 4023, 4023, 3961, 4023, 3328, 4005, 4023, 3993, 3921, 2967, 3836, 4024, 3993, 964, 4013, 4024, 3872, 4022, 4008, 4024, 4024, 4013, 4024, 3993, 4022, 4023, 3995, 4022, 4013, 3873, 4023, 4024, 4024, 4022, 3926, 4022, 4021, 4023, 4024, 4024, 4023, 4024, 3932, 3017, 4020, 4005, 4023, 4002, 3879, 4008, 4023, 4001, 3947, 1274, 3983, 3949, 3803, 3997, 4024, 3960, 4016, 4024, 4024, 4024, 4022, 4024, 4024, 3977, 4024, 4024, 3583, 3778, 4024, 3740, 4024, 4024, 3869, 3846, 3722, 3993, 4023, 4024, 3922, 4009, 4024, 4004, 3725, 3972, 4023, 3999, 4024, 3960, 3893, 4024, 4024, 4022, 4024, 3996, 3885, 3978, 4016, 3936, 3771, 4004, 3834, 4024, 4024, 4023, 3922, 3926, 4023, 4014, 3799, 4024, 3907, 4024, 3871, 4007, 4024, 3950, 3887, 4022, 3969, 4024, 3977, 3877, 4024, 4022, 4023, 4020, 4024, 4022, 4024, 4017, 3949, 4023, 4022, 3949]}, "prepare_train_sample": {"time": 0.5804879665374756}, "train_eval_model": {"train_config": {"model_name": "one_block_8192_dim", "lr": 0.001, "n_epochs": 12, "milestones": [3, 7]}, "train_intermediate": [{"epoch": 0, "loss": 62.1865213103596, "eval_loss": 49.52512119977902, "train_recall": 0.6501303030303031, "val_recall": 0.7472, "lr": 0.001}, {"epoch": 1, "loss": 58.16931705479169, "eval_loss": 48.9744362280919, "train_recall": 0.7074818181818182, "val_recall": 0.7524, "lr": 0.001}, {"epoch": 2, "loss": 57.54823024466277, "eval_loss": 48.722120596812324, "train_recall": 0.7234363636363637, "val_recall": 0.7642, "lr": 0.001}, {"epoch": 3, "loss": 56.667583786293356, "eval_loss": 48.13185108624972, "train_recall": 0.7491717171717172, "val_recall": 0.7863, "lr": 0.0001}, {"epoch": 4, "loss": 56.51617468669218, "eval_loss": 48.10949476559957, "train_recall": 0.7536787878787878, "val_recall": 0.7854, "lr": 0.0001}, {"epoch": 5, "loss": 56.44503340724367, "eval_loss": 48.04716447683481, "train_recall": 0.7565535353535353, "val_recall": 0.7895, "lr": 0.0001}, {"epoch": 6, "loss": 56.39971379965267, "eval_loss": 48.00439329025073, "train_recall": 0.7579282828282828, "val_recall": 0.7913, "lr": 0.0001}, {"epoch": 7, "loss": 56.30372133744219, "eval_loss": 48.01359015856034, "train_recall": 0.7604232323232323, "val_recall": 0.7887, "lr": 1e-05}, {"epoch": 8, "loss": 56.2956452269042, "eval_loss": 47.969062224412575, "train_recall": 0.7608181818181818, "val_recall": 0.7878, "lr": 1e-05}, {"epoch": 9, "loss": 56.28215203946596, "eval_loss": 47.97930150765639, "train_recall": 0.7616252525252525, "val_recall": 0.7877, "lr": 1e-05}, {"epoch": 10, "loss": 56.28304131004757, "eval_loss": 48.016091664632164, "train_recall": 0.7612585858585859, "val_recall": 0.7864, "lr": 1e-05}, {"epoch": 11, "loss": 56.275091231992526, "eval_loss": 47.97595919095553, "train_recall": 0.7614898989898989, "val_recall": 0.7909, "lr": 1e-05}], "train_total": {"correct": 753875, "final_recall": 0.7614898989898989}, "training_time": 8869.652198553085, "eval_time": 0.16398978233337402}}, {"ins_id": 1, "dataset_partition": {"bulid_graph_time": 65.6000485420227, "save_graph_time": 44.561418771743774, "graph_partition_time": 59.780081033706665, "total_time": 170.12389659881592, "cluster_number_distribution": [3826, 4023, 3982, 4024, 3770, 3893, 2093, 3864, 4024, 4015, 3961, 4019, 4008, 4023, 3826, 4018, 3921, 4018, 4006, 3934, 4023, 4018, 3886, 4019, 4023, 3926, 4024, 3960, 3916, 3907, 3943, 4008, 4023, 3866, 4024, 4018, 4017, 4024, 4024, 3812, 4020, 4021, 3808, 3759, 4023, 3970, 4023, 3807, 3779, 3897, 3971, 2763, 4019, 3988, 4023, 3876, 4024, 4022, 3976, 3912, 4024, 3890, 4024, 3951, 4020, 4023, 3996, 3968, 4002, 4008, 3820, 3960, 4019, 3997, 4022, 4023, 4023, 4024, 4022, 3935, 4002, 3991, 4024, 4023, 4024, 4003, 4007, 3846, 2956, 4021, 3986, 4024, 4023, 3920, 3987, 3981, 4014, 4023, 4024, 3955, 4023, 4019, 3929, 4012, 3793, 3992, 4013, 4023, 3926, 4024, 4021, 4022, 4023, 4003, 3923, 4023, 3991, 4024, 4023, 4024, 3947, 3810, 4023, 3796, 4010, 1071, 3902, 4024, 4020, 4003, 4024, 3947, 3967, 3846, 4024, 4024, 4024, 4024, 4024, 3977, 3741, 4013, 4024, 4017, 4023, 3942, 3949, 4024, 4014, 4022, 3973, 3942, 4023, 4019, 3997, 3897, 4007, 0, 4022, 4023, 4018, 3979, 4024, 4024, 4024, 4011, 4022, 4021, 4024, 922, 4024, 4024, 4013, 4024, 3970, 4024, 3910, 4022, 3880, 3978, 4018, 4018, 4024, 4024, 3997, 3818, 4007, 4023, 4015, 3972, 3998, 3971, 4023, 3934, 3888, 4024, 3939, 4024, 4024, 3962, 3915, 4020, 3798, 4017, 3904, 4023, 3848, 4018, 3930, 3997, 4024, 4014, 4024, 3875, 4024, 4024, 4023, 3948, 4024, 4024, 3877, 4017, 0, 3925, 3949, 4023, 4019, 4024, 4024, 4024, 3949, 4024, 4023, 3850, 4024, 4023, 3952, 3738, 4022, 3737, 4024, 4010, 4014, 4009, 3999, 4002, 4024, 4024, 4024, 4024, 4024, 3854, 3862, 3754, 4024, 4024]}, "prepare_train_sample": {"time": 0.6645684242248535}, "train_eval_model": {"train_config": {"model_name": "one_block_8192_dim", "lr": 0.001, "n_epochs": 12, "milestones": [3, 7]}, "train_intermediate": [{"epoch": 0, "loss": 67.80139256987933, "eval_loss": 55.89148967694013, "train_recall": 0.5795464646464646, "val_recall": 0.667, "lr": 0.001}, {"epoch": 1, "loss": 63.86257972967595, "eval_loss": 55.242736351795685, "train_recall": 0.6331030303030303, "val_recall": 0.6852, "lr": 0.001}, {"epoch": 2, "loss": 63.23975698444744, "eval_loss": 54.90963614292634, "train_recall": 0.6468848484848485, "val_recall": 0.6936, "lr": 0.001}, {"epoch": 3, "loss": 62.323002736670254, "eval_loss": 54.34646530640431, "train_recall": 0.6709888888888889, "val_recall": 0.7079, "lr": 0.0001}, {"epoch": 4, "loss": 62.178219925406665, "eval_loss": 54.236139138539635, "train_recall": 0.6751878787878788, "val_recall": 0.7125, "lr": 0.0001}, {"epoch": 5, "loss": 62.118735594459224, "eval_loss": 54.25268234350742, "train_recall": 0.6772717171717172, "val_recall": 0.7089, "lr": 0.0001}, {"epoch": 6, "loss": 62.0501271497033, "eval_loss": 54.16845237291776, "train_recall": 0.6783151515151515, "val_recall": 0.714, "lr": 0.0001}, {"epoch": 7, "loss": 61.96329171494876, "eval_loss": 54.12125318478315, "train_recall": 0.680860606060606, "val_recall": 0.7141, "lr": 1e-05}, {"epoch": 8, "loss": 61.944541433492, "eval_loss": 54.152324603154106, "train_recall": 0.6816646464646464, "val_recall": 0.7143, "lr": 1e-05}, {"epoch": 9, "loss": 61.93668772460117, "eval_loss": 54.103734138684395, "train_recall": 0.6818181818181818, "val_recall": 0.7143, "lr": 1e-05}, {"epoch": 10, "loss": 61.929909031728, "eval_loss": 54.14121105732062, "train_recall": 0.6816696969696969, "val_recall": 0.7127, "lr": 1e-05}, {"epoch": 11, "loss": 61.924161758913606, "eval_loss": 54.14547541202643, "train_recall": 0.6822727272727273, "val_recall": 0.7151, "lr": 1e-05}], "train_total": {"correct": 675450, "final_recall": 0.6822727272727273}, "training_time": 8912.917945861816, "eval_time": 0.13448381423950195}}, {"ins_id": 2, "dataset_partition": {"bulid_graph_time": 69.75212955474854, "save_graph_time": 46.001060485839844, "graph_partition_time": 58.362309217453, "total_time": 174.30953168869019,