{"total_time_consume": 27916.69242143631, "preprocess": {"kmeans_time": 122.1537516117096, "random_projection_time": 0.0006902217864990234, "total_time": 122.27291178703308}, "classifier": [{"ins_id": 0, "dataset_partition": {"bulid_graph_time": 1212.031706571579, "save_graph_time": 29.976229667663574, "graph_partition_time": 73.38993382453918, "total_time": 1315.5813581943512, "cluster_number_distribution": [4046, 4048, 4046, 4049, 4056, 4050, 4048, 4046, 4049, 4046, 4055, 4046, 4047, 4047, 4046, 4052, 4050, 4046, 4046, 4047, 4048, 4046, 4046, 4046, 4046, 4047, 4045, 4047, 4046, 4049, 4047, 4048, 4047, 4054, 4048, 4048, 4046, 4046, 2592, 4046, 4046, 4047, 4046, 4046, 4049, 4048, 4048, 4049, 4049, 4047, 2226, 4051, 4046, 4049, 4047, 4048, 4046, 4046, 4046, 4046, 4048, 4046, 4049, 4047, 4048, 4046, 4048, 1214, 4046, 4047, 4048, 4048, 4046, 4048, 4050, 4047, 4046, 4047, 4046, 4046, 4048, 4046, 4047, 4046, 4048, 4050, 4046, 4047, 4052, 4046, 4046, 4046, 4046, 4048, 4048, 4046, 4048, 4048, 517, 4052, 4052, 1888, 4047, 4045, 4046, 4048, 4046, 4046, 4051, 4049, 4046, 4046, 4045, 4047, 4046, 4046, 4040, 3632, 2795, 4053, 4055, 4053, 3524, 4046, 4046, 4045, 2527, 4046, 4047, 4053, 4054, 4046, 4038, 4046, 4055, 4045, 4039, 4042, 4046, 3889, 4046, 4049, 4046, 4044, 4044, 4054, 2018, 4049, 4039, 4019, 3600, 3971, 4002, 4018, 4011, 4008, 4017, 4015, 4021, 3989, 3994, 3023, 4019, 4021, 3838, 4021, 4002, 3983, 3887, 4005, 4022, 4012, 3984, 3948, 4011, 3986, 4018, 3925, 3974, 1750, 4011, 4013, 4015, 4019, 3996, 4018, 4011, 3997, 3994, 4018, 4005, 4018, 4026, 4025, 4025, 4023, 4025, 4012, 4009, 4025, 4017, 4017, 4026, 3462, 3829, 4000, 4003, 4015, 4019, 2668, 4026, 1493, 4010, 3998, 4020, 4024, 4019, 4016, 4025, 3882, 4008, 4015, 3995, 4023, 4025, 4017, 3892, 4023, 4025, 4019, 4008, 4015, 4019, 4007, 2314, 3867, 3868, 3867, 3867, 3867, 3869, 3869, 3868, 3869, 3867, 2938, 3869, 3868, 3868, 3867, 3867, 3867, 3867, 3867, 3867, 3867]}, "prepare_train_sample": {"time": 0.4373774528503418}, "train_eval_model": {"train_config": {"model_name": "one_block_2048_dim", "lr": 0.008, "n_epochs": 12, "milestones": [3, 7]}, "train_intermediate": [{"epoch": 0, "loss": 63.439330474905795, "eval_loss": 51.41322708129883, "train_recall": 0.6035646464646465, "val_recall": 0.6999, "lr": 0.008}, {"epoch": 1, "loss": 61.193955025236875, "eval_loss": 51.05396146040697, "train_recall": 0.6365151515151515, "val_recall": 0.7045, "lr": 0.008}, {"epoch": 2, "loss": 60.816490310825294, "eval_loss": 51.011883686750366, "train_recall": 0.6436858585858586, "val_recall": 0.709, "lr": 0.008}, {"epoch": 3, "loss": 59.124597710413596, "eval_loss": 49.57512467335432, "train_recall": 0.678710101010101, "val_recall": 0.7385, "lr": 0.0008}, {"epoch": 4, "loss": 58.8820724701856, "eval_loss": 49.506883443930214, "train_recall": 0.6846989898989899, "val_recall": 0.7341, "lr": 0.0008}, {"epoch": 5, "loss": 58.78619373076279, "eval_loss": 49.40663152474623, "train_recall": 0.6863484848484849, "val_recall": 0.7414, "lr": 0.0008}, {"epoch": 6, "loss": 58.72633156192423, "eval_loss": 49.41370671223371, "train_recall": 0.6885787878787879, "val_recall": 0.7407, "lr": 0.0008}, {"epoch": 7, "loss": 58.5757512610072, "eval_loss": 49.335789228096985, "train_recall": 0.6918818181818182, "val_recall": 0.7467, "lr": 8e-05}, {"epoch": 8, "loss": 58.55154085490685, "eval_loss": 49.3681583404541, "train_recall": 0.6927686868686869, "val_recall": 0.7449, "lr": 8e-05}, {"epoch": 9, "loss": 58.54345228868006, "eval_loss": 49.41108589294629, "train_recall": 0.6925363636363636, "val_recall": 0.7436, "lr": 8e-05}, {"epoch": 10, "loss": 58.52849508474735, "eval_loss": 49.28797692518968, "train_recall": 0.6933080808080808, "val_recall": 0.744, "lr": 8e-05}, {"epoch": 11, "loss": 58.5330355874468, "eval_loss": 49.317839494118324, "train_recall": 0.6931939393939394, "val_recall": 0.746, "lr": 8e-05}], "train_total": {"correct": 686262, "final_recall": 0.6931939393939394}, "training_time": 5232.154452085495, "eval_time": 0.057665348052978516}}, {"ins_id": 1, "dataset_partition": {"bulid_graph_time": 1352.751490354538, "save_graph_time": 32.19785809516907, "graph_partition_time": 73.7286171913147, "total_time": 1458.8614354133606, "cluster_number_distribution": [3945, 3884, 3775, 3935, 3945, 3936, 3871, 3712, 3944, 3926, 3942, 3724, 3944, 3942, 3916, 3892, 3935, 3945, 3945, 3741, 3752, 3944, 3944, 2923, 3944, 3945, 2447, 3935, 3897, 3860, 3942, 3933, 3933, 3925, 3932, 4059, 4057, 4064, 4063, 4054, 4065, 4065, 3868, 3966, 4066, 3655, 4044, 4065, 4053, 4066, 4057, 4063, 4063, 3689, 4041, 4063, 4000, 4029, 3784, 4053, 4066, 4038, 4053, 4066, 4063, 4055, 4055, 3713, 4066, 3662, 4049, 4057, 3797, 4066, 4066, 3973, 4052, 4066, 4050, 4066, 3812, 4047, 4066, 4050, 4047, 4055, 4057, 4059, 4064, 4013, 4054, 3858, 2754, 3972, 4026, 4065, 4034, 4056, 4026, 4044, 3846, 4043, 4066, 3800, 4063, 4064, 3791, 4065, 4059, 4064, 4061, 4062, 4062, 4065, 4066, 4066, 4060, 0, 4058, 3980, 3985, 3971, 3979, 3974, 3438, 3973, 3952, 3955, 1946, 3985, 3977, 3985, 3933, 2955, 3980, 3974, 3985, 3985, 3975, 3986, 3977, 3971, 3363, 3985, 3926, 3971, 3984, 3985, 3986, 3986, 3982, 3966, 3956, 3983, 3902, 3444, 3986, 3969, 3985, 3954, 3983, 3985, 3986, 3819, 3986, 3984, 4026, 4033, 4038, 4036, 12, 4032, 4034, 4033, 4035, 4032, 4033, 4031, 4027, 4037, 4039, 4033, 4034, 4040, 4046, 4034, 4036, 4036, 2442, 4033, 4045, 4035, 4030, 4033, 4029, 4031, 4035, 4033, 4050, 4035, 4039, 4033, 4030, 4033, 4045, 4034, 4033, 4035, 4031, 4030, 4030, 4033, 2581, 4022, 4033, 4034, 4025, 4033, 4033, 4035, 4033, 4034, 4033, 4034, 4033, 4037, 4042, 4033, 4039, 4034, 4030, 4046, 4036, 4027, 4032, 4033, 1136, 4035, 4033, 4035, 4036, 4029, 4034, 4035, 4046, 4034, 4033, 4037, 4034, 4033, 3328, 4032, 4033, 4036, 4034, 4038]}, "prepare_train_sample": {"time": 0.5308518409729004}, "train_eval_model": {"train_config": {"model_name": "one_block_2048_dim", "lr": 0.008, "n_epochs": 12, "milestones": [3, 7]}, "train_intermediate": [{"epoch": 0, "loss": 62.77636144048477, "eval_loss": 50.6155021801973, "train_recall": 0.6152777777777778, "val_recall": 0.7023, "lr": 0.008}, {"epoch": 1, "loss": 60.56480669603053, "eval_loss": 50.103453636169434, "train_recall": 0.648720202020202, "val_recall": 0.7203, "lr": 0.008}, {"epoch": 2, "loss": 60.1794157455143, "eval_loss": 49.83321189880371, "train_recall": 0.6558565656565657, "val_recall": 0.7211, "lr": 0.008}, {"epoch": 3, "loss": 58.49302910640968, "eval_loss": 48.660457085340454, "train_recall": 0.6920383838383838, "val_recall": 0.7494, "lr": 0.0008}, {"epoch": 4, "loss": 58.27351598631424, "eval_loss": 48.45201857884725, "train_recall": 0.6968383838383838, "val_recall": 0.7604, "lr": 0.0008}, {"epoch": 5, "loss": 58.1759899033485, "eval_loss": 48.39461414630596, "train_recall": 0.6993424242424242, "val_recall": 0.7576, "lr": 0.0008}, {"epoch": 6, "loss": 58.112417395114825, "eval_loss": 48.36722479111109, "train_recall": 0.7014383838383839, "val_recall": 0.7553, "lr": 0.0008}, {"epoch": 7, "loss": 57.95955231433487, "eval_loss": 48.29459604850182, "train_recall": 0.7049272727272727, "val_recall": 0.76, "lr": 8e-05}, {"epoch": 8, "loss": 57.93867377237323, "eval_loss": 48.27305052830623, "train_recall": 0.7053575757575757, "val_recall": 0.759, "lr": 8e-05}, {"epoch": 9, "loss": 57.93603916071418, "eval_loss": 48.28404904023195, "train_recall": 0.7051666666666667, "val_recall": 0.759, "lr": 8e-05}, {"epoch": 10, "loss": 57.92158596316132, "eval_loss": 48.295757794991516, "train_recall": 0.7054090909090909, "val_recall": 0.7598, "lr": 8e-05}, {"epoch": 11, "loss": 57.91396989732066, "eval_loss": 48.279218539213524, "train_recall": 0.7062616161616162, "val_recall": 0.7607, "lr": 8e-05}], "train_total": {"correct": 699199, "final_recall": 0.7062616161616162}, "training_time": 5375.673768997192, "eval_time": 0.06127738952636719}}, {"ins_id": 2, "dataset_partition": {"bulid_graph_time": 1487.705468416214, "save_graph_time": 31.923310041427612,