{"total_time_consume": 18703.330326795578, "preprocess": {"kmeans_time": 8946.16901564598, "random_projection_time": 0.019521474838256836, "total_time": 8946.407303333282}, "classifier": [{"ins_id": 0, "dataset_partition": {"count_label_time": 194.48239278793335, "total_time": 194.6278431415558, "cluster_number_distribution": [4444, 4745, 4265, 8332, 3645, 2777, 1139, 1100, 3206, 4332, 616, 1061, 4816, 6449, 10181, 978, 2453, 794, 7922, 6169, 3794, 1928, 2961, 3457, 7702, 1520, 3219, 5121, 1844, 5917, 2126, 7770, 1027, 2255, 2845, 5425, 1390, 8267, 2585, 1229, 2004, 1122, 5967, 4446, 3819, 5420, 4141, 629, 5587, 2592, 2226, 3696, 3357, 1393, 853, 2077, 965, 4941, 1500, 7120, 4009, 3171, 1831, 3669, 1582, 5228, 7224, 2779, 11613, 2810, 2521, 1648, 1800, 5738, 7967, 10936, 1725, 8256, 2414, 2074, 5765, 2114, 1020, 2744, 777, 2909, 1699, 5881, 6425, 273, 12059, 5030, 2058, 9243, 3985, 4229, 815, 5804, 8035, 8121, 6530, 925, 1490, 540, 4785, 2660, 3032, 8817, 5310, 4478, 1453, 2739, 5479, 5148, 5987, 2264, 1618, 1806, 6909, 1817, 2239, 2655, 3422, 2654, 1394, 9274, 1008, 3541, 6556, 8493, 6747, 4695, 1947, 3267, 4080, 4273, 1830, 2152, 2054, 2617, 2937, 8830, 2963, 1671, 2860, 1355, 2145, 10466, 2032, 1118, 913, 2027, 2268, 2214, 1932, 2341, 3324, 681, 8798, 5010, 2003, 659, 7155, 3251, 5292, 2633, 4017, 6431, 3598, 7901, 4103, 1757, 2284, 2402, 2481, 26203, 4031, 6862, 7077, 3636, 6641, 3090, 214, 2180, 1574, 9133, 4983, 776, 415, 955, 2425, 314, 3407, 1882, 6795, 4887, 4084, 831, 3827, 4393, 5872, 1087, 1213, 2392, 3590, 955, 1729, 3159, 3048, 2504, 363, 2059, 3956, 3478, 4539, 4123, 6244, 1547, 3329, 5686, 1882, 1428, 2401, 4352, 4775, 4841, 4090, 6137, 6999, 2146, 3051, 6315, 5293, 934, 1505, 21512, 7193, 3136, 4874, 9700, 4316, 1100, 3802, 1589, 11611, 6330, 1241, 1839, 5915, 947, 8221, 3849, 5045, 2211, 3049, 704]}, "prepare_train_sample": {"time": 0.6337568759918213}, "train_eval_model": {"train_config": {"model_name": "one_block_2048_dim", "lr": 0.008, "n_epochs": 12, "milestones": [3, 7]}, "train_intermediate": [{"epoch": 0, "loss": 80.88033206711705, "eval_loss": 76.74640265489236, "train_recall": 0.5730737373737373, "val_recall": 0.6229, "lr": 0.008}, {"epoch": 1, "loss": 79.00808202426204, "eval_loss": 76.53515950227396, "train_recall": 0.5881414141414142, "val_recall": 0.6182, "lr": 0.008}, {"epoch": 2, "loss": 78.72889776846694, "eval_loss": 76.38308271994957, "train_recall": 0.5896353535353536, "val_recall": 0.6245, "lr": 0.008}, {"epoch": 3, "loss": 77.1149986068075, "eval_loss": 75.03774397189801, "train_recall": 0.6116242424242424, "val_recall": 0.6434, "lr": 0.0008}, {"epoch": 4, "loss": 76.91189236894785, "eval_loss": 74.88012485015086, "train_recall": 0.6147080808080808, "val_recall": 0.6421, "lr": 0.0008}, {"epoch": 5, "loss": 76.83522140806754, "eval_loss": 74.71791141461104, "train_recall": 0.615220202020202, "val_recall": 0.6466, "lr": 0.0008}, {"epoch": 6, "loss": 76.77743757981406, "eval_loss": 74.99086158703535, "train_recall": 0.6152949494949495, "val_recall": 0.6506, "lr": 0.0008}, {"epoch": 7, "loss": 76.62970935357782, "eval_loss": 74.83690533271202, "train_recall": 0.6171616161616161, "val_recall": 0.6516, "lr": 8e-05}, {"epoch": 8, "loss": 76.61803922694197, "eval_loss": 74.73606066826062, "train_recall": 0.6175888888888889, "val_recall": 0.6477, "lr": 8e-05}, {"epoch": 9, "loss": 76.60731988644159, "eval_loss": 74.76248359680176, "train_recall": 0.6169020202020202, "val_recall": 0.645, "lr": 8e-05}, {"epoch": 10, "loss": 76.60128013619965, "eval_loss": 74.77504726556631, "train_recall": 0.6175444444444445, "val_recall": 0.6509, "lr": 8e-05}, {"epoch": 11, "loss": 76.6018969214648, "eval_loss": 74.82243479215182, "train_recall": 0.6174949494949495, "val_recall": 0.6515, "lr": 8e-05}], "train_total": {"correct": 611320, "final_recall": 0.6174949494949495}, "training_time": 2086.541217803955, "eval_time": 0.011792659759521484}}, {"ins_id": 1, "dataset_partition": {"count_label_time": 190.786518573761, "total_time": 190.95917630195618, "cluster_number_distribution": [5091, 6641, 1953, 516, 2588, 7454, 1830, 5381, 1452, 3493, 1283, 8319, 7071, 2529, 3351, 2627, 1992, 3451, 1436, 8827, 2573, 880, 9426, 4773, 1298, 4083, 1144, 6650, 10118, 8403, 2171, 5476, 1781, 3210, 5890, 1535, 12511, 2757, 1941, 4420, 2889, 1523, 5139, 6908, 2438, 12452, 1888, 1223, 2846, 1843, 4202, 6606, 2113, 2546, 3143, 1304, 1325, 3260, 2129, 11025, 3421, 1365, 9188, 1888, 1691, 9002, 3309, 3002, 5456, 1424, 5027, 3338, 2910, 1695, 1609, 3541, 1513, 2877, 5236, 1538, 2146, 1071, 2017, 552, 13125, 1442, 2763, 6337, 5765, 2485, 1581, 3722, 575, 1357, 9240, 920, 1850, 3098, 3141, 6100, 4085, 3613, 2042, 2342, 2628, 995, 973, 2298, 3880, 1686, 1793, 5279, 418, 1753, 3368, 10029, 1262, 1005, 4292, 5713, 3597, 1978, 2999, 4938, 1014, 5649, 8079, 2392, 8339, 1603, 3480, 3376, 3878, 1789, 4491, 1761, 4580, 2931, 5074, 1620, 528, 6401, 3615, 980, 9790, 1505, 3074, 2303, 1108, 1798, 4073, 4177, 1512, 1946, 2690, 1796, 2812, 1663, 3348, 10181, 3472, 12421, 8384, 8940, 4332, 1597, 3731, 3298, 9248, 2513, 5737, 15936, 5501, 7238, 3260, 2900, 4239, 10201, 5136, 9850, 4307, 10791, 6533, 1667, 2838, 2089, 1654, 2369, 2479, 2939, 6576, 7242, 5600, 3320, 4955, 2989, 4667, 1818, 1647, 6859, 831, 7465, 6379, 824, 4629, 2856, 5301, 2299, 1805, 1212, 3601, 3979, 5694, 3962, 1705, 3070, 3097, 3514, 6052, 2186, 3305, 1810, 4038, 2035, 2400, 5532, 3386, 1943, 2620, 2193, 1120, 1618, 1365, 4247, 5525, 2265, 4192, 3937, 2753, 2030, 3157, 8414, 1639, 4844, 2186, 7280, 3069, 5064, 5486, 2476, 2440, 414, 4750, 10647, 13033, 3287]}, "prepare_train_sample": {"time": 0.5280108451843262}, "train_eval_model": {"train_config": {"model_name": "one_block_2048_dim", "lr": 0.008, "n_epochs": 12, "milestones": [3, 7]}, "train_intermediate": [{"epoch": 0, "loss": 81.83409496768165, "eval_loss": 77.22598677415114, "train_recall": 0.5617959595959596, "val_recall": 0.6135, "lr": 0.008}, {"epoch": 1, "loss": 79.94096429542891, "eval_loss": 77.11549378664066, "train_recall": 0.576730303030303, "val_recall": 0.6113, "lr": 0.008}, {"epoch": 2, "loss": 79.69045232833308, "eval_loss": 77.12717343599368, "train_recall": 0.5781636363636363, "val_recall": 0.6033, "lr": 0.008}, {"epoch": 3, "loss": 78.06019770128447, "eval_loss": 75.7027804912665, "train_recall": 0.601010101010101, "val_recall": 0.629, "lr": 0.0008}, {"epoch": 4, "loss": 77.84114224424374, "eval_loss": 75.52307512821295, "train_recall": 0.6035343434343434, "val_recall": 0.634, "lr": 0.0008}, {"epoch": 5, "loss": 77.76341378422549, "eval_loss": 75.6166114684863, "train_recall": 0.6039323232323233, "val_recall": 0.6379, "lr": 0.0008}, {"epoch": 6, "loss": 77.70637025693486, "eval_loss": 75.68632134413107, "train_recall": 0.6045959595959596, "val_recall": 0.6409, "lr": 0.0008}, {"epoch": 7, "loss": 77.57162968092122, "eval_loss": 75.41888514543191, "train_recall": 0.6061959595959596, "val_recall": 0.6362, "lr": 8e-05}, {"epoch": 8, "loss": 77.53932999219006, "eval_loss": 75.4972669405815, "train_recall": 0.6064, "val_recall": 0.6383, "lr": 8e-05}, {"epoch": 9, "loss": 77.53161168797436, "eval_loss": 75.46782614634587, "train_recall": 0.6065878787878788, "val_recall": 0.6379, "lr": 8e-05}, {"epoch": 10, "loss": 77.54184079789066, "eval_loss": 75.51670680901942, "train_recall": 0.6059212121212121, "val_recall": 0.6478, "lr": 8e-05}, {"epoch": 11, "loss": 77.52587208413553, "eval_loss": 75.4371146544432, "train_recall": 0.6065676767676768, "val_recall": 0.6398, "lr": 8e-05}], "train_total": {"correct": 600502, "final_recall": 0.6065676767676768}, "training_time": 2080.9712030887604, "eval_time": 0.025834321975708008}}, {"ins_id": 2, "dataset_partition": {"count_label_time": 200.68487548828125, "total_time": 200.84728240966797,