{"total_time_consume": 6024.836916685104, "preprocess": {"kmeans_time": 5413.315387248993, "random_projection": 2.358690023422241, "total_time": 5415.789563179016}, "classifier": [{"ins_id": 1, "dataset_partition": {"time": 113.79171657562256, "cluster_number_distribution": [5579, 3194, 3664, 4009, 1873, 9457, 1923, 9465, 3600, 4245, 7892, 4658, 2047, 4791, 3641, 2986, 2983, 3417, 3503, 3585, 2888, 5949, 4292, 4091, 3031, 4787, 3034, 2754, 3056, 2609, 2550, 3056, 4430, 3870, 3389, 1508, 5033, 3307, 3568, 3547, 2718, 3312, 3382, 4135, 3031, 3638, 2638, 4451, 2495, 6152, 3344, 5442, 4181, 4413, 4961, 7719, 7559, 4479, 3914, 2932, 2238, 5091, 2895, 3384, 3324, 3106, 5110, 5202, 3416, 6125, 3476, 8380, 3078, 3224, 931, 2691, 2673, 4000, 3616, 1796, 3636, 1765, 1681, 7440, 4418, 2949, 3566, 5572, 2877, 4732, 2510, 3059, 3191, 6715, 4529, 5227, 2809, 5048, 5784, 2472, 804, 3891, 6290, 4667, 1160, 6656, 4561, 2984, 4322, 5928, 5226, 4169, 1034, 4917, 10594, 3271, 6518, 3822, 2525, 3346, 3841, 2284, 3081, 4112, 2560, 3252, 4978, 2894, 2607, 2433, 4891, 2812, 3994, 2267, 3076, 4801, 3944, 1939, 5806, 2884, 2261, 2879, 2612, 2275, 1898, 2960, 3781, 2928, 3161, 1982, 2209, 3804, 5109, 3039, 3549, 4279, 3373, 2790, 3063, 1239, 3581, 2772, 2749, 4399, 3722, 2986, 5012, 4039, 4799, 5761, 4579, 4852, 629, 1420, 7323, 3503, 3796, 3032, 2804, 4010, 6773, 2777, 2597, 2468, 2827, 3690, 3632, 3838, 6077, 4464, 3575, 5432, 3963, 5044, 5589, 3149, 4415, 11564, 3103, 14261, 2332, 6784, 2953, 4674, 5877, 8567, 6452, 2879, 7096, 3891, 3673, 3738, 4471, 2530, 2040, 2672, 4257, 2066, 3334, 2601, 4654, 8515, 3742, 2907, 5076, 3805, 2067, 6693, 3868, 2570, 3018, 3062, 1836, 2360, 1224, 1686, 4075, 4287, 4346, 4883, 5519, 3303, 4398, 2855, 3170, 3649, 3859, 3916, 2785, 2439, 3372, 1899, 5883, 1296, 6842, 2023]}, "predict": {"time": 1.4073207378387451}}, {"ins_id": 2, "dataset_partition": {"time": 116.96260094642639, "cluster_number_distribution": [3789, 5842, 7452, 4441, 4416, 3512, 4149, 3936, 5916, 5377, 4068, 7996, 5381, 4679, 3485, 5698, 8319, 5739, 7480, 4736, 3252, 3608, 2090, 2542, 5920, 6622, 3393, 1416, 2606, 1612, 1950, 2522, 8444, 4322, 3399, 3145, 6251, 2908, 2914, 4705, 3662, 5857, 1015, 3609, 2450, 2882, 12938, 10701, 2394, 5151, 3014, 2295, 4442, 5107, 4351, 3824, 1869, 3864, 1690, 3818, 5805, 3333, 2113, 5018, 3933, 2851, 3166, 2444, 6061, 3035, 3854, 1943, 5068, 3974, 2405, 1906, 4917, 4201, 3745, 5241, 4702, 3105, 5819, 2180, 2603, 4289, 4821, 2067, 2938, 3220, 4168, 3968, 3322, 3273, 1684, 6391, 4097, 3837, 1953, 2856, 2734, 3121, 3447, 2774, 9079, 1980, 3774, 5163, 5812, 4547, 3466, 3673, 3312, 2123, 2466, 2429, 4447, 4867, 3335, 3616, 2717, 5006, 5110, 4778, 2802, 2809, 4203, 4922, 3155, 2327, 2386, 3420, 8518, 3317, 2793, 2574, 4082, 4530, 3788, 3830, 1214, 2987, 1863, 7407, 1792, 6550, 1248, 3839, 4596, 2791, 4640, 3964, 3037, 3156, 1706, 4714, 3476, 3193, 3310, 1891, 3108, 1815, 3201, 1670, 2108, 3558, 1890, 3427, 3858, 4778, 6471, 3619, 3918, 3695, 8597, 3221, 6645, 2066, 4987, 3116, 3728, 3175, 2665, 2419, 6089, 6577, 4977, 3666, 4937, 4122, 2059, 3537, 4221, 4005, 2524, 1769, 3431, 2569, 2773, 3148, 3041, 5293, 3813, 3388, 2707, 4298, 2352, 5706, 1795, 3298, 2830, 3920, 2717, 3198, 6221, 2145, 4345, 2494, 1154, 3418, 2890, 2927, 3359, 5883, 6795, 3242, 2916, 2444, 6481, 2546, 3085, 7683, 3144, 4576, 1949, 4720, 1848, 2981, 5386, 2329, 995, 4152, 3440, 3301, 2498, 4491, 13283, 1998, 5350, 3807, 8970, 3662, 3101, 4071, 6208, 5340]}, "predict": {"time": 1.3863601684570312}}, {"ins_id": 3, "dataset_partition": {"time": 114.3485701084137, "cluster_number_distribution": [2801, 4102, 3052, 7533, 3750, 3838, 4877, 3406, 2579, 5630, 6873, 4142, 4663, 5711, 4093, 3012, 4287, 6603, 2355, 6031, 3422, 1778, 4491, 888, 1787, 3502, 3643, 4950, 4245, 6874, 3860, 2932, 5106, 3522, 2188, 5222, 904, 8259, 4604, 5931, 2464, 4468, 6891, 5160, 5995, 5505, 3640, 2979, 3214, 5948, 10321, 3936, 3945, 4029, 1617, 4661, 2128, 5343, 1998, 1374, 4735, 2041, 3203, 1917, 2457, 5414, 2081, 1838, 2217, 2877, 4698, 6472, 8084, 5164, 4158, 3620, 6815, 4301, 1789, 4241, 2733, 2671, 8089, 3743, 2001, 5881, 4632, 2915, 7132, 2657, 4550, 4408, 3036, 3932, 4678, 3272, 3787, 2483, 3248, 5678, 4551, 3798, 2273, 2709, 4390, 1208, 2012, 2553, 4678, 1866, 6707, 5410, 1958, 6511, 2250, 3231, 5981, 2856, 3967, 5721, 2486, 3881, 3575, 7464, 4666, 2367, 3070, 5289, 4418, 1005, 3931, 3717, 3229, 5286, 2043, 2835, 4444, 2572, 7047, 3932, 3455, 2743, 2441, 1631, 1673, 4548, 4192, 2183, 2900, 5622, 3203, 1782, 3943, 1790, 2527, 3157, 2791, 1598, 4019, 2030, 2059, 1668, 3328, 6760, 4289, 3456, 2706, 5629, 4610, 2185, 3823, 3329, 3794, 2453, 2115, 2743, 5409, 5299, 2508, 3589, 1459, 5085, 6056, 4671, 2853, 6527, 1632, 7147, 6349, 3183, 6984, 3376, 3520, 7458, 1827, 3237, 2517, 3161, 3401, 3395, 3757, 4458, 4466, 2019, 3209, 3830, 5421, 2628, 5243, 5990, 4169, 5228, 3857, 2430, 3165, 4142, 5288, 3264, 4808, 3127, 5488, 1544, 1682, 7068, 6074, 4371, 2388, 5153, 2205, 7480, 2182, 2206, 3617, 3134, 3128, 2991, 2254, 1855, 7817, 2553, 3840, 5356, 3502, 3817, 6342, 6213, 2756, 3461, 3819, 3036, 2291, 2718, 5027, 6628, 2503, 4587]}, "predict": {"time": 1.8565092086791992}}, {"ins_id": 4, "dataset_partition": {"time": 111.95373439788818, "cluster_number_distribution": [3877, 4272, 3114, 4976, 3036, 3862, 5845, 4025, 2784, 3104, 3081, 2158, 2722, 2585, 2337, 2868, 2735, 2508, 3671, 4025, 4492, 11702, 1660, 2152, 3487, 3006, 3244, 4400, 7727, 3801, 3538, 3207, 6045, 1657, 2936, 4520, 3863, 5421, 14311, 3386, 3839, 827, 3714, 2717, 4178, 3137, 6961, 4452, 3926, 2349, 4471, 1693, 5360, 6091, 5580, 5114, 1827, 4756, 1166, 5821, 2679, 2850, 4072, 4143, 1657, 9247, 2536, 2807, 5167, 3430, 4382, 3695, 6242, 5773, 2995, 12927, 6483, 4061, 5248, 3510, 2376, 3421, 3119, 1947, 4321, 2692, 7542, 1250, 2537, 2611, 2805, 6067, 2597, 4403, 2692, 5745, 3642, 3742, 3606, 3297, 3061, 3721, 2990, 8051, 5820, 2581, 3023, 4574, 2448, 3547, 2287, 2264, 1112, 3466, 4257, 4544, 2897, 3800, 1158, 5227, 5834, 2655, 5872, 5302, 5082, 1988, 4183, 6912, 11655, 2987, 3775, 4833, 1547, 7502, 1670, 2126, 2513, 3838, 2970, 3518, 2865, 3767, 1697, 1231, 4428, 6677, 1642, 2845, 3783, 4518, 3282, 135, 2753, 4420, 2606, 4917, 1872, 3864, 3736, 3400, 1713, 4973, 2459, 2321, 4107, 3735, 3536, 1935, 2973, 3287, 1642, 4491, 2720, 3209, 2254, 4808, 4273, 7574, 1652, 4323, 2805, 4573, 2084, 2318, 3790, 2702, 8670, 4198, 3664, 6314, 4224, 6371, 3287, 2316, 5867, 5116, 3687, 5611, 2433, 4595, 3501, 4123, 5058, 3861, 4659, 3618, 6221, 3234, 4321, 2506, 3316, 1860, 3672, 3376, 5701, 3810, 4191, 2582, 2854, 2479, 2955, 4386, 4157, 3719, 2608, 4553, 3594, 8415, 2889, 4440, 2301, 5504, 3811, 5789, 3206, 3187, 2195, 2830, 3259, 4575, 2826, 5897, 2694, 5519, 4189, 3067, 4659, 5536, 5646, 3170, 4277, 3317, 4926, 4955, 3401, 3532]}, "predict": {"time": 1.3893558979034424}}], "integrate": {"time": 75.9703266620636}, "count_recall": {"time": 69.37756657600403}}