{"total_time_consume": 51304.057641506195, "preprocess": {"kmeans_time": 49217.75852203369, "random_projection": 3.369286298751831, "total_time": 49221.27247548103}, "classifier": [{"ins_id": 1, "dataset_partition": {"time": 463.2399594783783, "cluster_number_distribution": [3788, 4859, 5224, 5796, 1047, 1260, 2718, 3654, 5303, 6093, 6480, 2182, 1080, 12295, 5183, 6736, 3028, 10363, 2550, 1251, 2925, 5875, 5052, 2790, 6979, 6142, 6238, 5310, 4256, 4280, 11641, 8287, 370, 6226, 843, 2343, 1268, 5552, 3586, 2596, 7038, 3098, 6221, 1009, 2652, 2312, 7983, 3172, 6444, 1536, 1409, 1544, 4216, 3768, 9199, 1998, 2188, 2545, 6084, 2379, 4306, 1953, 2814, 926, 5224, 2704, 6701, 2652, 2163, 3376, 3811, 1901, 4889, 1079, 1375, 2364, 11880, 9326, 665, 4732, 7808, 1215, 1870, 1875, 1713, 7495, 1943, 7812, 5087, 1067, 9661, 1389, 697, 5702, 3890, 5387, 17862, 1957, 406, 4473, 3180, 3547, 8368, 7495, 179, 4821, 6939, 256, 1854, 3801, 6223, 2258, 2776, 1615, 6719, 2094, 5178, 3555, 1077, 4962, 6750, 17364, 2656, 3789, 435, 265, 498, 10548, 3796, 216, 2673, 2237, 441, 5433, 3392, 9135, 4748, 832, 7982, 2270, 10149, 479, 3392, 1158, 3697, 123, 1323, 672, 2065, 1684, 6231, 1353, 7565, 642, 3543, 4091, 1074, 1731, 3846, 7237, 835, 2852, 2485, 4797, 2537, 10017, 5420, 4456, 3041, 1932, 3934, 2118, 3440, 7421, 5275, 3491, 173, 3847, 2916, 12653, 974, 2751, 5681, 3382, 3659, 4123, 7194, 4833, 873, 1944, 9647, 3869, 4929, 3011, 2211, 3567, 1323, 2181, 2210, 234, 4203, 1624, 7031, 4945, 3367, 3978, 6091, 9134, 3234, 1709, 1917, 3620, 2906, 6533, 1162, 3472, 1039, 3369, 5367, 1217, 4642, 7161, 3734, 2756, 3631, 5888, 2674, 1732, 1304, 3724, 6162, 2405, 6291, 150, 2063, 2063, 1080, 893, 1151, 305, 4742, 3970, 1693, 6250, 2884, 4250, 1476, 758, 2932, 9616, 3624, 8590, 3884, 1978, 2693, 3891]}, "predict": {"time": 1.5678505897521973}}, {"ins_id": 2, "dataset_partition": {"time": 478.32606387138367, "cluster_number_distribution": [6282, 2851, 7573, 2975, 5070, 13295, 4298, 440, 2279, 2827, 3931, 946, 4427, 11113, 5374, 1416, 6230, 5506, 1089, 5074, 7112, 1737, 3553, 1610, 881, 3940, 2035, 9465, 9011, 32179, 7454, 5258, 3844, 3807, 3671, 4120, 4162, 3029, 2271, 1935, 84, 1632, 3456, 5719, 4054, 6281, 1634, 50, 5627, 2869, 1024, 1400, 675, 3649, 5329, 919, 3292, 6836, 649, 2118, 3768, 3724, 1038, 914, 918, 6391, 2182, 5366, 869, 2247, 3654, 9488, 8265, 7713, 2019, 1613, 1714, 4104, 6293, 3559, 1155, 4371, 2361, 5053, 2708, 602, 4542, 3970, 2915, 4370, 1453, 2709, 676, 1927, 3242, 4148, 372, 1135, 5051, 4457, 1892, 748, 5928, 1114, 4353, 2969, 1807, 2561, 12424, 3497, 3685, 3219, 1368, 8416, 3661, 5476, 15714, 5403, 1567, 7188, 676, 9867, 3192, 3576, 3369, 7405, 4473, 4778, 1750, 709, 1694, 8035, 1660, 5392, 1733, 4464, 254, 16, 921, 3787, 7875, 3665, 3256, 5099, 2146, 3675, 5676, 1390, 5693, 2913, 1006, 5922, 2662, 2305, 2337, 1891, 2932, 6364, 3587, 5871, 676, 361, 7238, 1462, 4161, 6460, 901, 1724, 1143, 3590, 344, 2716, 512, 5058, 856, 9119, 3398, 8930, 4144, 6668, 3298, 5394, 2552, 5252, 5649, 1199, 5047, 7778, 13527, 6042, 920, 4009, 5356, 2725, 3420, 2425, 535, 2515, 958, 4557, 12091, 4187, 48, 2415, 10982, 2191, 3897, 6690, 5665, 4925, 1975, 4589, 3627, 1416, 2098, 5207, 4152, 4326, 7481, 2603, 3510, 3536, 2167, 965, 732, 4892, 491, 4231, 4791, 966, 4044, 4875, 2524, 1689, 8234, 7268, 2174, 4224, 649, 4695, 4709, 1687, 1794, 8496, 2873, 3298, 9084, 1881, 4965, 58, 3564, 6627, 3186, 1771, 3654, 1083]}, "predict": {"time": 2.390725612640381}}, {"ins_id": 3, "dataset_partition": {"time": 493.89830708503723, "cluster_number_distribution": [1400, 3138, 2647, 6798, 2772, 3358, 1394, 6977, 1359, 5107, 6837, 4320, 1866, 5483, 4209, 5465, 4542, 1325, 1721, 2912, 2469, 4833, 4607, 3661, 4380, 10977, 4425, 4452, 13939, 4875, 5983, 4449, 5348, 2753, 4728, 913, 3478, 4759, 2396, 1193, 16152, 3119, 1049, 5021, 6185, 4930, 2618, 4324, 3853, 2873, 2095, 3104, 5227, 3864, 1140, 4528, 3622, 3414, 3518, 3470, 2192, 4238, 5563, 3903, 597, 4078, 1038, 5057, 3756, 3276, 1966, 4207, 4651, 6357, 4051, 12299, 3049, 1360, 1018, 6617, 4156, 6134, 3899, 3821, 4060, 604, 934, 5500, 1040, 1182, 6653, 3563, 35701, 1988, 6216, 3718, 522, 6292, 3363, 6253, 1902, 6359, 6511, 405, 844, 5373, 3529, 4034, 2249, 680, 8559, 3075, 2538, 6067, 5405, 3918, 803, 3442, 5116, 1044, 2087, 4304, 4444, 2895, 4275, 8855, 1433, 4903, 1519, 4986, 6325, 719, 3821, 3524, 746, 2337, 2843, 48, 5628, 4769, 4053, 1651, 6331, 6606, 5612, 2065, 581, 3894, 2654, 4190, 7340, 7064, 6034, 6481, 6677, 5525, 5532, 3897, 1652, 1138, 2524, 1822, 5073, 2973, 3263, 4685, 5404, 1495, 2062, 3181, 3592, 4853, 1563, 1429, 4077, 2793, 3718, 4786, 6357, 1253, 1264, 3358, 4196, 3526, 507, 2750, 3881, 811, 356, 1148, 5161, 2785, 7018, 4018, 1634, 1688, 1471, 1221, 4385, 5221, 3217, 3885, 3090, 5754, 456, 3119, 4732, 4939, 3928, 4695, 3101, 5609, 1358, 5727, 43, 1501, 5608, 5005, 3618, 4659, 1646, 4032, 427, 3938, 6754, 1761, 3086, 3353, 2157, 6215, 12938, 2753, 522, 3635, 3398, 6240, 6499, 2675, 4009, 2705, 4007, 6292, 3485, 3320, 5370, 481, 1641, 2881, 12100, 122, 3466, 1966, 3500, 2992, 1896, 1875]}, "predict": {"time": 2.348400115966797}}, {"ins_id": 4, "dataset_partition": {"time": 499.0170691013336, "cluster_number_distribution": [6527, 7428, 4211, 4628, 3344, 36, 3774, 1639, 3784, 1467, 1375, 2982, 1302, 17060, 1131, 615, 6763, 3893, 4902, 1076, 2874, 3682, 1237, 3723, 4831, 3935, 1653, 5908, 7611, 418, 1578, 8301, 1822, 3251, 2389, 2357, 1818, 2750, 3402, 3505, 2928, 4172, 3472, 1175, 7476, 1996, 5227, 2904, 4335, 10769, 4464, 216, 1059, 783, 1534, 5461, 11899, 6130, 4314, 1943, 3870, 4387, 3615, 3759, 4231, 3496, 3369, 6311, 4430, 1040, 1227, 450, 2259, 493, 1216, 3470, 2237, 681, 4582, 4839, 2059, 8961, 2988, 11952, 7031, 4191, 2851, 5930, 3141, 3908, 4092, 7909, 4683, 8439, 515, 11605, 6404, 6225, 4023, 2766, 1196, 7128, 6778, 2349, 1024, 9947, 1927, 5295, 3130, 8051, 4063, 3894, 608, 7967, 4110, 266, 6376, 4244, 10936, 5085, 3809, 916, 1607, 5871, 4589, 5175, 625, 3168, 556, 2226, 5384, 7356, 375, 4249, 1575, 2401, 7911, 1227, 3047, 2322, 3855, 2339, 6551, 2521, 6913, 1363, 5310, 1937, 1866, 11048, 7994, 6746, 2235, 723, 5723, 80, 3128, 6021, 4626, 1720, 3956, 1267, 4939, 17054, 1246, 953, 774, 3394, 721, 2197, 4747, 1115, 3653, 68, 1863, 1856, 1078, 2038, 4204, 10498, 1571, 3418, 906, 4645, 3588, 5688, 3545, 922, 3265, 6433, 786, 2162, 3255, 2869, 8929, 3289, 3476, 6972, 13144, 2378, 3800, 1482, 2471, 6263, 3136, 6949, 1888, 3628, 11469, 4478, 3152, 7857, 2628, 4071, 2333, 875, 2015, 2310, 817, 915, 2673, 7166, 1074, 5370, 7891, 9721, 702, 3594, 5076, 2939, 2943, 9383, 4948, 1974, 11521, 2405, 3288, 4181, 2971, 4277, 791, 1001, 3521, 5323, 6300, 3752, 3385, 6000, 881, 6355, 1519, 3536, 11, 328, 238, 3227]}, "predict": {"time": 2.409418821334839}}], "integrate": {"time": 66.34990000724792}, "count_recall": {"time": 71.42657542228699}}