{"total_time_consume": 19723.583951950073, "preprocess": {"total_time": 0.11797618865966797}, "classifier": [{"ins_id": 0, "dataset_partition": {"bulid_graph_time": 1179.0648610591888, "save_graph_time": 30.027592658996582, "graph_partition_time": 62.3203706741333, "total_time": 1271.6099381446838, "cluster_number_distribution": [4023, 4002, 3998, 4009, 4021, 3729, 3964, 3921, 4020, 4014, 3877, 422, 4005, 3989, 3765, 4022, 4016, 4023, 3991, 3658, 4004, 2964, 3987, 4023, 4014, 3956, 4021, 4022, 4022, 4008, 4000, 4016, 4024, 4015, 3994, 4021, 3961, 3381, 4008, 4010, 3973, 4022, 4010, 3946, 4003, 3954, 4023, 3991, 4016, 4010, 3948, 4014, 4018, 3994, 4020, 3978, 3495, 3998, 4015, 3974, 4005, 4018, 4023, 4023, 4024, 3966, 3058, 4005, 3832, 4002, 4020, 3984, 4023, 3992, 4024, 3511, 4023, 3933, 4023, 4021, 3952, 4021, 4019, 3897, 4002, 3959, 3931, 3309, 4024, 3974, 3970, 3996, 3972, 3975, 4003, 3949, 3916, 4022, 4003, 4015, 3969, 4020, 4002, 4023, 4023, 4023, 4023, 3965, 3967, 3961, 4016, 4023, 4019, 3947, 4021, 4022, 3903, 3967, 4022, 4004, 2902, 3790, 4010, 4023, 4022, 3842, 4018, 2732, 3742, 4022, 4023, 3978, 4014, 4019, 3415, 3912, 4004, 3611, 4022, 3914, 4016, 4018, 3731, 3998, 4003, 3935, 3867, 3671, 4015, 3760, 3604, 4021, 3984, 3957, 4022, 4022, 4019, 3958, 4024, 3639, 3963, 3998, 4015, 4023, 4007, 3965, 4022, 4016, 4010, 4012, 4004, 4018, 3926, 3781, 4022, 4023, 4017, 3482, 3932, 4022, 4019, 3963, 3975, 3986, 4015, 4011, 4000, 4020, 3993, 4023, 4014, 4015, 3611, 4021, 3980, 4023, 4024, 4019, 4022, 3197, 3988, 4021, 4023, 3896, 3979, 4023, 4023, 2133, 4018, 4023, 3749, 4014, 4023, 3248, 4021, 4023, 4014, 4023, 3833, 4016, 3908, 3994, 3765, 4024, 3992, 4023, 1280, 4023, 3952, 4012, 4024, 4022, 3858, 3984, 4020, 4023, 3974, 3954, 4023, 4022, 4017, 4013, 4013, 3524, 3995, 3709, 4017, 3805, 4005, 3860, 3993, 3979, 4023, 3969, 4020, 3961]}, "prepare_train_sample": {"time": 0.6060376167297363}, "train_eval_model": {"train_intermediate": [{"epoch": 0, "loss": 60.97616982009187, "eval_loss": 56.696671828245506, "train_recall": 0.5879646464646464, "val_recall": 0.6493, "lr": 0.008}, {"epoch": 1, "loss": 58.58500431496182, "eval_loss": 56.235884898748154, "train_recall": 0.6192252525252525, "val_recall": 0.6534, "lr": 0.008}, {"epoch": 2, "loss": 58.12737346488503, "eval_loss": 56.000544046744324, "train_recall": 0.6256919191919192, "val_recall": 0.66, "lr": 0.008}, {"epoch": 3, "loss": 56.74337666383884, "eval_loss": 54.90110758023384, "train_recall": 0.6493848484848485, "val_recall": 0.6847, "lr": 0.0008}, {"epoch": 4, "loss": 56.56178262865134, "eval_loss": 54.775247647212105, "train_recall": 0.6531919191919192, "val_recall": 0.6851, "lr": 0.0008}, {"epoch": 5, "loss": 56.495834897445114, "eval_loss": 54.77249539204133, "train_recall": 0.654059595959596, "val_recall": 0.6872, "lr": 0.0008}, {"epoch": 6, "loss": 56.45363477386377, "eval_loss": 54.72263086759127, "train_recall": 0.655389898989899, "val_recall": 0.6897, "lr": 0.0008}, {"epoch": 7, "loss": 56.33503813897261, "eval_loss": 54.66275869271694, "train_recall": 0.657230303030303, "val_recall": 0.6877, "lr": 8e-05}, {"epoch": 8, "loss": 56.32504734757314, "eval_loss": 54.62725349572989, "train_recall": 0.6575161616161617, "val_recall": 0.6879, "lr": 8e-05}, {"epoch": 9, "loss": 56.32168695847057, "eval_loss": 54.674647820301544, "train_recall": 0.6578363636363637, "val_recall": 0.6909, "lr": 8e-05}, {"epoch": 10, "loss": 56.30782282418339, "eval_loss": 54.64223057184464, "train_recall": 0.6576525252525253, "val_recall": 0.6884, "lr": 8e-05}, {"epoch": 11, "loss": 56.3044228453124, "eval_loss": 54.6696576216282, "train_recall": 0.6583989898989899, "val_recall": 0.6878, "lr": 8e-05}], "train_total": {"correct": 651815, "final_recall": 0.6583989898989899}, "training_time": 3419.619202852249, "eval_time": 0.0069653987884521484}}, {"ins_id": 1, "dataset_partition": {"bulid_graph_time": 1276.8207182884216, "save_graph_time": 29.563071727752686, "graph_partition_time": 61.71938633918762, "total_time": 1368.2831840515137, "cluster_number_distribution": [3817, 4024, 2671, 4022, 3884, 4011, 4015, 4022, 4023, 4023, 4022, 1908, 3264, 3798, 4023, 4018, 4017, 3801, 4023, 3945, 4020, 2685, 4020, 3860, 4017, 4022, 4012, 3959, 4018, 3745, 3860, 4024, 4018, 4023, 4023, 4021, 3942, 4023, 4012, 3881, 4023, 4023, 4022, 3808, 3958, 4016, 3995, 4004, 4023, 3815, 3999, 3995, 4023, 4022, 3915, 3246, 4022, 4020, 4023, 4023, 4023, 4005, 3981, 3940, 4023, 4024, 3797, 4017, 3265, 3874, 4016, 4023, 4009, 3990, 4006, 3881, 4017, 4006, 4023, 4020, 3957, 3996, 4012, 3916, 3977, 3998, 4020, 4014, 4021, 4020, 4005, 4002, 4023, 4023, 4020, 3896, 4022, 4022, 3949, 3961, 4023, 3997, 4022, 3841, 4008, 4022, 4023, 4019, 3969, 3840, 3959, 4011, 4021, 4022, 4017, 4022, 4023, 3875, 4022, 3992, 4021, 1639, 4021, 3221, 4020, 4022, 4024, 4019, 3975, 4013, 4015, 4004, 4023, 4009, 3279, 3787, 4021, 3125, 4021, 4023, 4019, 4021, 4024, 4019, 4005, 4018, 4020, 4015, 3962, 2908, 4019, 4023, 4023, 4024, 4020, 3568, 3727, 4023, 4023, 4023, 3901, 4018, 4023, 3984, 4023, 3111, 3974, 4020, 4023, 4014, 4020, 4023, 4015, 4004, 4013, 3727, 4014, 4023, 4020, 3982, 4021, 4024, 3991, 4021, 3921, 4018, 4022, 4021, 4023, 4023, 4008, 3597, 4012, 4023, 4003, 4022, 4021, 4007, 3993, 3910, 4018, 4008, 3906, 4020, 3894, 4022, 4021, 4006, 3834, 4019, 3378, 4016, 4024, 4022, 4002, 4023, 4022, 3183, 4023, 4022, 4024, 3222, 3966, 3902, 4020, 4021, 4020, 3912, 4023, 1831, 3733, 3963, 4019, 3167, 4010, 4024, 3976, 3926, 3945, 3983, 3973, 4012, 4023, 3311, 3900, 4022, 3941, 4023, 3763, 4019, 4016, 3963, 3489, 4023, 3975, 4005]}, "prepare_train_sample": {"time": 0.5094125270843506}, "train_eval_model": {"train_intermediate": [{"epoch": 0, "loss": 60.52714565726054, "eval_loss": 56.358951470790764, "train_recall": 0.5972808080808081, "val_recall": 0.6547, "lr": 0.008}, {"epoch": 1, "loss": 58.16579043295302, "eval_loss": 55.86750506132077, "train_recall": 0.6281505050505051, "val_recall": 0.6601, "lr": 0.008}, {"epoch": 2, "loss": 57.71673861211768, "eval_loss": 55.505285617632744, "train_recall": 0.6344989898989899, "val_recall": 0.6609, "lr": 0.008}, {"epoch": 3, "loss": 56.34065277938579, "eval_loss": 54.51997635914729, "train_recall": 0.6591646464646465, "val_recall": 0.6906, "lr": 0.0008}, {"epoch": 4, "loss": 56.18606181313797, "eval_loss": 54.467874954908325, "train_recall": 0.6622393939393939, "val_recall": 0.6933, "lr": 0.0008}, {"epoch": 5, "loss": 56.10839214905103, "eval_loss": 54.44051703428611, "train_recall": 0.663729292929293, "val_recall": 0.6912, "lr": 0.0008}, {"epoch": 6, "loss": 56.072949431402385, "eval_loss": 54.345360682560845, "train_recall": 0.6643545454545454, "val_recall": 0.6938, "lr": 0.0008}, {"epoch": 7, "loss": 55.94773519281526, "eval_loss": 54.31326584938245, "train_recall": 0.6670292929292929, "val_recall": 0.6948, "lr": 8e-05}, {"epoch": 8, "loss": 55.93270518373849, "eval_loss": 54.302247084104096, "train_recall": 0.6667252525252525, "val_recall": 0.6926, "lr": 8e-05}, {"epoch": 9, "loss": 55.93373875226949, "eval_loss": 54.31241143055451, "train_recall": 0.6672464646464646, "val_recall": 0.6949, "lr": 8e-05}, {"epoch": 10, "loss": 55.92337597221426, "eval_loss": 54.30477400315114, "train_recall": 0.6676565656565656, "val_recall": 0.6947, "lr": 8e-05}, {"epoch": 11, "loss": 55.920705696212245, "eval_loss": 54.291258017222084, "train_recall": 0.6673242424242424, "val_recall": 0.6957, "lr": 8e-05}], "train_total": {"correct": 660651, "final_recall": 0.6673242424242424}, "training_time": 3446.8365712165833, "eval_time": 0.025944948196411133}}, {"ins_id": 2, "dataset_partition": {"bulid_graph_time": 1347.0201578140259, "save_graph_time": 32.595130920410156, "graph_partition_time": 64.9393572807312, "total_time": 1444.7526087760925,