{"total_time_consume": 10175.721467256546, "preprocess": {"kmeans_time": 9492.331509113312, "random_projection": 2.504509449005127, "total_time": 9494.955518722534}, "classifier": [{"ins_id": 1, "dataset_partition": {"time": 132.46491050720215, "cluster_number_distribution": [8739, 6328, 492, 2285, 3351, 2312, 2413, 5001, 6396, 9517, 1174, 1035, 7639, 1831, 2420, 958, 9099, 3516, 2314, 1812, 2103, 8735, 8879, 7566, 1273, 7371, 5225, 3797, 10840, 1186, 7887, 3285, 2327, 2309, 8029, 1623, 3172, 1537, 1864, 1332, 604, 2972, 9416, 1498, 2108, 12240, 1610, 583, 2822, 2332, 14397, 6643, 2038, 1546, 2176, 1984, 1024, 2446, 2339, 3582, 1891, 5092, 1762, 3778, 7405, 2134, 2589, 3326, 6276, 6410, 3757, 1449, 2645, 2145, 7898, 2412, 3510, 4491, 2227, 4672, 6629, 3163, 13060, 8062, 2505, 2973, 1764, 4279, 5311, 3166, 3041, 2677, 764, 534, 1504, 1916, 749, 707, 2554, 2757, 6130, 888, 529, 600, 2793, 4765, 4166, 16039, 4125, 4135, 592, 1330, 3634, 1967, 2145, 1634, 2846, 2274, 3713, 7480, 2134, 2604, 5078, 3348, 3679, 2117, 2628, 2597, 17001, 2808, 4451, 2758, 3412, 2552, 2585, 5097, 1408, 5606, 4451, 615, 3560, 524, 1934, 1380, 883, 3595, 4315, 4206, 1452, 1205, 1461, 1693, 7977, 1822, 2438, 3464, 8397, 4410, 1328, 2060, 5174, 4620, 9035, 7329, 21068, 2129, 10455, 1854, 3495, 5306, 2360, 4424, 5056, 2204, 11253, 3513, 1676, 5623, 3138, 2005, 4539, 8190, 2586, 5057, 1898, 1932, 5569, 3059, 10598, 590, 3618, 2276, 892, 1280, 2960, 4109, 2152, 3279, 1771, 3032, 2149, 1406, 1651, 4983, 8029, 856, 9778, 1486, 3091, 2434, 3856, 10135, 3628, 7190, 6622, 3885, 3097, 2922, 4351, 2567, 1098, 2362, 5780, 6095, 7592, 9325, 5951, 6149, 2064, 818, 9245, 1524, 1473, 3335, 992, 3035, 641, 3609, 3667, 13328, 2869, 4306, 2692, 3351, 6296, 3362, 1583, 2421, 3236, 2034, 882, 4967, 8275, 2887, 2489, 913]}, "predict": {"time": 1.336698055267334}}, {"ins_id": 2, "dataset_partition": {"time": 139.13453316688538, "cluster_number_distribution": [9715, 3689, 3877, 4408, 4800, 1879, 1476, 1939, 3037, 4593, 1067, 5188, 7142, 3113, 1749, 2641, 2494, 3173, 7946, 3663, 1705, 434, 2657, 4583, 4417, 4363, 4169, 899, 3036, 17920, 10847, 1700, 1522, 2632, 7561, 2259, 8839, 1235, 2664, 2319, 5394, 2716, 1558, 5978, 3823, 10997, 2785, 7345, 4922, 5158, 2338, 2053, 3798, 2000, 4827, 1445, 2122, 3645, 17718, 2450, 1741, 4030, 2649, 4308, 3201, 12739, 2401, 8288, 2608, 1903, 2555, 6841, 4012, 12036, 1372, 1453, 4819, 5086, 6887, 2689, 1111, 1386, 1565, 13974, 3414, 3744, 3225, 6051, 2861, 5366, 1141, 3688, 12831, 1059, 2403, 7330, 5139, 4422, 3173, 2731, 3815, 3341, 2383, 4084, 6744, 859, 2808, 5786, 3517, 8450, 3177, 1204, 7354, 3828, 10752, 6512, 3463, 2644, 2171, 7775, 2090, 3929, 2071, 2430, 3947, 945, 11161, 5938, 10787, 3830, 6715, 3232, 2704, 4038, 4926, 1867, 3538, 2993, 2240, 3253, 1026, 4113, 5708, 2857, 3645, 3477, 3734, 1817, 2821, 1733, 4650, 2979, 2150, 3022, 6224, 1986, 2583, 3452, 3995, 1379, 672, 2518, 2017, 1587, 3546, 3307, 2864, 3015, 2588, 2235, 3439, 4365, 2060, 1072, 5647, 2518, 2773, 4422, 10548, 3155, 801, 3000, 226, 2396, 4240, 3747, 1455, 1659, 2756, 844, 479, 6497, 4401, 4305, 3591, 4858, 1683, 2397, 3606, 1360, 1740, 5759, 3350, 1207, 943, 1427, 1821, 1640, 7362, 1530, 374, 2627, 1437, 2557, 3557, 3310, 2063, 6257, 4906, 6042, 2953, 3026, 3597, 3251, 4026, 2785, 12098, 1431, 1352, 3903, 1780, 1746, 1589, 5582, 1585, 1895, 11994, 4575, 4704, 2828, 2381, 7626, 5347, 3749, 6413, 3317, 1993, 2088, 655, 12696, 387, 1651, 2114, 1194, 5622, 16203]}, "predict": {"time": 1.3576233386993408}}, {"ins_id": 3, "dataset_partition": {"time": 129.4946641921997, "cluster_number_distribution": [2077, 6361, 5178, 7358, 5430, 1912, 7185, 1209, 1612, 1964, 7221, 5203, 7243, 3678, 10585, 8365, 2605, 6421, 8525, 3837, 5337, 2739, 3050, 1690, 1532, 2578, 6365, 2234, 6831, 9354, 6467, 620, 2012, 6703, 3262, 12481, 4127, 3503, 2440, 8265, 2057, 2510, 3012, 2911, 1576, 6130, 6131, 3931, 1153, 1852, 2156, 1683, 2679, 3065, 3406, 2643, 4311, 3790, 1114, 4053, 2683, 1567, 3651, 6196, 1325, 5449, 3625, 4576, 1506, 4695, 6962, 4339, 1011, 2031, 2836, 6656, 7436, 2249, 2701, 1793, 1746, 3257, 6705, 576, 3546, 1813, 3654, 4885, 1005, 7498, 2077, 11209, 1673, 3806, 1628, 3948, 3362, 1365, 9617, 10092, 5714, 1388, 1450, 2529, 4303, 3704, 1519, 4804, 4161, 4174, 1515, 6582, 4061, 4580, 937, 1467, 2322, 4871, 972, 3082, 1492, 3217, 2413, 877, 4157, 879, 3071, 7538, 1032, 4673, 1958, 2658, 2383, 3200, 1769, 2477, 1807, 5535, 2584, 11702, 8697, 6807, 1006, 1802, 3735, 15368, 1337, 1829, 2323, 3644, 988, 3366, 2307, 4511, 1222, 1566, 942, 10680, 11076, 2766, 4595, 4003, 10303, 3226, 10243, 2547, 4493, 5494, 9087, 6395, 5425, 1549, 2296, 2976, 9843, 3205, 1499, 2068, 2937, 5398, 10729, 7820, 5129, 4647, 1583, 8591, 844, 1952, 1953, 4601, 4941, 3797, 2141, 5069, 4405, 3553, 3131, 1513, 5443, 1222, 878, 2698, 3444, 4141, 4884, 897, 2864, 1635, 1524, 1421, 1811, 2015, 3231, 5949, 1121, 3958, 7321, 12403, 2213, 2246, 1316, 3680, 4844, 1160, 2337, 4545, 2699, 3679, 3671, 1988, 1314, 1257, 2590, 5220, 5326, 1888, 1976, 8488, 4132, 8151, 3018, 1483, 1622, 5669, 2852, 6146, 1329, 5741, 4429, 5454, 1919, 4072, 1298, 4046, 3674, 1687]}, "predict": {"time": 1.3359920978546143}}, {"ins_id": 4, "dataset_partition": {"time": 132.2356367111206, "cluster_number_distribution": [3614, 2810, 7608, 3236, 3462, 2017, 6539, 5451, 7865, 7643, 1956, 1906, 3147, 4007, 1870, 706, 4975, 851, 3306, 3470, 1192, 959, 12690, 6739, 1317, 3285, 2707, 1631, 4498, 5602, 2641, 3569, 2973, 3617, 2136, 3966, 7705, 2777, 2566, 5282, 4311, 4374, 5870, 2563, 3953, 3562, 456, 3191, 4493, 10136, 1615, 3170, 6700, 2359, 5274, 2026, 5281, 2320, 766, 1287, 998, 4475, 8365, 2903, 1732, 3779, 3774, 1722, 3204, 7829, 3283, 4959, 2416, 1627, 2730, 2673, 2855, 4432, 1880, 2373, 2074, 2182, 858, 3027, 3717, 1463, 3482, 1070, 5337, 1754, 317, 745, 4257, 2146, 1644, 1321, 1486, 6491, 14442, 6454, 3550, 3167, 1356, 5755, 2600, 4484, 1065, 3465, 8693, 1971, 1962, 2869, 463, 2192, 6866, 4395, 1164, 1008, 1452, 4695, 2509, 1847, 1953, 2803, 8220, 2522, 1933, 1447, 10088, 5470, 4262, 5565, 3468, 5915, 2316, 2652, 3184, 2009, 4027, 1923, 5732, 2317, 3128, 6713, 6678, 3297, 1734, 2505, 1636, 6251, 3787, 2026, 5200, 5462, 1858, 564, 2525, 453, 2108, 988, 2155, 3819, 8400, 2435, 3309, 3394, 4412, 4709, 4964, 4155, 7202, 4850, 14614, 16661, 3667, 4299, 5054, 3900, 5779, 10126, 2051, 7633, 11424, 3559, 1673, 2349, 616, 3211, 2284, 7670, 7376, 4032, 5247, 5987, 5789, 4408, 2877, 1361, 8851, 3754, 5479, 4096, 1664, 3199, 6779, 5514, 4621, 2118, 2800, 2313, 3302, 13470, 1038, 2850, 1756, 1219, 7838, 4477, 8187, 5448, 1078, 1548, 1544, 5424, 9483, 7516, 1390, 6186, 2189, 5166, 1192, 2553, 3036, 14098, 3712, 3131, 4537, 1961, 1101, 4468, 838, 2679, 602, 5314, 1777, 877, 1966, 3057, 4271, 1879, 3150, 3070, 7901, 12865, 2473, 5223]}, "predict": {"time": 1.3379828929901123}}], "integrate": {"time": 72.46557712554932}, "count_recall": {"time": 68.85089302062988}}