{"total_time_consume": 1339.7445516586304, "preprocess": {"total_time": 0.5922183990478516}, "classifier": [{"ins_id": 1, "dataset_partition": {"time": 2.0490334033966064, "cluster_number_distribution": [282920, 289518, 91496, 3666, 6, 0, 0, 0, 0, 0, 0, 0, 0, 282, 42305, 289807]}, "predict": {"time": 0.007029056549072266}}, {"ins_id": 2, "dataset_partition": {"time": 2.320376396179199, "cluster_number_distribution": [141816, 2829, 1, 0, 0, 0, 0, 0, 0, 0, 0, 0, 50, 15352, 300031, 539921]}, "predict": {"time": 0.011603116989135742}}, {"ins_id": 3, "dataset_partition": {"time": 6.539065837860107, "cluster_number_distribution": [246825, 58163, 511, 0, 0, 0, 0, 0, 0, 0, 0, 0, 405, 38242, 302151, 353703]}, "predict": {"time": 0.0012161731719970703}}, {"ins_id": 4, "dataset_partition": {"time": 5.041079044342041, "cluster_number_distribution": [412775, 388545, 41576, 115, 0, 0, 0, 0, 0, 0, 0, 0, 0, 83, 9582, 147324]}, "predict": {"time": 0.030854463577270508}}], "integrate": {"time": 1178.4339156150818}, "count_recall": {"time": 126.55381083488464}}