{"total_time_consume": 17836.455397605896, "preprocess": {"total_time": 0.11397147178649902}, "classifier": [{"ins_id": 0, "dataset_partition": {"bulid_graph_time": 74.12118291854858, "save_graph_time": 44.497639417648315, "graph_partition_time": 76.06231641769409, "total_time": 194.87242150306702, "cluster_number_distribution": [4023, 4022, 3983, 4012, 4004, 3908, 4022, 3816, 4024, 3923, 3973, 3843, 4024, 3815, 3861, 3960, 4022, 3573, 3978, 3886, 4020, 3881, 3994, 4011, 4022, 4020, 3988, 3739, 3968, 4022, 3916, 3944, 4023, 2420, 3894, 3829, 4003, 4022, 4024, 3942, 4023, 4022, 3592, 3915, 4020, 3898, 3945, 3999, 4023, 4024, 4024, 4019, 4011, 4024, 3898, 3965, 4024, 4024, 3984, 3940, 3890, 3512, 3938, 4023, 4024, 3999, 3980, 4016, 4024, 4021, 3899, 3892, 4024, 3951, 3415, 4023, 3938, 4023, 4017, 4022, 4019, 4020, 4023, 3998, 3533, 4003, 3992, 3943, 3897, 4024, 4024, 3863, 4011, 3882, 3961, 4023, 4023, 4024, 3819, 3946, 4023, 4024, 4024, 3940, 4023, 3927, 4023, 3801, 3870, 4024, 3261, 4023, 4024, 4020, 3964, 3784, 3731, 4020, 4022, 4023, 3950, 1476, 4022, 4024, 3959, 3927, 3726, 3863, 4023, 4024, 3909, 4022, 3912, 3851, 4023, 4017, 4006, 4022, 3962, 4024, 4024, 2409, 4024, 3923, 4016, 3891, 3876, 4013, 4015, 3921, 4024, 4024, 3792, 4022, 4024, 3967, 4024, 3945, 3994, 3873, 4003, 3946, 4016, 4017, 3993, 4023, 3917, 4023, 3931, 3939, 4024, 3980, 4024, 3962, 4023, 3991, 4022, 4013, 4024, 4023, 4023, 4023, 4023, 4015, 4024, 3789, 3970, 3967, 4023, 3976, 3970, 3969, 3500, 3722, 3991, 4023, 4023, 4023, 3730, 3962, 3739, 4003, 3892, 4023, 4024, 3954, 4018, 4022, 4023, 3973, 4024, 4023, 4024, 4024, 4024, 4023, 4023, 4024, 657, 4024, 4024, 4023, 4024, 4022, 4017, 1191, 4023, 4023, 3855, 3909, 4023, 4023, 3846, 3761, 4018, 3933, 4023, 3925, 3734, 3737, 4005, 3939, 4024, 3986, 4023, 3996, 3834, 3734, 3897, 3869, 4002, 3442, 3680, 3927, 3822, 4024]}, "prepare_train_sample": {"time": 0.5225505828857422}, "train_eval_model": {"train_intermediate": [{"epoch": 0, "loss": 55.773798103503914, "eval_loss": 51.68640996248294, "train_recall": 0.6620212121212121, "val_recall": 0.7169, "lr": 0.008}, {"epoch": 1, "loss": 53.474391533430875, "eval_loss": 51.298726301926834, "train_recall": 0.6929757575757576, "val_recall": 0.7266, "lr": 0.008}, {"epoch": 2, "loss": 53.11022701769596, "eval_loss": 51.114007350726006, "train_recall": 0.6997343434343435, "val_recall": 0.7307, "lr": 0.008}, {"epoch": 3, "loss": 51.35301916872935, "eval_loss": 49.731322166247246, "train_recall": 0.7329474747474748, "val_recall": 0.7577, "lr": 0.0008}, {"epoch": 4, "loss": 51.08839555845104, "eval_loss": 49.64664059418898, "train_recall": 0.7386010101010101, "val_recall": 0.76, "lr": 0.0008}, {"epoch": 5, "loss": 50.9752407509859, "eval_loss": 49.582811905787544, "train_recall": 0.7411070707070707, "val_recall": 0.7618, "lr": 0.0008}, {"epoch": 6, "loss": 50.90584027929405, "eval_loss": 49.50381665352063, "train_recall": 0.7427515151515152, "val_recall": 0.7638, "lr": 0.0008}, {"epoch": 7, "loss": 50.75918417472924, "eval_loss": 49.48104733687181, "train_recall": 0.746130303030303, "val_recall": 0.7631, "lr": 8e-05}, {"epoch": 8, "loss": 50.74302387370102, "eval_loss": 49.44036645155687, "train_recall": 0.7464141414141414, "val_recall": 0.7653, "lr": 8e-05}, {"epoch": 9, "loss": 50.72735204455285, "eval_loss": 49.4424291635171, "train_recall": 0.7466060606060606, "val_recall": 0.764, "lr": 8e-05}, {"epoch": 10, "loss": 50.72240802488565, "eval_loss": 49.43508565120208, "train_recall": 0.7468030303030303, "val_recall": 0.768, "lr": 8e-05}, {"epoch": 11, "loss": 50.71664900797757, "eval_loss": 49.42844931284586, "train_recall": 0.7470424242424243, "val_recall": 0.7665, "lr": 8e-05}], "train_total": {"correct": 739572, "final_recall": 0.7470424242424243}, "training_time": 4182.909891605377, "eval_time": 0.013942956924438477}}, {"ins_id": 1, "dataset_partition": {"bulid_graph_time": 65.35153818130493, "save_graph_time": 49.399826526641846, "graph_partition_time": 77.15933632850647, "total_time": 192.10629606246948, "cluster_number_distribution": [3963, 4015, 3994, 3975, 3998, 4024, 3840, 4024, 4023, 4024, 3727, 3962, 3789, 4024, 4023, 3889, 4011, 4024, 3962, 4023, 4024, 3840, 3967, 1726, 3928, 3946, 3741, 3984, 3945, 3905, 4021, 4023, 4023, 4024, 4024, 4024, 4024, 3369, 4024, 4022, 3964, 4024, 4014, 3794, 3802, 4016, 4024, 3983, 3986, 3807, 4024, 3987, 3896, 3974, 3974, 3816, 3846, 3992, 4020, 4008, 3957, 4009, 3950, 4019, 4024, 3733, 4023, 3926, 4024, 4021, 4023, 3959, 2298, 3906, 4023, 4020, 4023, 4024, 4024, 4015, 3950, 3941, 696, 4023, 4024, 4021, 4022, 4024, 4022, 3941, 2901, 4024, 4022, 3942, 4023, 4024, 3144, 4022, 4024, 4014, 3974, 3981, 4024, 3991, 4024, 4023, 4024, 4014, 4022, 4023, 4023, 3853, 4019, 4024, 4019, 4018, 4020, 4022, 4023, 3961, 3946, 3834, 4002, 4023, 4017, 4024, 4008, 4024, 4024, 4023, 4024, 3735, 3841, 4023, 4023, 4014, 4023, 4023, 3947, 4023, 3726, 4021, 3933, 4024, 4007, 4024, 4024, 4023, 4024, 4005, 4023, 4024, 4023, 4001, 3934, 3863, 4023, 3811, 3936, 3837, 4023, 4022, 3721, 4024, 4024, 2095, 4023, 4023, 4024, 4020, 4024, 3972, 3808, 3794, 4023, 4023, 4023, 4005, 4024, 3726, 4023, 4023, 4014, 4024, 3989, 4023, 4024, 4022, 4024, 3799, 4022, 4024, 4008, 4024, 4024, 1098, 4021, 3755, 3991, 4021, 3996, 3978, 4024, 4024, 4023, 3898, 4010, 3344, 4024, 4024, 4018, 4023, 3924, 4014, 2626, 3745, 3988, 3920, 3979, 3983, 3909, 3748, 4024, 3043, 3983, 4018, 3975, 3995, 3976, 3767, 4021, 4012, 3854, 3826, 4024, 3790, 3722, 4024, 4024, 3935, 4024, 3981, 3950, 4015, 3849, 4024, 4012, 3740, 4022, 4024, 4017, 4023, 4024, 4024, 4023, 4016]}, "prepare_train_sample": {"time": 0.7892138957977295}, "train_eval_model": {"train_intermediate": [{"epoch": 0, "loss": 63.827379887786144, "eval_loss": 59.87905265123416, "train_recall": 0.5833727272727273, "val_recall": 0.6352, "lr": 0.008}, {"epoch": 1, "loss": 61.71173753796049, "eval_loss": 59.715010484059654, "train_recall": 0.6082666666666666, "val_recall": 0.6386, "lr": 0.008}, {"epoch": 2, "loss": 61.39353672425494, "eval_loss": 59.28551017321073, "train_recall": 0.6129333333333333, "val_recall": 0.6428, "lr": 0.008}, {"epoch": 3, "loss": 59.661434449294724, "eval_loss": 57.94126448264489, "train_recall": 0.6431060606060606, "val_recall": 0.6699, "lr": 0.0008}, {"epoch": 4, "loss": 59.40645473951374, "eval_loss": 57.81134370657114, "train_recall": 0.6482787878787879, "val_recall": 0.6744, "lr": 0.0008}, {"epoch": 5, "loss": 59.3074952834031, "eval_loss": 57.77888436195178, "train_recall": 0.6498393939393939, "val_recall": 0.6723, "lr": 0.0008}, {"epoch": 6, "loss": 59.2425005990124, "eval_loss": 57.70671822474553, "train_recall": 0.6507777777777778, "val_recall": 0.6693, "lr": 0.0008}, {"epoch": 7, "loss": 59.09108181661289, "eval_loss": 57.645622326777534, "train_recall": 0.6544444444444445, "val_recall": 0.6745, "lr": 8e-05}, {"epoch": 8, "loss": 59.069249048543455, "eval_loss": 57.641512332818444, "train_recall": 0.6543888888888889, "val_recall": 0.6762, "lr": 8e-05}, {"epoch": 9, "loss": 59.06602077050712, "eval_loss": 57.65662979468321, "train_recall": 0.6549151515151516, "val_recall": 0.6751, "lr": 8e-05}, {"epoch": 10, "loss": 59.06366756000365, "eval_loss": 57.6157406048897, "train_recall": 0.6546353535353535, "val_recall": 0.6749, "lr": 8e-05}, {"epoch": 11, "loss": 59.05121244926291, "eval_loss": 57.64159048520602, "train_recall": 0.6551030303030303, "val_recall": 0.6747, "lr": 8e-05}], "train_total": {"correct": 648552, "final_recall": 0.6551030303030303}, "training_time": 4232.569586515427, "eval_time": 0.02896285057067871}}, {"ins_id": 2, "dataset_partition": {"bulid_graph_time": 71.7393274307251, "save_graph_time": 45.68107485771179, "graph_partition_time": 46.60242176055908, "total_time": 164.21669220924377,