{"total_time_consume": 16652.213656187057, "preprocess": {"total_time": 0.21254348754882812}, "classifier": [{"ins_id": 0, "dataset_partition": {"bulid_graph_time": 984.9375948905945, "save_graph_time": 26.581323623657227, "graph_partition_time": 82.75380110740662, "total_time": 1094.427044391632, "cluster_number_distribution": [3852, 4012, 4013, 4016, 4013, 4016, 4014, 4012, 4013, 4012, 1454, 4015, 4014, 4009, 4012, 1774, 4012, 4013, 4014, 4015, 4011, 4014, 4012, 4012, 4013, 4010, 4015, 4014, 4012, 4013, 4013, 4012, 4012, 4010, 4013, 4015, 4018, 4011, 4013, 4011, 4012, 4015, 4012, 4013, 4015, 4012, 4017, 4014, 3645, 4015, 4011, 4015, 4010, 4013, 4013, 4011, 4011, 4015, 4017, 4013, 4020, 4014, 4012, 4013, 4014, 4014, 4016, 4012, 4014, 4014, 4015, 4012, 4012, 4012, 4015, 4012, 4012, 4012, 4012, 4011, 342, 4015, 4012, 4012, 4012, 4010, 4010, 4008, 4014, 4012, 4013, 4010, 4012, 4014, 4019, 4014, 4012, 4010, 4014, 4010, 4012, 4020, 4012, 2003, 4014, 3628, 4015, 4017, 4012, 4015, 4012, 4012, 4013, 4013, 4013, 4014, 4013, 4014, 4012, 4010, 0, 4009, 4017, 4011, 4006, 4012, 4014, 4013, 4012, 3890, 4012, 4010, 4033, 4035, 4035, 4035, 4034, 4037, 4035, 4034, 4036, 4035, 4035, 4035, 4034, 4035, 4035, 4038, 4037, 4024, 4036, 4036, 4039, 4038, 4037, 4039, 4033, 4034, 4038, 4035, 4036, 4035, 4035, 4035, 4036, 4035, 4036, 4035, 4035, 4035, 4036, 4039, 4034, 4032, 4035, 4036, 4034, 3901, 4035, 4039, 4036, 4034, 4043, 2633, 4035, 4036, 4035, 4038, 4034, 4032, 4037, 4036, 4034, 1739, 3151, 3755, 2820, 4034, 4035, 0, 4036, 4035, 4037, 4035, 4036, 4038, 4035, 4035, 4035, 4035, 4032, 4036, 4035, 4039, 4036, 4035, 4036, 233, 4035, 4035, 4035, 4035, 4031, 4035, 4036, 4036, 4036, 4036, 4035, 3953, 3799, 4037, 4035, 4035, 4034, 4034, 4035, 4040, 4031, 4034, 4032, 4035, 4036, 4036, 4035, 4038, 4036, 4038, 4032, 4031, 4034, 4035, 4037, 4036, 4036, 3843]}, "prepare_train_sample": {"time": 0.48703932762145996}, "train_eval_model": {"train_config": {"model_name": "one_block_2048_dim", "lr": 0.004, "n_epochs": 12, "milestones": [3, 7]}, "train_intermediate": [{"epoch": 0, "loss": 62.004142889961244, "eval_loss": 48.90129645665487, "train_recall": 0.6233040404040404, "val_recall": 0.73, "lr": 0.004}, {"epoch": 1, "loss": 59.46724416240368, "eval_loss": 48.39304082821577, "train_recall": 0.6633020202020202, "val_recall": 0.7354, "lr": 0.004}, {"epoch": 2, "loss": 58.99628531976373, "eval_loss": 48.17139747815254, "train_recall": 0.6727212121212122, "val_recall": 0.7498, "lr": 0.004}, {"epoch": 3, "loss": 57.74643249750931, "eval_loss": 47.27265705817785, "train_recall": 0.7009717171717171, "val_recall": 0.7699, "lr": 0.0004}, {"epoch": 4, "loss": 57.57079230289821, "eval_loss": 47.2490498713958, "train_recall": 0.7045050505050505, "val_recall": 0.7711, "lr": 0.0004}, {"epoch": 5, "loss": 57.49798394266781, "eval_loss": 47.15437439771799, "train_recall": 0.7057868686868687, "val_recall": 0.7717, "lr": 0.0004}, {"epoch": 6, "loss": 57.44147870606664, "eval_loss": 47.07274751785474, "train_recall": 0.7074969696969697, "val_recall": 0.7704, "lr": 0.0004}, {"epoch": 7, "loss": 57.3308067452481, "eval_loss": 47.00210481423598, "train_recall": 0.7105555555555556, "val_recall": 0.7761, "lr": 4e-05}, {"epoch": 8, "loss": 57.31024511033764, "eval_loss": 47.0418750383915, "train_recall": 0.7105292929292929, "val_recall": 0.7762, "lr": 4e-05}, {"epoch": 9, "loss": 57.30111798824882, "eval_loss": 46.983373421889084, "train_recall": 0.7108747474747474, "val_recall": 0.7774, "lr": 4e-05}, {"epoch": 10, "loss": 57.29334987681442, "eval_loss": 47.10747805619851, "train_recall": 0.7115747474747475, "val_recall": 0.7754, "lr": 4e-05}, {"epoch": 11, "loss": 57.29421729078489, "eval_loss": 46.97443473033416, "train_recall": 0.7115787878787879, "val_recall": 0.7774, "lr": 4e-05}], "train_total": {"correct": 704463, "final_recall": 0.7115787878787879}, "training_time": 2806.943276643753, "eval_time": 0.0072972774505615234}}, {"ins_id": 1, "dataset_partition": {"bulid_graph_time": 1467.949474811554, "save_graph_time": 30.80342197418213, "graph_partition_time": 84.53456377983093, "total_time": 1583.4457919597626, "cluster_number_distribution": [4036, 4037, 4037, 4040, 3803, 4036, 4035, 4035, 4029, 4036, 4036, 0, 4034, 4038, 4035, 4038, 4038, 4037, 4040, 4035, 4036, 4036, 2554, 4034, 4031, 4035, 4035, 4038, 4035, 3418, 4037, 4038, 1431, 4036, 4034, 4035, 4035, 4035, 4038, 4036, 4035, 4037, 4039, 4042, 4035, 4037, 4037, 4036, 4034, 4035, 4034, 4036, 3654, 4036, 4044, 4036, 4035, 4035, 4035, 4035, 4036, 4038, 4036, 4036, 4034, 4035, 4035, 4036, 3687, 4035, 4035, 4031, 4028, 4041, 4035, 4036, 4034, 4036, 4039, 4034, 4033, 4038, 4038, 3987, 3201, 3879, 4035, 4035, 4035, 4034, 4040, 4037, 4034, 4037, 4037, 4035, 4036, 4034, 4037, 4035, 4031, 4034, 4035, 4038, 4034, 179, 4029, 4035, 4035, 4035, 4035, 4034, 4035, 4037, 4035, 4035, 4035, 4038, 4035, 4031, 4036, 4035, 4037, 4034, 4016, 4015, 4013, 4011, 4012, 3754, 4012, 4013, 2910, 4014, 2755, 4015, 4013, 4013, 4013, 4012, 4014, 4013, 4013, 4011, 4016, 4014, 4016, 4012, 4012, 4012, 4012, 4015, 4008, 4012, 4011, 4014, 4013, 4012, 4013, 4011, 1060, 4012, 4014, 4012, 4015, 4012, 4017, 4014, 4013, 4014, 4012, 768, 4013, 4011, 4015, 4011, 4011, 4014, 4012, 4013, 4013, 4013, 4012, 4013, 4013, 4015, 4011, 4017, 4017, 4012, 4011, 4014, 4012, 2901, 4017, 4007, 4004, 4014, 4011, 4012, 4011, 4012, 4010, 4012, 4012, 4009, 4011, 4012, 4013, 4012, 4012, 4010, 4013, 4012, 4016, 4012, 4013, 4012, 4013, 4012, 4012, 4013, 4014, 4012, 4018, 4014, 4007, 4011, 4011, 4014, 4012, 4012, 4013, 4014, 4012, 4014, 4009, 4012, 4012, 4013, 4014, 4012, 4012, 4017, 1699, 1735, 4012, 4012, 4012, 4017, 4013, 3031, 4018, 4012, 4016, 4013]}, "prepare_train_sample": {"time": 0.9123392105102539}, "train_eval_model": {"train_config": {"model_name": "one_block_2048_dim", "lr": 0.004, "n_epochs": 12, "milestones": [3, 7]}, "train_intermediate": [{"epoch": 0, "loss": 62.3401549134885, "eval_loss": 48.95979612301557, "train_recall": 0.6204747474747475, "val_recall": 0.7229, "lr": 0.004}, {"epoch": 1, "loss": 59.767546760437504, "eval_loss": 48.477735103704994, "train_recall": 0.6607626262626263, "val_recall": 0.7358, "lr": 0.004}, {"epoch": 2, "loss": 59.29675405176608, "eval_loss": 48.31700801849365, "train_recall": 0.6699878787878788, "val_recall": 0.743, "lr": 0.004}, {"epoch": 3, "loss": 58.01685650923498, "eval_loss": 47.42572119908455, "train_recall": 0.6985808080808081, "val_recall": 0.7677, "lr": 0.0004}, {"epoch": 4, "loss": 57.84011589080133, "eval_loss": 47.38751217035147, "train_recall": 0.7025040404040404, "val_recall": 0.7673, "lr": 0.0004}, {"epoch": 5, "loss": 57.76357753963404, "eval_loss": 47.29684981933007, "train_recall": 0.7041040404040404, "val_recall": 0.7696, "lr": 0.0004}, {"epoch": 6, "loss": 57.706725974341424, "eval_loss": 47.205950492467636, "train_recall": 0.7048686868686869, "val_recall": 0.7711, "lr": 0.0004}, {"epoch": 7, "loss": 57.57873002107271, "eval_loss": 47.22314869440519, "train_recall": 0.7086444444444444, "val_recall": 0.7757, "lr": 4e-05}, {"epoch": 8, "loss": 57.567804926995464, "eval_loss": 47.22256890932719, "train_recall": 0.7088030303030303, "val_recall": 0.7707, "lr": 4e-05}, {"epoch": 9, "loss": 57.556146995750844, "eval_loss": 47.18576003343631, "train_recall": 0.7093080808080808, "val_recall": 0.7742, "lr": 4e-05}, {"epoch": 10, "loss": 57.558879728496365, "eval_loss": 47.218234704090996, "train_recall": 0.7092333333333334, "val_recall": 0.7733, "lr": 4e-05}, {"epoch": 11, "loss": 57.54164914477252, "eval_loss": 47.14742382978782, "train_recall": 0.7098757575757576, "val_recall": 0.7734, "lr": 4e-05}], "train_total": {"correct": 702777, "final_recall": 0.7098757575757576}, "training_time": 2670.7700595855713, "eval_time": 0.02474379539489746}}, {"ins_id": 2, "dataset_partition": {"bulid_graph_time": 1500.0195767879486, "save_graph_time": 30.106465816497803, "graph_partition_time": 84.79337000846863, "total_time": 1615.103562116623,