{"total_time_consume": 9676.419934749603, "preprocess": {"total_time": 0.23897933959960938}, "classifier": [{"ins_id": 0, "dataset_partition": {"bulid_graph_time": 70.99767684936523, "save_graph_time": 45.44463109970093, "graph_partition_time": 151.0081992149353, "total_time": 267.61330485343933, "cluster_number_distribution": [3963, 4023, 4023, 4024, 3925, 4009, 3832, 3851, 3897, 4020, 3871, 3126, 3789, 4022, 4001, 3409, 3163, 3810, 4002, 3074, 3964, 3950, 4024, 3738, 3687, 4024, 3895, 4023, 4024, 3900, 3861, 4023, 3156, 4023, 4009, 3544, 4024, 3751, 4021, 3494, 3966, 3909, 3739, 3009, 4024, 4023, 4024, 4024, 3895, 4008, 4023, 3814, 3937, 3933, 4024, 3985, 4023, 4024, 4020, 3859, 4021, 4013, 3914, 4019, 3968, 3224, 3910, 4023, 4024, 3434, 4024, 4008, 4023, 3274, 3844, 3933, 4024, 4023, 2996, 4023, 3956, 4007, 4007, 4024, 4024, 4024, 3914, 3446, 3956, 3962, 4022, 3979, 3764, 4023, 4022, 4023, 4010, 4023, 3911, 4021, 3797, 4003, 3948, 4024, 3982, 4023, 3965, 3998, 4022, 4020, 3913, 3976, 4023, 4023, 4016, 3696, 3918, 3991, 4024, 2853, 3985, 4021, 3886, 3910, 4009, 3964, 4015, 3815, 4022, 4023, 4020, 4024, 4023, 3754, 4023, 4018, 4023, 3914, 4023, 4011, 3750, 4020, 4023, 3955, 4024, 3632, 3931, 3785, 4020, 3808, 4024, 3904, 4023, 4023, 4024, 3996, 4023, 4024, 3986, 3792, 3945, 4023, 3940, 4023, 4023, 4021, 4024, 4023, 4021, 4023, 4022, 3899, 4023, 3883, 3985, 4012, 4020, 4023, 4022, 4024, 4021, 3486, 4023, 3966, 4023, 4023, 4023, 1547, 4021, 3915, 4023, 4021, 4024, 4023, 4023, 3821, 4023, 4023, 3944, 4023, 4024, 4024, 3984, 3908, 3930, 3978, 4004, 3988, 3703, 3486, 3897, 4024, 4022, 3918, 4024, 3697, 4024, 3975, 4011, 3845, 3975, 4020, 4002, 3989, 4024, 3977, 4024, 4024, 4023, 3901, 4023, 3922, 3741, 4007, 4023, 3967, 3986, 4021, 4023, 4009, 3941, 2543, 3965, 3133, 4024, 3848, 3951, 4024, 3982, 3923, 4024, 3982, 4013, 4023, 4023, 3942]}, "prepare_train_sample": {"time": 0.7251341342926025}, "train_eval_model": {"train_config": {"model_name": "one_block_2048_dim", "lr": 0.008, "n_epochs": 12, "milestones": [3, 7]}, "train_intermediate": [{"epoch": 0, "loss": 83.325106311323, "eval_loss": 77.5467059917939, "train_recall": 0.5503676767676767, "val_recall": 0.6159, "lr": 0.008}, {"epoch": 1, "loss": 80.42287473773843, "eval_loss": 77.36930409455911, "train_recall": 0.584, "val_recall": 0.6193, "lr": 0.008}, {"epoch": 2, "loss": 79.96352590470961, "eval_loss": 77.15623247929109, "train_recall": 0.5903343434343434, "val_recall": 0.6288, "lr": 0.008}, {"epoch": 3, "loss": 77.67564037402036, "eval_loss": 75.17443191088162, "train_recall": 0.6232323232323232, "val_recall": 0.6565, "lr": 0.0008}, {"epoch": 4, "loss": 77.30762377891018, "eval_loss": 74.93932716663068, "train_recall": 0.6292484848484848, "val_recall": 0.6596, "lr": 0.0008}, {"epoch": 5, "loss": 77.14458129211538, "eval_loss": 74.67628322503505, "train_recall": 0.6322161616161616, "val_recall": 0.6637, "lr": 0.0008}, {"epoch": 6, "loss": 77.03807834608351, "eval_loss": 74.79908988414667, "train_recall": 0.6340404040404041, "val_recall": 0.6639, "lr": 0.0008}, {"epoch": 7, "loss": 76.81558509279431, "eval_loss": 74.50188534076398, "train_recall": 0.6376545454545455, "val_recall": 0.6635, "lr": 8e-05}, {"epoch": 8, "loss": 76.79412830169181, "eval_loss": 74.4286178564414, "train_recall": 0.6380707070707071, "val_recall": 0.6656, "lr": 8e-05}, {"epoch": 9, "loss": 76.78355253681815, "eval_loss": 74.48748895449516, "train_recall": 0.6381272727272728, "val_recall": 0.6626, "lr": 8e-05}, {"epoch": 10, "loss": 76.76701662294364, "eval_loss": 74.47477863996457, "train_recall": 0.6384181818181818, "val_recall": 0.6653, "lr": 8e-05}, {"epoch": 11, "loss": 76.76130638538098, "eval_loss": 74.58495590014336, "train_recall": 0.6388272727272727, "val_recall": 0.6648, "lr": 8e-05}], "train_total": {"correct": 632439, "final_recall": 0.6388272727272727}, "training_time": 2007.5074014663696, "eval_time": 0.006358623504638672}}, {"ins_id": 1, "dataset_partition": {"bulid_graph_time": 75.18123078346252, "save_graph_time": 51.10843062400818, "graph_partition_time": 88.92272615432739, "total_time": 215.36644339561462, "cluster_number_distribution": [4023, 3987, 3926, 4018, 1748, 4023, 4024, 4021, 4013, 4005, 4024, 3944, 3962, 4022, 4024, 4024, 3915, 4021, 4023, 3991, 4024, 3939, 4021, 4023, 4024, 4021, 4023, 4017, 4007, 4012, 3909, 4024, 4024, 4022, 4022, 4024, 4021, 4011, 4024, 4023, 3897, 4023, 3967, 4023, 4022, 4021, 4022, 4020, 4023, 4019, 3996, 3967, 4024, 4022, 4023, 4019, 4024, 4020, 4024, 4023, 4023, 4024, 3988, 4007, 3951, 4023, 4018, 4003, 4021, 4018, 4023, 4023, 3960, 4023, 4001, 4022, 4018, 4023, 4022, 4023, 4022, 4023, 4016, 4021, 4022, 4024, 4022, 3979, 4023, 4024, 4023, 4023, 3986, 3996, 2869, 3981, 3998, 4015, 1016, 4023, 3964, 4019, 4022, 4023, 4023, 3985, 4023, 4022, 4023, 3820, 4021, 4020, 4020, 3916, 4003, 4024, 4024, 3832, 4001, 4024, 4022, 4001, 4023, 3940, 4014, 4005, 3984, 3935, 4023, 4023, 3995, 4023, 3976, 3955, 4024, 4022, 4022, 3989, 4020, 3927, 4022, 4023, 4023, 4024, 4023, 4022, 4018, 3958, 4022, 3961, 4022, 3976, 3831, 3944, 4022, 4021, 3940, 0, 4018, 4023, 4023, 4010, 3983, 4021, 4023, 3899, 4020, 4023, 4024, 3967, 3876, 4023, 3958, 4023, 3993, 4016, 1490, 4018, 4023, 4023, 4022, 3949, 4023, 4023, 3144, 4023, 3990, 4023, 597, 3973, 4024, 4023, 4009, 4024, 0, 4023, 4023, 4014, 4021, 4023, 3992, 4016, 4023, 4023, 4024, 4024, 3858, 3867, 4018, 3995, 4024, 4021, 4023, 4008, 4023, 4024, 4024, 4023, 3824, 4024, 4023, 4024, 4022, 3956, 4023, 4011, 4022, 4023, 3973, 3997, 4023, 4023, 4001, 4010, 4023, 4023, 4014, 3871, 3959, 4022, 4023, 4023, 4011, 3998, 4023, 4023, 4022, 4010, 4024, 4022, 4020, 4024, 4021, 352, 4023, 4016]}, "prepare_train_sample": {"time": 0.7428913116455078}, "train_eval_model": {"train_config": {"model_name": "one_block_2048_dim", "lr": 0.008, "n_epochs": 12, "milestones": [3, 7]}, "train_intermediate": [{"epoch": 0, "loss": 95.13874835858893, "eval_loss": 90.09425515394945, "train_recall": 0.41584242424242424, "val_recall": 0.4665, "lr": 0.008}, {"epoch": 1, "loss": 92.87326898909912, "eval_loss": 90.30858768560948, "train_recall": 0.43678686868686867, "val_recall": 0.4655, "lr": 0.008}, {"epoch": 2, "loss": 92.52473525860408, "eval_loss": 90.06944587903145, "train_recall": 0.4406989898989899, "val_recall": 0.4679, "lr": 0.008}, {"epoch": 3, "loss": 90.60023691162756, "eval_loss": 88.46162541707356, "train_recall": 0.4653888888888889, "val_recall": 0.4918, "lr": 0.0008}, {"epoch": 4, "loss": 90.27606080369634, "eval_loss": 88.19750416584505, "train_recall": 0.4696535353535354, "val_recall": 0.4897, "lr": 0.0008}, {"epoch": 5, "loss": 90.15163033786247, "eval_loss": 88.30133787790935, "train_recall": 0.4713959595959596, "val_recall": 0.4877, "lr": 0.0008}, {"epoch": 6, "loss": 90.069077070765, "eval_loss": 88.21345808567145, "train_recall": 0.4728878787878788, "val_recall": 0.4961, "lr": 0.0008}, {"epoch": 7, "loss": 89.87764164894135, "eval_loss": 87.94950993855794, "train_recall": 0.4759030303030303, "val_recall": 0.4973, "lr": 8e-05}, {"epoch": 8, "loss": 89.85268988589122, "eval_loss": 88.11365269391965, "train_recall": 0.47625656565656566, "val_recall": 0.4947, "lr": 8e-05}, {"epoch": 9, "loss": 89.83902855325108, "eval_loss": 87.97113927205403, "train_recall": 0.47642626262626264, "val_recall": 0.4983, "lr": 8e-05}, {"epoch": 10, "loss": 89.83818501230394, "eval_loss": 88.12584392841046, "train_recall": 0.47583434343434344, "val_recall": 0.4978, "lr": 8e-05}, {"epoch": 11, "loss": 89.83025686767925, "eval_loss": 88.02757796263083, "train_recall": 0.47658181818181816, "val_recall": 0.4976, "lr": 8e-05}], "train_total": {"correct": 471816, "final_recall": 0.47658181818181816}, "training_time": 2024.1142916679382, "eval_time": 0.006541728973388672}}, {"ins_id": 2, "dataset_partition": {"bulid_graph_time": 92.25452876091003, "save_graph_time": 55.25536918640137, "graph_partition_time": 69.56843090057373, "total_time": 217.23693752288818,