{"total_time_consume": 5079.804550170898, "preprocess": {"total_time": 0.11646533012390137}, "classifier": [{"ins_id": 0, "dataset_partition": {"bulid_graph_time": 71.91704487800598, "save_graph_time": 44.34736776351929, "graph_partition_time": 71.90482425689697, "total_time": 188.36201572418213, "cluster_number_distribution": [4020, 3987, 3840, 3867, 3808, 3881, 4024, 3939, 4024, 4023, 4024, 4024, 3904, 4024, 3921, 3790, 3869, 3998, 3994, 3896, 4024, 4024, 4024, 3921, 4018, 4022, 4024, 4024, 4024, 4020, 3929, 4024, 4003, 4003, 3938, 3799, 4024, 3922, 3994, 4024, 4022, 4013, 4024, 4024, 4024, 4024, 4024, 4024, 3901, 4024, 4024, 839, 3833, 4024, 4024, 4023, 4024, 3991, 4024, 4023, 3922, 4024, 4021, 4020, 4023, 3789, 4022, 4023, 3991, 1958, 4016, 4024, 4023, 4024, 4023, 4024, 3856, 3903, 3882, 3941, 3945, 4024, 4024, 0, 3930, 3994, 4024, 3975, 3980, 4024, 3956, 3918, 4024, 3986, 4023, 4007, 2681, 4024, 3775, 3987, 4024, 4019, 3975, 4024, 4024, 4024, 4023, 4024, 4024, 3994, 4024, 4024, 4021, 4023, 4023, 3894, 4024, 3982, 3736, 4024, 3871, 3973, 4023, 4024, 3967, 4024, 3934, 4024, 4024, 4024, 4023, 4014, 4024, 4024, 3782, 4024, 3999, 4018, 4024, 3918, 4000, 3991, 0, 4024, 3742, 4010, 4024, 4022, 3839, 4024, 3943, 3841, 3934, 3924, 4015, 4024, 4024, 4024, 4023, 4011, 4007, 4014, 4023, 3949, 3659, 4024, 4023, 4024, 4023, 3890, 4008, 4022, 3900, 4024, 4022, 4023, 4019, 4024, 4023, 3770, 3805, 3767, 3996, 4024, 4022, 3838, 3935, 3256, 3962, 3834, 3956, 4024, 4023, 3939, 3730, 4024, 4024, 4024, 4022, 3948, 4024, 4007, 3914, 4023, 4023, 2348, 4014, 4024, 3745, 4024, 4024, 4007, 2586, 4024, 3996, 4017, 4024, 4023, 4024, 3742, 3842, 3986, 4024, 4020, 4018, 4021, 4023, 4020, 3965, 4023, 4024, 4024, 3839, 4024, 3962, 3940, 4018, 4024, 4024, 4024, 3960, 3891, 3808, 3901, 3807, 4016, 4024, 4024, 3954, 3990, 4023, 3981, 3987, 4024, 4024, 4012]}, "prepare_train_sample": {"time": 0.5142467021942139}, "train_eval_model": {"train_intermediate": [{"epoch": 0, "loss": 64.6630751468032, "eval_loss": 54.47297122539618, "train_recall": 0.5950626262626263, "val_recall": 0.6554, "lr": 0.008}, {"epoch": 1, "loss": 63.32058175336021, "eval_loss": 54.331391481252815, "train_recall": 0.6129848484848485, "val_recall": 0.6554, "lr": 0.008}, {"epoch": 2, "loss": 63.11095985695953, "eval_loss": 54.06628179550171, "train_recall": 0.6158838383838384, "val_recall": 0.6611, "lr": 0.008}, {"epoch": 3, "loss": 62.47240152373497, "eval_loss": 53.71582407829089, "train_recall": 0.626859595959596, "val_recall": 0.6652, "lr": 0.0008}, {"epoch": 4, "loss": 62.394683657125, "eval_loss": 53.55468765894572, "train_recall": 0.6280323232323233, "val_recall": 0.6642, "lr": 0.0008}], "train_total": {"correct": 621752, "final_recall": 0.6280323232323233}, "training_time": 1002.685613155365, "eval_time": 0.005539894104003906}}, {"ins_id": 1, "dataset_partition": {"bulid_graph_time": 71.92227673530579, "save_graph_time": 46.40034604072571, "graph_partition_time": 58.96674680709839, "total_time": 177.48593616485596, "cluster_number_distribution": [4024, 3875, 3960, 4023, 3994, 3957, 3987, 4024, 4024, 4024, 4009, 4003, 4021, 3961, 3932, 3954, 3894, 4014, 3976, 3989, 4018, 4019, 3986, 4024, 3918, 3975, 4023, 4003, 4010, 3865, 4024, 4024, 4020, 4014, 4024, 4021, 4024, 3981, 4024, 4005, 3999, 4024, 3996, 4007, 4024, 0, 4011, 4015, 3971, 3956, 3840, 3942, 3935, 4022, 4023, 3997, 4023, 0, 3901, 4016, 4023, 3883, 4011, 4022, 4001, 3969, 3346, 4024, 4024, 3996, 4019, 3939, 3931, 4023, 4023, 4021, 3998, 4024, 3842, 3990, 4022, 3989, 3445, 4023, 3991, 3949, 3898, 4003, 3843, 4014, 4024, 3828, 3972, 4024, 3935, 4024, 3924, 3816, 3933, 3977, 3971, 3985, 4019, 4024, 4024, 3859, 4024, 3977, 4024, 3994, 3830, 3786, 3934, 3864, 3978, 4024, 4022, 3886, 3984, 3980, 4024, 4009, 3976, 3870, 4003, 4023, 4023, 4003, 3944, 4022, 3833, 3939, 4022, 4024, 4024, 4012, 1021, 3986, 4024, 4024, 3907, 4023, 3943, 4023, 3902, 4023, 4013, 3971, 4023, 4024, 3965, 4023, 4024, 3944, 3998, 3864, 3940, 4023, 3997, 0, 3970, 3902, 4013, 3896, 3987, 3906, 4014, 4024, 3847, 4015, 4014, 3830, 3949, 4023, 3969, 4003, 4019, 4021, 3948, 3845, 4023, 4021, 4019, 3884, 3998, 3979, 4023, 4024, 4008, 4024, 4020, 4014, 3985, 4023, 4024, 4023, 3829, 3956, 4024, 4022, 3737, 4022, 4017, 4021, 4024, 3756, 4014, 4024, 4024, 3925, 4023, 3977, 4024, 4022, 4024, 4024, 3881, 4019, 4024, 3967, 4021, 4024, 4024, 4023, 3938, 4012, 4024, 4023, 2429, 4020, 3829, 4023, 4022, 4024, 3874, 3992, 4023, 3745, 4024, 3777, 4024, 4000, 4024, 4024, 4024, 4011, 4024, 4024, 3742, 3997, 2829, 4024, 3950, 4001, 4024, 4023]}, "prepare_train_sample": {"time": 0.8235530853271484}, "train_eval_model": {"train_intermediate": [{"epoch": 0, "loss": 70.69294198013968, "eval_loss": 61.06341931758783, "train_recall": 0.5268151515151516, "val_recall": 0.5875, "lr": 0.008}, {"epoch": 1, "loss": 69.40148001151506, "eval_loss": 60.9509346424005, "train_recall": 0.5423181818181818, "val_recall": 0.5845, "lr": 0.008}, {"epoch": 2, "loss": 69.20201011653029, "eval_loss": 61.39155571277325, "train_recall": 0.5454424242424243, "val_recall": 0.584, "lr": 0.008}, {"epoch": 3, "loss": 68.55291167821272, "eval_loss": 60.308899170313126, "train_recall": 0.5552040404040404, "val_recall": 0.5976, "lr": 0.0008}, {"epoch": 4, "loss": 68.48684591593029, "eval_loss": 60.28294999782856, "train_recall": 0.5560171717171717, "val_recall": 0.5973, "lr": 0.0008}], "train_total": {"correct": 550457, "final_recall": 0.5560171717171717}, "training_time": 997.1282527446747, "eval_time": 0.008929967880249023}}, {"ins_id": 2, "dataset_partition": {"bulid_graph_time": 77.60376501083374, "save_graph_time": 45.325255155563354, "graph_partition_time": 50.21855568885803, "total_time": 173.34261298179626, "cluster_number_distribution": [3999, 4023, 4024, 3773, 4024, 3962, 3790, 4022, 3860, 4016, 3835, 4014, 4024, 4009, 4019, 4023, 3839, 4015, 4024, 4024, 3873, 4009, 4012, 3824, 3938, 4022, 3900, 3719, 4024, 3976, 4023, 4024, 4023, 3840, 4022, 0, 3972, 3967, 3839, 4023, 1364, 3933, 3946, 3974, 4024, 4024, 4014, 3944, 3883, 4024, 4015, 3979, 4023, 4024, 4000, 3931, 4023, 3988, 4012, 4024, 4024, 4023, 4023, 4023, 3888, 4023, 4024, 4015, 4024, 4024, 4024, 3884, 4024, 3996, 4021, 3927, 4004, 3949, 4024, 3935, 4016, 4023, 3961, 4020, 3915, 3845, 3984, 3887, 3985, 3987, 3972, 4024, 3987, 4024, 3972, 4004, 4023, 4022, 3997, 3896, 4007, 4024, 4016, 4016, 3974, 3986, 4023, 4019, 3932, 3959, 3903, 4024, 4023, 4024, 3995, 3958, 3931, 4024, 4024, 3964, 4023, 4024, 3908, 4008, 4023, 3861, 3956, 4022, 3909, 4016, 3996, 3897, 3935, 0, 3999, 3988, 4024, 4017, 4021, 4009, 4024, 4024, 4023, 3969, 4024, 4023, 4022, 4005, 3972, 4023, 4022, 4012, 3967, 3970, 3783, 4024, 3906, 4015, 3920, 3971, 3936, 0, 4022, 3977, 4024, 3935, 3849, 4023, 3982, 3864, 3987, 3914, 3899, 3808, 4010, 3976, 4024, 3998, 4024, 3871, 4004, 4008, 4020, 3911, 3839, 4018, 3991, 4023, 3999, 3895, 3912, 3806, 4009, 3975, 4001, 3995, 4020, 3926, 4005, 3952, 4024, 4021, 4005, 4011, 3887, 4023, 4013, 3922, 3978, 4023, 3968, 3967, 3967, 4024, 4024, 4024, 1087, 3841, 4000, 3886, 3997, 4024, 4008, 3784, 4021, 3919, 3961, 3909, 4016, 4021, 4023, 4024, 4024, 3985, 3949, 3976, 4012, 3894, 4024, 4018, 3968, 3973, 3942, 4020, 4021, 3986, 3877, 3789, 4022, 4015, 4020, 3934, 3996, 3991, 3624, 4024]}, "prepare_train_sample": {"time": 0.7121663093566895}, "train_eval_model": {"train_intermediate": [{"epoch": 0, "loss": 70.3429490656097, "eval_loss": 60.1969810632559, "train_recall": 0.5288393939393939, "val_recall": 0.5981, "lr": 0.008}, {"epoch": 1, "loss": 69.11756073724563, "eval_loss": 60.01087461373745, "train_recall": 0.5438484848484848, "val_recall": 0.602, "lr": 0.008}, {"epoch": 2, "loss": 68.94863087206855, "eval_loss": 59.95524149674635, "train_recall": 0.5461282828282829, "val_recall": 0.596, "lr": 0.008}, {"epoch": 3, "loss": 68.3541613920753, "eval_loss": 59.414567238245255, "train_recall": 0.5550868686868687, "val_recall": 0.6019, "lr": 0.0008}, {"epoch": 4,