{"total_time_consume": 15522.51424241066, "preprocess": {"kmeans_time": 5684.614927768707, "random_projection_time": 0.01821112632751465, "total_time": 5684.845994234085}, "classifier": [{"ins_id": 0, "dataset_partition": {"count_label_time": 193.87904286384583, "total_time": 194.0256109237671, "cluster_number_distribution": [5234, 5002, 6115, 4551, 2796, 1872, 2680, 2153, 2792, 3926, 3990, 5075, 6576, 2745, 3804, 3837, 2862, 2766, 2984, 4674, 5904, 4745, 3448, 4071, 5912, 4405, 2666, 3960, 1758, 3842, 1534, 1684, 4615, 8309, 4120, 2700, 4705, 2502, 3972, 2502, 1390, 1799, 4223, 18266, 1917, 3092, 2026, 3128, 3322, 5327, 2556, 4596, 2421, 4415, 5156, 2530, 4157, 3452, 3299, 1770, 2666, 7034, 3484, 4051, 6190, 4786, 2437, 4910, 1483, 3859, 4198, 2909, 2812, 2576, 4550, 4197, 5511, 6094, 3729, 4009, 2688, 5759, 3083, 6145, 5125, 4090, 2958, 2854, 2594, 4814, 2641, 4288, 3433, 2771, 5976, 3936, 3211, 5063, 3468, 4055, 2216, 5338, 4102, 2456, 2460, 1903, 3100, 3408, 9165, 2518, 10448, 2363, 6204, 4213, 3525, 2886, 5812, 4753, 4604, 4542, 6002, 4494, 2567, 5527, 4791, 5374, 4924, 10650, 6981, 3726, 4268, 2258, 2986, 3570, 5939, 1650, 7103, 3705, 4832, 3674, 1454, 4455, 1371, 3002, 4810, 1702, 2303, 2824, 3890, 3733, 2225, 3388, 2757, 2411, 4227, 3314, 3739, 4232, 3042, 4069, 2906, 2689, 3292, 2803, 2147, 3227, 4459, 2986, 2716, 2577, 5368, 6770, 6530, 2962, 3355, 3367, 3860, 1962, 2138, 3420, 3013, 1817, 3152, 4444, 3768, 6597, 5417, 4406, 3306, 2767, 5974, 2776, 3406, 3043, 978, 3679, 4795, 2282, 2805, 6311, 2561, 2644, 2467, 4343, 4832, 3415, 1422, 3460, 4416, 4834, 4414, 2959, 2009, 18254, 3996, 3670, 4024, 4771, 2017, 7299, 6760, 2181, 5188, 2812, 2752, 3583, 3311, 1699, 2856, 5386, 3593, 3724, 3899, 7044, 2453, 4212, 3433, 2114, 2748, 1759, 1322, 4518, 4697, 3026, 6546, 1705, 2265, 4344, 3374, 4759, 2268, 5074, 3108, 5631, 2936, 3791]}, "prepare_train_sample": {"time": 0.5539638996124268}, "train_eval_model": {"train_config": {"model_name": "one_block_2048_dim", "lr": 0.008, "n_epochs": 12, "milestones": [3, 7]}, "train_intermediate": [{"epoch": 0, "loss": 60.92246605514012, "eval_loss": 50.57756891006078, "train_recall": 0.6314919191919192, "val_recall": 0.7438, "lr": 0.008}, {"epoch": 1, "loss": 59.05116011132542, "eval_loss": 50.2913039464217, "train_recall": 0.652739393939394, "val_recall": 0.7399, "lr": 0.008}, {"epoch": 2, "loss": 58.768692986028135, "eval_loss": 50.34462567476126, "train_recall": 0.6557828282828283, "val_recall": 0.7215, "lr": 0.008}, {"epoch": 3, "loss": 57.34712958848364, "eval_loss": 49.206609884897865, "train_recall": 0.6832979797979798, "val_recall": 0.7552, "lr": 0.0008}, {"epoch": 4, "loss": 57.18433730610048, "eval_loss": 49.13237409102611, "train_recall": 0.6863080808080808, "val_recall": 0.7522, "lr": 0.0008}, {"epoch": 5, "loss": 57.12444160782759, "eval_loss": 49.09567875739856, "train_recall": 0.6866323232323233, "val_recall": 0.7578, "lr": 0.0008}, {"epoch": 6, "loss": 57.07688860158504, "eval_loss": 49.08480068964836, "train_recall": 0.6867434343434343, "val_recall": 0.7494, "lr": 0.0008}, {"epoch": 7, "loss": 56.954787263735525, "eval_loss": 48.966013388756, "train_recall": 0.6899222222222222, "val_recall": 0.7591, "lr": 8e-05}, {"epoch": 8, "loss": 56.940513412194946, "eval_loss": 49.014044578258805, "train_recall": 0.6901848484848485, "val_recall": 0.7582, "lr": 8e-05}, {"epoch": 9, "loss": 56.9249154382591, "eval_loss": 48.94916094266451, "train_recall": 0.6905777777777777, "val_recall": 0.7572, "lr": 8e-05}, {"epoch": 10, "loss": 56.91582125164278, "eval_loss": 49.077552343026184, "train_recall": 0.6904868686868687, "val_recall": 0.7596, "lr": 8e-05}, {"epoch": 11, "loss": 56.92015402603038, "eval_loss": 48.96566341473506, "train_recall": 0.6901666666666667, "val_recall": 0.757, "lr": 8e-05}], "train_total": {"correct": 683265, "final_recall": 0.6901666666666667}, "training_time": 2123.0111525058746, "eval_time": 0.009311914443969727}}, {"ins_id": 1, "dataset_partition": {"count_label_time": 189.23677229881287, "total_time": 189.40541648864746, "cluster_number_distribution": [5315, 5296, 2856, 7022, 8206, 1759, 3101, 3525, 5399, 3630, 2736, 1288, 2052, 7390, 4353, 6557, 3852, 3020, 3450, 5953, 6473, 5352, 3955, 4120, 3988, 1794, 2296, 3640, 2466, 5211, 3297, 2732, 2529, 2219, 3310, 6919, 2905, 2133, 4890, 2365, 2318, 4352, 7510, 3791, 5509, 3060, 4615, 3900, 2866, 8466, 2702, 3670, 5590, 4296, 3831, 3240, 3743, 3113, 1957, 4139, 2790, 2354, 4136, 6967, 6564, 4556, 2913, 2502, 2558, 5681, 2205, 4891, 4060, 2437, 2058, 5964, 6099, 2673, 4528, 2931, 4797, 2486, 2491, 1755, 1695, 2445, 7028, 4319, 4257, 1764, 2782, 4614, 6273, 2738, 2452, 7257, 3683, 5304, 4131, 4763, 3566, 6414, 3204, 2005, 6177, 4590, 3033, 2767, 3834, 4541, 3095, 4143, 5965, 3427, 4346, 2795, 3188, 4732, 4906, 1436, 2468, 4791, 2854, 2738, 3417, 3615, 4159, 3733, 2196, 3899, 3151, 2564, 3409, 5720, 4368, 4106, 6292, 3463, 3024, 3194, 5909, 3292, 5231, 2350, 4061, 3530, 7033, 2349, 4409, 3513, 4634, 3380, 3090, 5438, 4031, 3079, 3081, 2375, 5229, 4603, 1955, 2535, 1957, 4310, 7924, 6300, 3274, 2511, 2555, 3945, 4673, 3117, 4821, 2895, 6466, 2886, 4182, 3585, 2629, 6002, 2989, 3883, 3517, 5368, 4958, 4162, 4051, 1095, 4821, 3407, 3599, 3819, 4112, 3308, 4552, 4428, 3256, 2046, 6915, 2649, 3582, 2767, 2125, 3553, 3272, 4043, 4187, 4060, 5494, 3304, 5155, 4615, 3641, 3070, 3698, 3103, 2463, 2751, 2287, 4250, 3540, 1998, 2314, 3397, 1601, 1496, 3054, 3120, 8141, 1523, 5199, 4200, 4392, 4659, 2744, 2242, 3999, 3198, 6095, 4172, 5704, 3388, 2320, 4607, 3227, 6573, 5224, 3040, 8035, 4521, 1463, 4054, 7176, 1567, 7886, 3389]}, "prepare_train_sample": {"time": 0.5380699634552002}, "train_eval_model": {"train_config": {"model_name": "one_block_2048_dim", "lr": 0.008, "n_epochs": 12, "milestones": [3, 7]}, "train_intermediate": [{"epoch": 0, "loss": 60.909040211035965, "eval_loss": 50.37621146593339, "train_recall": 0.6297272727272727, "val_recall": 0.7153, "lr": 0.008}, {"epoch": 1, "loss": 59.00180459040247, "eval_loss": 49.99204419820737, "train_recall": 0.6519353535353536, "val_recall": 0.7144, "lr": 0.008}, {"epoch": 2, "loss": 58.71556316081896, "eval_loss": 50.0046887642298, "train_recall": 0.6551313131313131, "val_recall": 0.7199, "lr": 0.008}, {"epoch": 3, "loss": 57.27122196582592, "eval_loss": 48.82908575962751, "train_recall": 0.6827262626262627, "val_recall": 0.7332, "lr": 0.0008}, {"epoch": 4, "loss": 57.099957935888, "eval_loss": 48.82889636968955, "train_recall": 0.6853757575757575, "val_recall": 0.7289, "lr": 0.0008}, {"epoch": 5, "loss": 57.035103106385435, "eval_loss": 48.72570096529447, "train_recall": 0.6867808080808081, "val_recall": 0.7408, "lr": 0.0008}, {"epoch": 6, "loss": 56.9828077707717, "eval_loss": 48.67812613340524, "train_recall": 0.687010101010101, "val_recall": 0.7436, "lr": 0.0008}, {"epoch": 7, "loss": 56.846989832733016, "eval_loss": 48.68003343313168, "train_recall": 0.689940404040404, "val_recall": 0.7452, "lr": 8e-05}, {"epoch": 8, "loss": 56.83370858966277, "eval_loss": 48.671198221353386, "train_recall": 0.6894939393939394, "val_recall": 0.7412, "lr": 8e-05}, {"epoch": 9, "loss": 56.82412050227895, "eval_loss": 48.65044260636354, "train_recall": 0.6898474747474748, "val_recall": 0.7414, "lr": 8e-05}, {"epoch": 10, "loss": 56.83194724515533, "eval_loss": 48.66009237827399, "train_recall": 0.6905707070707071, "val_recall": 0.7447, "lr": 8e-05}, {"epoch": 11, "loss": 56.81823072869048, "eval_loss": 48.59501838684082, "train_recall": 0.6903121212121213, "val_recall": 0.7359, "lr": 8e-05}], "train_total": {"correct": 683409, "final_recall": 0.6903121212121213}, "training_time": 2119.949321269989, "eval_time": 0.006471872329711914}}, {"ins_id": 2, "dataset_partition": {"count_label_time": 186.44934153556824, "total_time": 186.6136178970337,