{"total_time_consume": 25322.448549985886, "preprocess": {"total_time": 0.5411229133605957}, "classifier": [{"ins_id": 0, "dataset_partition": {"bulid_graph_time": 15.029857873916626, "save_graph_time": 11.329782009124756, "graph_partition_time": 41.539841175079346, "total_time": 67.96102499961853, "cluster_number_distribution": [1601, 1605, 1602, 1603, 1599, 1573, 1599, 1603, 1598, 1598, 1584, 1593, 1593, 1599, 1605, 1605, 1584, 1606, 1605, 1603, 1598, 1605, 1599, 1603, 1604, 1530, 1343, 1601, 1604, 1596, 1584, 1548, 1592, 1548, 1603, 1605, 1605, 1490, 1604, 1579, 1593, 1557, 1605, 1591, 1594, 1586, 1602, 1576, 1605, 1562, 1604, 1598, 1591, 1594, 1583, 1560, 1598, 1572, 1550, 1605, 1602, 1579, 1570, 1479, 1596, 1601, 1603, 1103, 1604, 1605, 1605, 1603, 1603, 1592, 1596, 1598, 1605, 1586, 1576, 1552, 1605, 1603, 1586, 1604, 1600, 1605, 1603, 1605, 1605, 1601, 1593, 1600, 1598, 1605, 1605, 1575, 1588, 1605, 1600, 1605, 1353, 1605, 1582, 1581, 1598, 1347, 1601, 1570, 382, 1605, 1569, 1587, 1300, 1505, 1596, 1593, 1603, 1604, 1588, 1506, 1604, 1496, 1606, 1257, 1548, 1582, 1604, 1592, 1603, 1603, 1473, 1604, 1573, 1598, 1368, 1452, 1340, 1595, 1581, 1355, 1595, 1566, 1606, 1194, 1037, 1491, 1598, 1590, 1605, 1601, 1605, 1578, 1604, 1598, 1605, 1593, 1593, 1569, 1603, 1546, 1605, 1605, 1603, 1602, 1605, 1603, 1605, 1443, 1605, 1603, 1600, 1580, 1605, 1605, 1599, 1605, 1605, 1578, 1602, 1598, 1452, 1604, 1604, 1573, 1595, 1604, 1581, 1605, 1602, 1605, 1603, 1598, 873, 1605, 1604, 1592, 1600, 1326, 1584, 1606, 1592, 1604, 1602, 1395, 1603, 1579, 1579, 1264, 1605, 1605, 1605, 1598, 1605, 1428, 1605, 1415, 1605, 1593, 1562, 1360, 1605, 1604, 1587, 1360, 1603, 1603, 1179, 1522, 1603, 1606, 1601, 1568, 1598, 1530, 1606, 1605, 1588, 1605, 1605, 1578, 1605, 1601, 1604, 1306, 1604, 1605, 1495, 1600, 1578, 1595, 1594, 1605, 1598, 1575, 1573, 1570]}, "prepare_train_sample": {"time": 0.11549115180969238}, "train_eval_model": {"train_intermediate": [{"epoch": 0, "loss": 263.1592293378987, "eval_loss": NaN, "train_recall": 0.12861193387509176, "val_recall": 0.0057644110275689225, "lr": 0.004}, {"epoch": 1, "loss": 246.53942967511892, "eval_loss": NaN, "train_recall": 0.2035518088149667, "val_recall": 0.002506265664160401, "lr": 0.004}, {"epoch": 2, "loss": NaN, "eval_loss": NaN, "train_recall": 0.1436976279081542, "val_recall": 0.0057644110275689225, "lr": 0.004}, {"epoch": 3, "loss": NaN, "eval_loss": NaN, "train_recall": 0.0039948355737829426, "val_recall": 0.0057644110275689225, "lr": 0.004}, {"epoch": 4, "loss": NaN, "eval_loss": NaN, "train_recall": 0.0039948355737829426, "val_recall": 0.0057644110275689225, "lr": 0.004}, {"epoch": 5, "loss": NaN, "eval_loss": NaN, "train_recall": 0.0039948355737829426, "val_recall": 0.0057644110275689225, "lr": 0.004}, {"epoch": 6, "loss": NaN, "eval_loss": NaN, "train_recall": 0.0039948355737829426, "val_recall": 0.0057644110275689225, "lr": 0.004}, {"epoch": 7, "loss": NaN, "eval_loss": NaN, "train_recall": 0.0039948355737829426, "val_recall": 0.0057644110275689225, "lr": 0.004}, {"epoch": 8, "loss": NaN, "eval_loss": NaN, "train_recall": 0.0039948355737829426, "val_recall": 0.0057644110275689225, "lr": 0.004}, {"epoch": 9, "loss": NaN, "eval_loss": NaN, "train_recall": 0.0039948355737829426, "val_recall": 0.0057644110275689225, "lr": 0.004}, {"epoch": 10, "loss": NaN, "eval_loss": NaN, "train_recall": 0.0039948355737829426, "val_recall": 0.0057644110275689225, "lr": 0.00084}, {"epoch": 11, "loss": NaN, "eval_loss": NaN, "train_recall": 0.0039948355737829426, "val_recall": 0.0057644110275689225, "lr": 0.00084}], "train_total": {"correct": 1578, "final_recall": 0.0039948355737829426}, "training_time": 6166.576575040817, "eval_time": 0.2451775074005127}}, {"ins_id": 1, "dataset_partition": {"bulid_graph_time": 17.461097478866577, "save_graph_time": 11.596263885498047, "graph_partition_time": 56.01548171043396, "total_time": 85.13447570800781, "cluster_number_distribution": [1604, 1436, 1603, 1598, 1605, 1590, 1599, 1590, 1604, 1603, 1603, 1594, 1598, 1601, 1605, 1605, 1601, 1483, 1587, 1596, 1605, 1595, 1604, 1605, 1605, 1600, 1605, 1600, 1605, 1579, 1605, 651, 1558, 1549, 1605, 316, 1601, 1605, 1604, 1605, 1605, 1600, 1597, 1584, 1329, 1597, 1605, 1107, 1603, 1569, 1599, 1455, 1585, 1519, 1600, 961, 1603, 1545, 1597, 1602, 1126, 1205, 1605, 471, 1601, 1561, 1606, 1583, 1597, 1597, 1602, 1591, 1582, 1539, 1606, 1527, 1606, 1332, 1606, 1587, 1602, 1585, 1603, 1599, 1565, 1474, 1605, 783, 1590, 1590, 1605, 1539, 1599, 1562, 1605, 1243, 1605, 1602, 1555, 1591, 1602, 1605, 1605, 1603, 1605, 1019, 1595, 1593, 1600, 1576, 1580, 1577, 1590, 1598, 1593, 624, 1558, 1605, 1603, 1603, 1599, 1531, 1605, 1589, 1600, 1137, 1599, 1576, 1605, 1604, 1599, 1605, 1605, 1605, 1605, 1600, 1605, 1599, 1600, 1605, 1604, 1604, 1605, 1605, 1595, 1587, 1602, 1604, 1575, 1599, 1601, 1602, 1603, 1601, 1578, 1600, 1602, 1602, 1605, 1604, 1605, 1605, 1604, 1605, 1599, 1584, 1605, 1603, 1605, 1602, 1587, 1605, 1587, 1605, 1599, 1605, 1605, 1605, 1605, 1605, 1578, 1600, 1604, 1604, 1604, 1598, 1605, 1601, 1602, 1606, 1605, 1603, 1588, 1604, 1587, 1586, 1595, 1604, 1606, 1555, 1603, 1603, 1599, 1594, 1603, 1573, 1590, 1604, 1584, 1585, 1599, 1594, 1605, 1601, 1605, 1601, 1551, 1589, 1606, 1604, 1602, 1586, 1601, 1599, 1604, 1602, 1605, 1605, 1601, 1605, 1603, 1592, 1605, 1602, 1604, 1602, 1603, 1601, 1603, 1604, 1603, 1604, 1605, 1603, 1604, 1603, 1596, 1604, 1600, 1603, 1604, 1604, 1604, 1600, 1596, 1599]}, "prepare_train_sample": {"time": 0.11923503875732422}, "train_eval_model": {"train_intermediate": [{"epoch": 0, "loss": 273.74196960736003, "eval_loss": NaN, "train_recall": 0.09349383559909875, "val_recall": 0.005263157894736842, "lr": 0.004}, {"epoch": 1, "loss": 262.11499248907614, "eval_loss": NaN, "train_recall": 0.13486494012809802, "val_recall": 0.0040100250626566416, "lr": 0.004}, {"epoch": 2, "loss": 257.88720939967516, "eval_loss": NaN, "train_recall": 0.15555555555555556, "val_recall": 0.004260651629072682, "lr": 0.004}, {"epoch": 3, "loss": 255.86929758137416, "eval_loss": NaN, "train_recall": 0.16508949140528087, "val_recall": 0.004260651629072682, "lr": 0.004}, {"epoch": 4, "loss": 254.75397008375464, "eval_loss": NaN, "train_recall": 0.1707678286625655, "val_recall": 0.004260651629072682, "lr": 0.004}, {"epoch": 5, "loss": 253.5629577488383, "eval_loss": NaN, "train_recall": 0.17668413457887142, "val_recall": 0.004260651629072682, "lr": 0.004}, {"epoch": 6, "loss": 252.9079423485371, "eval_loss": NaN, "train_recall": 0.17879547353231565, "val_recall": 0.004260651629072682, "lr": 0.004}, {"epoch": 7, "loss": 252.51734183627295, "eval_loss": NaN, "train_recall": 0.18151945520366572, "val_recall": 0.004260651629072682, "lr": 0.004}, {"epoch": 8, "loss": 252.48598008022938, "eval_loss": NaN, "train_recall": 0.18181818181818182, "val_recall": 0.004260651629072682, "lr": 0.004}, {"epoch": 9, "loss": 252.55035548973456, "eval_loss": NaN, "train_recall": 0.18123085491506544, "val_recall": 0.004260651629072682, "lr": 0.004}, {"epoch": 10, "loss": 247.2883969848989, "eval_loss": NaN, "train_recall": 0.20163540163540164, "val_recall": 0.0040100250626566416, "lr": 0.00084}, {"epoch": 11, "loss": 246.43219746202135, "eval_loss": NaN, "train_recall": 0.20504544188754714, "val_recall": 0.0037593984962406013, "lr": 0.00084}], "train_total": {"correct": 80995, "final_recall": 0.20504544188754714}, "training_time": 6163.319110393524, "eval_time": 0.24145841598510742}}, {"ins_id": 2, "dataset_partition": {"bulid_graph_time": 21.961928844451904, "save_graph_time": 11.290067434310913, "graph_partition_time": 49.110984086990356, "total_time": 82.4242901802063,