{"total_time_consume": 19014.97224831581, "preprocess": {"kmeans_time": 4929.65553021431, "random_projection_time": 0.017001867294311523, "total_time": 4929.906474351883}, "classifier": [{"ins_id": 0, "dataset_partition": {"count_label_time": 196.32719016075134, "total_time": 196.50401163101196, "cluster_number_distribution": [4041, 3694, 3447, 4426, 6208, 5135, 7036, 5767, 6331, 2958, 9668, 1936, 3085, 4079, 2769, 2731, 3724, 4509, 6342, 5525, 2267, 2735, 4272, 4158, 3333, 6615, 2101, 2787, 4059, 1449, 5983, 2760, 3277, 5316, 4747, 3061, 3850, 1031, 2369, 2556, 2444, 3156, 2797, 2970, 3329, 2356, 5398, 4724, 3828, 2913, 2236, 3821, 2238, 2768, 4411, 6091, 1776, 5118, 2628, 1555, 5462, 5667, 2516, 5086, 6690, 3596, 2893, 4252, 8834, 3150, 5091, 1925, 4045, 2282, 3684, 4838, 8194, 3811, 2103, 3368, 3369, 2213, 2895, 1957, 3089, 5477, 3606, 7367, 3420, 1691, 3151, 3183, 3175, 4672, 2983, 1983, 6400, 4378, 3774, 4201, 1095, 4217, 3044, 3325, 5323, 1900, 4392, 7370, 3187, 3044, 4948, 4265, 2736, 3938, 2076, 3245, 2801, 6575, 2937, 6290, 1840, 5176, 3937, 6411, 2655, 5670, 1850, 3255, 3020, 1502, 1954, 1604, 3638, 4147, 3763, 2674, 2487, 3166, 5521, 5610, 4765, 1800, 2952, 1545, 1392, 3124, 2802, 4754, 5729, 4079, 3917, 2713, 1612, 3582, 3324, 3391, 1661, 3866, 6137, 3177, 2647, 2592, 3631, 2600, 1688, 3067, 3206, 3310, 3244, 2348, 3468, 9956, 4949, 3561, 7704, 4354, 2693, 5730, 5604, 3480, 5386, 3677, 1919, 4080, 2857, 2533, 6443, 4479, 9169, 3214, 2919, 3483, 3953, 4194, 1253, 2049, 2974, 3746, 2982, 2693, 2901, 4743, 4151, 3957, 3176, 8607, 6498, 2794, 2506, 7275, 3766, 3157, 5376, 2832, 3675, 4041, 5286, 2229, 4008, 2721, 3249, 3164, 3003, 4161, 7155, 3290, 3193, 7214, 8765, 2161, 2675, 1593, 3256, 5877, 2239, 2693, 2877, 7434, 4975, 10859, 2979, 3690, 3529, 2072, 4927, 2804, 3898, 6780, 2805, 5672, 3768, 7602, 5832, 3678, 7730, 2792]}, "prepare_train_sample": {"time": 0.5214977264404297}, "train_eval_model": {"train_config": {"model_name": "two_block_2048_dim", "lr": 0.004, "n_epochs": 12, "milestones": [3, 7]}, "train_intermediate": [{"epoch": 0, "loss": 54.2542488680639, "eval_loss": 50.16464508496798, "train_recall": 0.6714646464646464, "val_recall": 0.7279, "lr": 0.004}, {"epoch": 1, "loss": 51.80961574503025, "eval_loss": 49.75194531220656, "train_recall": 0.6959484848484848, "val_recall": 0.7254, "lr": 0.004}, {"epoch": 2, "loss": 51.3161545547035, "eval_loss": 49.573346162453674, "train_recall": 0.7006838383838384, "val_recall": 0.7217, "lr": 0.004}, {"epoch": 3, "loss": 50.27034060158264, "eval_loss": 48.85542292472644, "train_recall": 0.7169707070707071, "val_recall": 0.7381, "lr": 0.0004}, {"epoch": 4, "loss": 50.11540261601016, "eval_loss": 48.85961773456671, "train_recall": 0.7184989898989899, "val_recall": 0.7409, "lr": 0.0004}, {"epoch": 5, "loss": 50.049111800522546, "eval_loss": 48.76467297627376, "train_recall": 0.7191414141414142, "val_recall": 0.7411, "lr": 0.0004}, {"epoch": 6, "loss": 49.983189177119314, "eval_loss": 48.738496328011536, "train_recall": 0.7192616161616162, "val_recall": 0.743, "lr": 0.0004}, {"epoch": 7, "loss": 49.89725157989306, "eval_loss": 48.69325591356326, "train_recall": 0.7202515151515152, "val_recall": 0.7385, "lr": 4e-05}, {"epoch": 8, "loss": 49.879570738401576, "eval_loss": 48.72876649025159, "train_recall": 0.7202464646464647, "val_recall": 0.7389, "lr": 4e-05}, {"epoch": 9, "loss": 49.86409602966861, "eval_loss": 48.68094918666742, "train_recall": 0.7205676767676767, "val_recall": 0.7386, "lr": 4e-05}, {"epoch": 10, "loss": 49.85796450881176, "eval_loss": 48.67803764343262, "train_recall": 0.7209454545454546, "val_recall": 0.7388, "lr": 4e-05}, {"epoch": 11, "loss": 49.85576517418483, "eval_loss": 48.69406368793585, "train_recall": 0.7206919191919192, "val_recall": 0.7407, "lr": 4e-05}], "train_total": {"correct": 713485, "final_recall": 0.7206919191919192}, "training_time": 3197.0989887714386, "eval_time": 0.008132457733154297}}, {"ins_id": 1, "dataset_partition": {"count_label_time": 202.53004264831543, "total_time": 202.694397687912, "cluster_number_distribution": [5782, 3988, 5131, 5965, 4395, 6637, 3485, 2889, 3562, 4458, 5647, 2989, 2000, 4938, 3979, 3956, 4079, 5499, 5399, 5821, 3331, 4207, 2257, 2154, 3154, 5297, 4142, 4076, 3407, 6404, 5122, 2777, 3781, 4934, 3854, 4246, 5943, 2366, 12838, 4651, 3098, 4373, 1194, 3369, 5562, 3270, 3555, 3872, 4117, 2592, 3900, 1848, 1911, 5895, 2152, 4196, 2776, 4378, 1958, 2310, 2645, 6229, 2998, 3746, 3516, 4775, 3067, 3554, 9080, 3359, 5356, 2204, 5229, 1568, 3934, 2397, 2320, 5518, 5513, 2255, 2480, 4687, 2519, 4173, 3868, 3200, 5238, 2350, 3765, 2296, 4455, 4144, 5855, 4370, 3811, 4047, 2187, 2889, 4955, 3168, 2639, 1209, 4918, 9375, 2812, 1159, 2748, 2315, 4925, 3499, 5161, 1967, 1613, 3819, 5462, 5412, 5690, 2678, 3480, 4887, 1965, 4986, 2851, 5098, 4554, 2838, 2040, 3448, 6025, 1816, 4870, 3841, 3273, 4663, 3671, 2245, 3465, 2374, 3763, 5559, 1622, 2789, 3285, 3206, 2418, 2631, 5045, 7459, 3779, 3331, 6952, 2703, 5628, 3694, 3481, 2471, 2202, 2490, 5796, 1418, 5217, 2494, 1752, 4605, 3578, 4523, 1669, 5181, 5334, 6729, 3770, 2890, 2550, 2716, 2313, 1746, 7546, 3134, 3046, 4191, 8383, 3478, 5818, 2669, 2550, 2295, 1441, 2953, 5107, 6955, 11695, 2651, 4999, 3793, 7390, 1831, 3549, 2514, 4453, 10779, 1861, 5681, 4917, 4930, 6484, 2073, 2610, 4422, 2130, 4008, 3868, 3685, 1984, 3233, 1927, 2969, 2617, 3320, 2278, 3803, 4614, 5706, 4486, 4151, 2806, 6221, 2209, 2833, 7017, 7847, 2362, 3689, 2873, 2660, 4496, 4087, 4802, 1252, 1098, 6859, 4089, 3030, 2702, 3305, 2772, 3349, 7133, 2267, 4620, 3056, 4507, 3306, 3600, 4968, 4134, 908]}, "prepare_train_sample": {"time": 0.5148961544036865}, "train_eval_model": {"train_config": {"model_name": "two_block_2048_dim", "lr": 0.004, "n_epochs": 12, "milestones": [3, 7]}, "train_intermediate": [{"epoch": 0, "loss": 53.359273323774005, "eval_loss": 49.585630355737145, "train_recall": 0.6754585858585859, "val_recall": 0.7248, "lr": 0.004}, {"epoch": 1, "loss": 50.8584026837043, "eval_loss": 49.08723898423024, "train_recall": 0.7007272727272728, "val_recall": 0.726, "lr": 0.004}, {"epoch": 2, "loss": 50.37347833813634, "eval_loss": 49.0768985748291, "train_recall": 0.7044575757575757, "val_recall": 0.7326, "lr": 0.004}, {"epoch": 3, "loss": 49.37175378812694, "eval_loss": 48.274399060469406, "train_recall": 0.7209969696969697, "val_recall": 0.7456, "lr": 0.0004}, {"epoch": 4, "loss": 49.21719290104511, "eval_loss": 48.15568024072892, "train_recall": 0.7221323232323232, "val_recall": 0.7456, "lr": 0.0004}, {"epoch": 5, "loss": 49.13972615895122, "eval_loss": 48.18640915552775, "train_recall": 0.7231060606060606, "val_recall": 0.7509, "lr": 0.0004}, {"epoch": 6, "loss": 49.08375564538451, "eval_loss": 48.15535072179941, "train_recall": 0.7237757575757576, "val_recall": 0.7467, "lr": 0.0004}, {"epoch": 7, "loss": 48.99329312564322, "eval_loss": 48.11283286412557, "train_recall": 0.7240757575757576, "val_recall": 0.7502, "lr": 4e-05}, {"epoch": 8, "loss": 48.97904057436008, "eval_loss": 48.13351177557921, "train_recall": 0.7241898989898989, "val_recall": 0.7458, "lr": 4e-05}, {"epoch": 9, "loss": 48.96922657242164, "eval_loss": 48.0777682524461, "train_recall": 0.7246171717171718, "val_recall": 0.7475, "lr": 4e-05}, {"epoch": 10, "loss": 48.96695232573233, "eval_loss": 48.111930089119156, "train_recall": 0.7244070707070707, "val_recall": 0.7449, "lr": 4e-05}, {"epoch": 11, "loss": 48.96117655656092, "eval_loss": 48.081314404805504, "train_recall": 0.7244161616161616, "val_recall": 0.7489, "lr": 4e-05}], "train_total": {"correct": 717172, "final_recall": 0.7244161616161616}, "training_time": 3163.115953683853, "eval_time": 0.022531509399414062}}, {"ins_id": 2, "dataset_partition": {"count_label_time": 191.30177545547485, "total_time": 191.45201659202576,