{"total_time_consume": 6929.900114059448, "preprocess": {"kmeans_time": 6278.623809576035, "random_projection": 2.0756218433380127, "total_time": 6280.793746471405}, "classifier": [{"ins_id": 1, "dataset_partition": {"time": 122.38479280471802, "cluster_number_distribution": [8752, 2346, 5995, 6676, 5610, 4013, 3064, 3810, 4998, 4714, 7761, 4780, 2515, 2502, 3855, 4187, 5001, 4677, 2326, 4690, 2550, 3467, 4268, 2217, 3172, 3990, 4451, 6226, 3240, 2188, 2063, 3270, 5216, 4168, 2711, 4387, 2753, 10607, 4794, 3170, 3566, 6071, 2565, 4143, 2307, 1803, 3005, 7432, 3807, 1528, 3333, 3153, 6036, 3239, 3904, 5393, 1950, 5769, 888, 1811, 4643, 1403, 9690, 4134, 4645, 2972, 2706, 4034, 3302, 4004, 2505, 4863, 3750, 3771, 4478, 7304, 5862, 9379, 3598, 4336, 3914, 2529, 2258, 3658, 2485, 5352, 1408, 3396, 6341, 3806, 3737, 2169, 7944, 3278, 4823, 4794, 4615, 4140, 3889, 3127, 3670, 3683, 4560, 4117, 1625, 5677, 1960, 3965, 2745, 4809, 5014, 1611, 6555, 1945, 2363, 4327, 3767, 4725, 4151, 3881, 2884, 2564, 2746, 4349, 4839, 3582, 3078, 7712, 2603, 5540, 4785, 4461, 2335, 3765, 3879, 3967, 2174, 2394, 2955, 3278, 4089, 3192, 3242, 3571, 2034, 2603, 3282, 727, 2927, 2415, 4274, 4688, 1727, 4303, 7703, 5238, 3535, 6274, 3674, 4920, 2730, 2185, 3454, 2742, 5448, 2010, 2849, 3169, 3778, 2443, 3016, 5476, 2210, 4164, 6541, 2266, 2093, 4371, 6256, 3192, 3779, 5078, 3633, 1984, 1816, 3281, 7545, 11171, 8708, 6354, 1891, 1852, 4562, 2312, 6697, 5211, 1699, 4420, 3942, 5057, 4865, 4914, 3714, 3485, 3022, 3709, 2522, 2729, 4887, 2283, 2224, 2839, 5699, 1281, 5339, 2962, 3022, 2766, 4765, 1733, 2286, 5793, 2443, 2214, 5312, 3057, 8391, 2979, 4271, 1814, 3900, 1708, 3873, 4583, 3081, 6458, 3976, 3710, 1679, 4936, 6527, 4205, 3941, 3014, 3614, 3192, 3886, 2596, 4075, 2491, 3806, 2662, 3261, 3667, 2834, 4237]}, "predict": {"time": 1.4420099258422852}}, {"ins_id": 2, "dataset_partition": {"time": 122.37335872650146, "cluster_number_distribution": [4479, 8130, 6744, 3466, 3966, 3394, 2792, 3795, 2045, 2389, 11154, 3042, 5603, 3380, 4558, 3625, 4542, 3442, 3570, 2990, 4908, 4491, 3437, 2641, 7271, 2306, 3661, 1699, 3463, 3866, 6963, 2293, 4042, 4329, 953, 3644, 3428, 3582, 3530, 3414, 5502, 1638, 3581, 3833, 1681, 2557, 2012, 1818, 3943, 2672, 2468, 3410, 3768, 4586, 3436, 2713, 3324, 6416, 2866, 3862, 2741, 3081, 2642, 6824, 5784, 2429, 5457, 2616, 3060, 2416, 2717, 7727, 3262, 2836, 11608, 5282, 3177, 5346, 3836, 5210, 4205, 2473, 2686, 2435, 3479, 5523, 2188, 3966, 3965, 2281, 2349, 2108, 3554, 3936, 2797, 4079, 3544, 1729, 4152, 4616, 2332, 7012, 5696, 5659, 4371, 2866, 1342, 3173, 5967, 1339, 5078, 5651, 4975, 2960, 1754, 3780, 5704, 4859, 3313, 7327, 4498, 2515, 2934, 9277, 6421, 7377, 3217, 4780, 2174, 3870, 4337, 2364, 2659, 3691, 2847, 1175, 1546, 3964, 4452, 4930, 3594, 3295, 2647, 3647, 2590, 2323, 2867, 4729, 8195, 4117, 3311, 3747, 1723, 3017, 3796, 2476, 2937, 2621, 6818, 1404, 2914, 6681, 3958, 5225, 2927, 4458, 1804, 4568, 6155, 3997, 2845, 2610, 2611, 10201, 2405, 2974, 5213, 2345, 3991, 3815, 2147, 4537, 4276, 2901, 4376, 5036, 5226, 4651, 2482, 5360, 3590, 3212, 4861, 1772, 3149, 2043, 4805, 3498, 3846, 2449, 3427, 5042, 2529, 1129, 1518, 3474, 2718, 2054, 3612, 2765, 3695, 5043, 3084, 4624, 13416, 4368, 2808, 5264, 3060, 2260, 5610, 2560, 6248, 4410, 5128, 4012, 3045, 3795, 6666, 3546, 4191, 5178, 2584, 2753, 2850, 2278, 3526, 3132, 10756, 6282, 2413, 2388, 6538, 2604, 3827, 4126, 5189, 3033, 3021, 7308, 4849, 2566, 3636, 1877, 6183, 4819]}, "predict": {"time": 1.4268839359283447}}, {"ins_id": 3, "dataset_partition": {"time": 121.66371750831604, "cluster_number_distribution": [2284, 3904, 2146, 3462, 4207, 5211, 6999, 2596, 4455, 2960, 2416, 1897, 3516, 3278, 5910, 4316, 2070, 2736, 3746, 3382, 1300, 1897, 3052, 6594, 2119, 2016, 4246, 3608, 3043, 2748, 2153, 3099, 6570, 1823, 3381, 3418, 3960, 4249, 4777, 3077, 4721, 6255, 5689, 4777, 7702, 8110, 4828, 3666, 2615, 4358, 2836, 4323, 6111, 3934, 2805, 4965, 2314, 2814, 5671, 14601, 2053, 2686, 2014, 1945, 6226, 2121, 3438, 3007, 5354, 3110, 1637, 1544, 3074, 2629, 2313, 3488, 5442, 2799, 4020, 6779, 4914, 6309, 4392, 1920, 2055, 5454, 12543, 4315, 2624, 3768, 5579, 5180, 2477, 4188, 2810, 1702, 3187, 1924, 2557, 2904, 1456, 4572, 1791, 1977, 3911, 5004, 2845, 5898, 2363, 5876, 5176, 3463, 6469, 3094, 4291, 3396, 4571, 1611, 2322, 3046, 3374, 2662, 3126, 2258, 3216, 1843, 5221, 4121, 6014, 4213, 3303, 4800, 2187, 3084, 1993, 3194, 1470, 5090, 4385, 3605, 3861, 4548, 6034, 2301, 5396, 5918, 3140, 3307, 4314, 9940, 3121, 4410, 1532, 5069, 3664, 3559, 2436, 5116, 7595, 6521, 5324, 2358, 2769, 6730, 2216, 3026, 7512, 3380, 4065, 2889, 4435, 3213, 3886, 8697, 3082, 2515, 2754, 3325, 2483, 2761, 2626, 2559, 3935, 4882, 4589, 1878, 3585, 1433, 1972, 1372, 3771, 1864, 3727, 3850, 3998, 9181, 3264, 8881, 3398, 4311, 3165, 4841, 3204, 5815, 3393, 1499, 2217, 3624, 4131, 3357, 4016, 2261, 8889, 4656, 9903, 5554, 3315, 3453, 3549, 3822, 4716, 2184, 4411, 4391, 3966, 2072, 4029, 2581, 4927, 3582, 4151, 6972, 3248, 4099, 4535, 5186, 2197, 3079, 7311, 2929, 1205, 3257, 2369, 2679, 5435, 2269, 3792, 3591, 2918, 2531, 3364, 3580, 7677, 2663, 9453, 3221]}, "predict": {"time": 1.4276928901672363}}, {"ins_id": 4, "dataset_partition": {"time": 123.66146183013916, "cluster_number_distribution": [3671, 6698, 6040, 5065, 2689, 5130, 5224, 2878, 5098, 3912, 4648, 3177, 2500, 2541, 4635, 3076, 4289, 3033, 3864, 5953, 3043, 2542, 3102, 2788, 3419, 5011, 4144, 3646, 7700, 3822, 4236, 3257, 6020, 6098, 3329, 3274, 3342, 9300, 5661, 2229, 2579, 3615, 3109, 2301, 2883, 5105, 4537, 3053, 1626, 4969, 2966, 3285, 6184, 5628, 2554, 5129, 3629, 3287, 1923, 4781, 3460, 1580, 5565, 1576, 3081, 2742, 4941, 3674, 2140, 6355, 3002, 5669, 2711, 2724, 1957, 3434, 4512, 4332, 6713, 3467, 2441, 3363, 4196, 8308, 3214, 4211, 5232, 3574, 6021, 3367, 5374, 1074, 3862, 5060, 2436, 5242, 3607, 6082, 1380, 3591, 8118, 3420, 3580, 2898, 3966, 2818, 3183, 4360, 2133, 2692, 3656, 6212, 3428, 1734, 7378, 3709, 2456, 3910, 5203, 4220, 2879, 7296, 6461, 1974, 3435, 3339, 6044, 1077, 3717, 2100, 3484, 4167, 2517, 5032, 7358, 3808, 7566, 5460, 3398, 2734, 2061, 2814, 3158, 2147, 2881, 2609, 3575, 3247, 2906, 2535, 2570, 4271, 2666, 6607, 3985, 3311, 2250, 5353, 4340, 4772, 4429, 3338, 4281, 4764, 3731, 3579, 9397, 3547, 3338, 4277, 4003, 3854, 1552, 2982, 5409, 3187, 4313, 3141, 4838, 4805, 3396, 2855, 4086, 2781, 2728, 2291, 4475, 4326, 5229, 2922, 4786, 3876, 5568, 5201, 4235, 1701, 3551, 3129, 1792, 3771, 2053, 2983, 4389, 3795, 3701, 1930, 3298, 2288, 5894, 3235, 4379, 7390, 5969, 4629, 2630, 2262, 6321, 4321, 4482, 2951, 6583, 4387, 2066, 4017, 2900, 3695, 4431, 3428, 4855, 2472, 2712, 4376, 1705, 3237, 6211, 2648, 2697, 3825, 2666, 7154, 3064, 7843, 2052, 2700, 6013, 4106, 6310, 2433, 1868, 4120, 4048, 3661, 2639, 5412, 1397, 2430]}, "predict": {"time": 1.4272572994232178}}], "integrate": {"time": 86.66074061393738}, "count_recall": {"time": 65.95040512084961}}