{"total_time_consume": 14363.965520143509, "preprocess": {"kmeans_time": 4880.836101531982, "random_projection_time": 0.017503023147583008, "total_time": 4881.06418132782}, "classifier": [{"ins_id": 0, "dataset_partition": {"count_label_time": 194.3967957496643, "total_time": 194.54350423812866, "cluster_number_distribution": [5193, 2844, 4433, 3517, 10448, 2435, 10684, 5751, 3118, 2282, 3085, 9111, 2043, 1714, 1455, 2099, 2660, 4178, 3300, 5119, 5393, 3172, 6381, 3956, 3936, 2361, 2561, 4552, 4004, 4840, 3143, 2485, 3935, 2152, 3513, 2432, 2842, 4710, 1913, 9167, 3111, 7342, 5025, 2240, 1942, 5067, 11037, 2359, 3789, 1534, 3205, 5206, 2586, 805, 4634, 5757, 6282, 1972, 4642, 6190, 2448, 1428, 5438, 4649, 3613, 2378, 2137, 3136, 4572, 1674, 2975, 5961, 5750, 3393, 3177, 4833, 8272, 1881, 2971, 2221, 8626, 6272, 6278, 2284, 4771, 2968, 4558, 2486, 3098, 1438, 1765, 7695, 3584, 3354, 2835, 4651, 4610, 3884, 5523, 3088, 3085, 2621, 4910, 2384, 2371, 2090, 2081, 6844, 1938, 4931, 3832, 5117, 2818, 1335, 4580, 2848, 3194, 4012, 3969, 2297, 2411, 4619, 2008, 5072, 2109, 1968, 1556, 3469, 3722, 1843, 2499, 3634, 2637, 4980, 3799, 3084, 3270, 3222, 2800, 5982, 3741, 3446, 3490, 7289, 2588, 3400, 3028, 6313, 5021, 4442, 4034, 3543, 2609, 2409, 3907, 2392, 2781, 3181, 3174, 6073, 2214, 2098, 4789, 4402, 4573, 3320, 2486, 3165, 3674, 4638, 5243, 3572, 2700, 3324, 2317, 3302, 8005, 3771, 3133, 3063, 3908, 6263, 5894, 3816, 3169, 2069, 7713, 1451, 4238, 4526, 4545, 3693, 2252, 4609, 4538, 1644, 6459, 3498, 4900, 1932, 4603, 5655, 3603, 6473, 6262, 3737, 2492, 1914, 2042, 4300, 4161, 5314, 2060, 5302, 6327, 2550, 4629, 1930, 6200, 2888, 4956, 4205, 1805, 2947, 3666, 6592, 2528, 2984, 2031, 1721, 2542, 8664, 3125, 2168, 4721, 5187, 10355, 1951, 3336, 2477, 5422, 1053, 3662, 3173, 3637, 6158, 5133, 10442, 4353, 2462, 5314, 4263, 3178, 4423, 2855, 6044]}, "prepare_train_sample": {"time": 0.5341544151306152}, "train_eval_model": {"train_config": {"model_name": "one_block_2048_dim", "lr": 0.008, "n_epochs": 12, "milestones": [3, 7]}, "train_intermediate": [{"epoch": 0, "loss": 55.541387285293645, "eval_loss": 51.529636847667206, "train_recall": 0.658010101010101, "val_recall": 0.6986, "lr": 0.008}, {"epoch": 1, "loss": 53.8260239785076, "eval_loss": 51.29717895312187, "train_recall": 0.6740868686868687, "val_recall": 0.6899, "lr": 0.008}, {"epoch": 2, "loss": 53.592903843130095, "eval_loss": 50.96481078710311, "train_recall": 0.675750505050505, "val_recall": 0.7069, "lr": 0.008}, {"epoch": 3, "loss": 52.239924856589674, "eval_loss": 49.94015416120872, "train_recall": 0.699010101010101, "val_recall": 0.7253, "lr": 0.0008}, {"epoch": 4, "loss": 52.06396932146007, "eval_loss": 49.80604240221855, "train_recall": 0.7011838383838384, "val_recall": 0.724, "lr": 0.0008}, {"epoch": 5, "loss": 51.99494447124587, "eval_loss": 49.75886653019832, "train_recall": 0.7014131313131313, "val_recall": 0.7244, "lr": 0.0008}, {"epoch": 6, "loss": 51.959050615676084, "eval_loss": 49.793126937670586, "train_recall": 0.7014323232323232, "val_recall": 0.7224, "lr": 0.0008}, {"epoch": 7, "loss": 51.82645199908218, "eval_loss": 49.707699751242615, "train_recall": 0.7030666666666666, "val_recall": 0.7224, "lr": 8e-05}, {"epoch": 8, "loss": 51.81004242706373, "eval_loss": 49.65012726416955, "train_recall": 0.7034262626262626, "val_recall": 0.7233, "lr": 8e-05}, {"epoch": 9, "loss": 51.80662097734236, "eval_loss": 49.671633219107605, "train_recall": 0.7039060606060606, "val_recall": 0.7268, "lr": 8e-05}, {"epoch": 10, "loss": 51.81169545707896, "eval_loss": 49.706656150328804, "train_recall": 0.7038767676767677, "val_recall": 0.725, "lr": 8e-05}, {"epoch": 11, "loss": 51.80041852021883, "eval_loss": 49.70562306428567, "train_recall": 0.7036909090909091, "val_recall": 0.7224, "lr": 8e-05}], "train_total": {"correct": 696654, "final_recall": 0.7036909090909091}, "training_time": 2018.6138858795166, "eval_time": 0.006449699401855469}}, {"ins_id": 1, "dataset_partition": {"count_label_time": 196.3372447490692, "total_time": 196.4969198703766, "cluster_number_distribution": [4352, 3785, 3672, 5923, 7233, 2606, 2373, 2607, 3989, 7086, 6525, 2848, 2165, 4929, 3869, 3535, 5584, 6005, 5252, 2271, 4789, 3625, 5515, 5084, 3208, 5831, 4212, 2605, 4073, 7278, 3321, 5466, 4762, 3989, 4197, 2386, 3112, 4197, 14351, 3755, 3252, 6567, 2990, 3240, 2773, 2315, 5496, 4605, 2955, 2556, 1843, 2326, 2358, 6521, 6907, 3215, 3990, 4208, 4559, 3498, 4395, 2669, 4888, 2020, 3900, 2959, 4381, 4837, 2632, 3107, 2834, 4544, 4141, 2791, 2697, 7587, 3443, 3626, 4308, 2240, 1707, 5029, 3045, 1934, 4360, 3437, 4088, 2155, 3378, 2284, 4578, 9120, 2601, 4652, 3802, 1859, 6020, 2809, 7068, 2512, 2754, 3255, 6447, 11000, 2730, 4545, 2296, 2306, 2974, 4415, 4646, 3609, 3374, 3627, 2915, 5015, 3920, 2656, 4522, 1732, 6408, 3318, 4194, 3330, 4090, 4959, 3418, 3110, 11695, 3182, 2865, 1612, 2278, 2002, 5649, 5203, 1738, 3671, 3300, 5312, 6255, 1333, 2647, 1607, 2368, 1316, 2628, 3543, 4078, 2016, 3524, 2827, 1034, 1494, 1073, 3976, 4949, 1197, 4511, 5066, 3469, 4140, 2867, 4687, 1413, 3194, 3148, 3020, 5631, 6281, 2623, 3649, 3581, 4513, 7709, 3013, 7392, 1142, 4993, 5378, 3408, 1522, 6650, 2058, 5185, 3962, 5598, 1369, 4491, 4713, 4735, 2997, 4549, 3611, 1631, 5319, 3137, 4781, 3891, 2800, 2519, 4287, 5423, 8107, 5873, 2986, 5292, 5678, 5403, 1309, 1947, 2999, 3144, 1784, 3974, 3405, 3361, 4300, 2332, 2078, 2873, 3890, 2642, 7214, 7526, 3306, 2310, 7029, 2711, 7732, 4328, 4037, 4015, 1612, 5969, 3452, 3347, 1974, 5816, 4149, 3205, 3609, 3503, 2330, 3057, 3609, 3686, 3154, 3931, 3268, 3289, 3450, 3328, 2469, 3462, 3777]}, "prepare_train_sample": {"time": 0.4852333068847656}, "train_eval_model": {"train_config": {"model_name": "one_block_2048_dim", "lr": 0.008, "n_epochs": 12, "milestones": [3, 7]}, "train_intermediate": [{"epoch": 0, "loss": 55.46221139803459, "eval_loss": 51.065678792122085, "train_recall": 0.6614787878787879, "val_recall": 0.7175, "lr": 0.008}, {"epoch": 1, "loss": 53.73059814575937, "eval_loss": 50.802611399919556, "train_recall": 0.6783040404040404, "val_recall": 0.7127, "lr": 0.008}, {"epoch": 2, "loss": 53.49797990269169, "eval_loss": 50.68587457216703, "train_recall": 0.6801393939393939, "val_recall": 0.7258, "lr": 0.008}, {"epoch": 3, "loss": 52.11701351727674, "eval_loss": 49.64109259385329, "train_recall": 0.7035595959595959, "val_recall": 0.7363, "lr": 0.0008}, {"epoch": 4, "loss": 51.96115734022536, "eval_loss": 49.65698475715442, "train_recall": 0.7053656565656565, "val_recall": 0.7405, "lr": 0.0008}, {"epoch": 5, "loss": 51.88727364153384, "eval_loss": 49.61115127954728, "train_recall": 0.7065141414141414, "val_recall": 0.734, "lr": 0.0008}, {"epoch": 6, "loss": 51.83669960923828, "eval_loss": 49.4850062468113, "train_recall": 0.7061646464646465, "val_recall": 0.7366, "lr": 0.0008}, {"epoch": 7, "loss": 51.711869441503836, "eval_loss": 49.470368715432976, "train_recall": 0.7085414141414141, "val_recall": 0.7357, "lr": 8e-05}, {"epoch": 8, "loss": 51.70509473237955, "eval_loss": 49.474386056264244, "train_recall": 0.7088878787878787, "val_recall": 0.7372, "lr": 8e-05}, {"epoch": 9, "loss": 51.703469894896976, "eval_loss": 49.43837510622465, "train_recall": 0.708130303030303, "val_recall": 0.7391, "lr": 8e-05}, {"epoch": 10, "loss": 51.697198701643906, "eval_loss": 49.512961155328995, "train_recall": 0.7083080808080808, "val_recall": 0.7334, "lr": 8e-05}, {"epoch": 11, "loss": 51.684318410297145, "eval_loss": 49.39497117507152, "train_recall": 0.708669696969697, "val_recall": 0.738, "lr": 8e-05}], "train_total": {"correct": 701583, "final_recall": 0.708669696969697}, "training_time": 1997.8449249267578, "eval_time": 0.019350528717041016}}, {"ins_id": 2, "dataset_partition": {"count_label_time": 228.13855648040771, "total_time": 228.3002598285675,