{"total_time_consume": 17437.570862531662, "preprocess": {"total_time": 0.16953563690185547}, "classifier": [{"ins_id": 0, "dataset_partition": {"bulid_graph_time": 1196.0733551979065, "save_graph_time": 30.665489673614502, "graph_partition_time": 79.78598642349243, "total_time": 1306.6779465675354, "cluster_number_distribution": [3506, 3977, 3965, 4023, 4020, 3970, 4023, 4023, 3865, 4024, 3892, 0, 4022, 4021, 3911, 4023, 4022, 4012, 4006, 4023, 4020, 4022, 4022, 4021, 4014, 4008, 4022, 4013, 4011, 3995, 4023, 3999, 3961, 4013, 3940, 4009, 4011, 4020, 4024, 3978, 4016, 4022, 3999, 3987, 3999, 3992, 4014, 4023, 4021, 4023, 4020, 4000, 4023, 4020, 3623, 4006, 4013, 3912, 4023, 4017, 2296, 4021, 4018, 4021, 3973, 4023, 4007, 4023, 4023, 4023, 4014, 4023, 4017, 4019, 4020, 4023, 3962, 4021, 4023, 4017, 3989, 4021, 4022, 4018, 4021, 0, 4018, 4020, 3982, 4021, 4021, 4022, 4022, 2328, 4022, 4020, 4010, 3960, 4015, 3962, 4010, 3981, 4017, 3675, 4019, 4018, 4023, 4010, 4005, 4012, 4019, 3887, 4011, 4015, 4024, 4016, 4021, 4020, 4019, 4023, 4020, 4023, 4020, 4017, 4021, 4023, 3940, 3843, 3945, 4024, 4024, 4023, 4017, 4022, 4017, 3998, 3659, 3977, 3965, 2583, 4006, 4016, 573, 3948, 3495, 4024, 4024, 3332, 4024, 4024, 4021, 4022, 4008, 4024, 3978, 3903, 4024, 4023, 3876, 2613, 3980, 3878, 4017, 4023, 4020, 3967, 4020, 4015, 3937, 4023, 4020, 4018, 3993, 3934, 3959, 4002, 4017, 4022, 4021, 4018, 4020, 3974, 4009, 4014, 4022, 3726, 4022, 4017, 3920, 3969, 4021, 4022, 3926, 4016, 4014, 4008, 4024, 4022, 4015, 4021, 4019, 4023, 4012, 3991, 3959, 3701, 4020, 4021, 3999, 3962, 3995, 4016, 3942, 3915, 4012, 4014, 4021, 4023, 4023, 4001, 289, 4018, 4004, 4013, 3977, 3980, 4021, 4014, 4020, 4012, 3984, 4011, 4019, 4014, 4022, 4010, 4012, 4022, 4023, 4017, 3981, 4023, 4016, 3917, 3952, 3996, 4024, 4020, 4020, 4022, 4020, 3955, 3972, 4012, 4019, 4022]}, "prepare_train_sample": {"time": 0.538738489151001}, "train_eval_model": {"train_config": {"model_name": "one_block_2048_dim", "lr": 0.004, "n_epochs": 12, "milestones": [3, 7]}, "train_intermediate": [{"epoch": 0, "loss": 65.23999222415326, "eval_loss": 52.5444363508469, "train_recall": 0.5816060606060606, "val_recall": 0.6858, "lr": 0.004}, {"epoch": 1, "loss": 62.68039876378862, "eval_loss": 51.94124403978005, "train_recall": 0.6186979797979798, "val_recall": 0.696, "lr": 0.004}, {"epoch": 2, "loss": 62.20024124694463, "eval_loss": 51.792316559033516, "train_recall": 0.6272262626262626, "val_recall": 0.7003, "lr": 0.004}, {"epoch": 3, "loss": 60.93294939218143, "eval_loss": 50.80427411275032, "train_recall": 0.6541525252525252, "val_recall": 0.7266, "lr": 0.0004}, {"epoch": 4, "loss": 60.75294321372575, "eval_loss": 50.712785891997505, "train_recall": 0.657549494949495, "val_recall": 0.7283, "lr": 0.0004}, {"epoch": 5, "loss": 60.67262911794258, "eval_loss": 50.61985001197228, "train_recall": 0.6595131313131313, "val_recall": 0.7289, "lr": 0.0004}, {"epoch": 6, "loss": 60.6210386539687, "eval_loss": 50.523916281186615, "train_recall": 0.6604010101010102, "val_recall": 0.7278, "lr": 0.0004}, {"epoch": 7, "loss": 60.50513008175136, "eval_loss": 50.50479016548548, "train_recall": 0.6629888888888888, "val_recall": 0.7325, "lr": 4e-05}, {"epoch": 8, "loss": 60.48335021586464, "eval_loss": 50.524151215186485, "train_recall": 0.663540404040404, "val_recall": 0.7349, "lr": 4e-05}, {"epoch": 9, "loss": 60.47765369022556, "eval_loss": 50.47850129543207, "train_recall": 0.6637909090909091, "val_recall": 0.7329, "lr": 4e-05}, {"epoch": 10, "loss": 60.46990562207397, "eval_loss": 50.59234335483649, "train_recall": 0.6640484848484849, "val_recall": 0.7315, "lr": 4e-05}, {"epoch": 11, "loss": 60.46194128782558, "eval_loss": 50.438272873560585, "train_recall": 0.664189898989899, "val_recall": 0.7291, "lr": 4e-05}], "train_total": {"correct": 657548, "final_recall": 0.664189898989899}, "training_time": 2253.941830396652, "eval_time": 0.016729354858398438}}, {"ins_id": 1, "dataset_partition": {"bulid_graph_time": 1624.0655698776245, "save_graph_time": 36.87122392654419, "graph_partition_time": 78.30911493301392, "total_time": 1739.4036755561829, "cluster_number_distribution": [4023, 4018, 3955, 4024, 4019, 4023, 3992, 4008, 3806, 4021, 4023, 4023, 4001, 3719, 3978, 3995, 3990, 3998, 4003, 4018, 4023, 4022, 3984, 4017, 4022, 4023, 4011, 3941, 3863, 3816, 3996, 4021, 4014, 4013, 3988, 4023, 4020, 4024, 3805, 4023, 4005, 4020, 3886, 0, 4023, 4017, 3865, 4016, 4015, 4024, 3991, 4023, 4022, 4023, 4021, 4022, 4020, 3992, 4021, 3340, 3591, 4023, 3778, 4024, 4020, 4006, 4023, 4019, 4023, 4023, 4012, 4023, 4017, 3948, 4020, 3946, 4019, 3971, 4013, 4020, 4020, 4023, 4024, 3717, 4023, 4022, 3908, 4022, 4024, 3168, 4023, 3879, 4024, 4024, 4023, 2246, 4022, 4021, 3994, 4007, 2947, 4023, 4021, 4017, 4023, 4011, 3924, 4019, 4014, 3991, 4024, 4023, 4024, 4022, 1287, 4023, 4024, 4023, 4021, 4020, 4019, 4003, 4018, 4024, 4023, 4023, 4023, 4021, 4020, 4019, 4023, 4019, 4021, 4008, 4023, 4020, 4023, 4021, 3890, 4000, 4000, 4012, 4021, 4009, 4003, 3992, 3997, 4013, 3979, 3978, 3981, 4024, 3756, 3996, 4008, 4010, 3996, 3390, 4023, 3989, 3966, 4021, 4017, 4014, 4015, 4022, 4021, 4023, 2817, 4023, 4021, 4023, 4019, 4022, 4019, 4022, 4022, 905, 4023, 4009, 4007, 4021, 4022, 4019, 4015, 4020, 3936, 3959, 3974, 3999, 4004, 3959, 3918, 4020, 4021, 4019, 4023, 4023, 3991, 3688, 4018, 3883, 4023, 3993, 4023, 4023, 3981, 4022, 4024, 4023, 3908, 4001, 4010, 4023, 4022, 4022, 3964, 3969, 4024, 4023, 3010, 3811, 3935, 4011, 4024, 3896, 4021, 3517, 4021, 4019, 4024, 4008, 3318, 4019, 3877, 4020, 4013, 4023, 3946, 3892, 3638, 4023, 4024, 4013, 4015, 4022, 3998, 4019, 3993, 4022, 0, 4000, 4024, 3960, 3929, 4010]}, "prepare_train_sample": {"time": 0.7377393245697021}, "train_eval_model": {"train_config": {"model_name": "one_block_2048_dim", "lr": 0.004, "n_epochs": 12, "milestones": [3, 7]}, "train_intermediate": [{"epoch": 0, "loss": 67.99718256585795, "eval_loss": 54.53943294133895, "train_recall": 0.5548616161616161, "val_recall": 0.667, "lr": 0.004}, {"epoch": 1, "loss": 65.54304954015119, "eval_loss": 54.141655194453705, "train_recall": 0.5897323232323233, "val_recall": 0.681, "lr": 0.004}, {"epoch": 2, "loss": 65.07180830029513, "eval_loss": 54.126444779909576, "train_recall": 0.5982666666666666, "val_recall": 0.681, "lr": 0.004}, {"epoch": 3, "loss": 63.847918053498255, "eval_loss": 52.9782529427455, "train_recall": 0.623879797979798, "val_recall": 0.7068, "lr": 0.0004}, {"epoch": 4, "loss": 63.67494857965153, "eval_loss": 53.02074295435197, "train_recall": 0.6272343434343435, "val_recall": 0.7065, "lr": 0.0004}, {"epoch": 5, "loss": 63.60022236788616, "eval_loss": 52.87940307763907, "train_recall": 0.6286020202020202, "val_recall": 0.7088, "lr": 0.0004}, {"epoch": 6, "loss": 63.54700673116249, "eval_loss": 52.79395480033679, "train_recall": 0.6292575757575758, "val_recall": 0.713, "lr": 0.0004}, {"epoch": 7, "loss": 63.41952307014578, "eval_loss": 52.790327017123886, "train_recall": 0.6324323232323232, "val_recall": 0.7105, "lr": 4e-05}, {"epoch": 8, "loss": 63.405046854445494, "eval_loss": 52.78923023664034, "train_recall": 0.6326131313131313, "val_recall": 0.711, "lr": 4e-05}, {"epoch": 9, "loss": 63.39259743436944, "eval_loss": 52.764197459587685, "train_recall": 0.633329292929293, "val_recall": 0.7135, "lr": 4e-05}, {"epoch": 10, "loss": 63.39900224930245, "eval_loss": 52.78788786056714, "train_recall": 0.6331292929292929, "val_recall": 0.7117, "lr": 4e-05}, {"epoch": 11, "loss": 63.38086066711664, "eval_loss": 52.71135552112873, "train_recall": 0.6331595959595959, "val_recall": 0.7123, "lr": 4e-05}], "train_total": {"correct": 626828, "final_recall": 0.6331595959595959}, "training_time": 2228.5100603103638, "eval_time": 0.020340681076049805}}, {"ins_id": 2, "dataset_partition": {"bulid_graph_time": 2001.85036444664, "save_graph_time": 27.370072603225708, "graph_partition_time": 70.53426718711853, "total_time": 2099.9377858638763,