{"total_time_consume": 18576.498064756393, "preprocess": {"kmeans_time": 8823.761692523956, "random_projection_time": 0.024499177932739258, "total_time": 8823.998623132706}, "classifier": [{"ins_id": 0, "dataset_partition": {"count_label_time": 214.77430486679077, "total_time": 214.9202606678009, "cluster_number_distribution": [6874, 2312, 6948, 3631, 4635, 5013, 1638, 738, 1476, 6320, 2297, 1349, 9334, 8846, 2336, 15022, 772, 2772, 12235, 3841, 5486, 7259, 420, 3950, 1500, 4027, 4421, 6900, 1335, 6050, 1398, 2580, 1040, 1028, 2524, 3974, 12328, 3695, 1838, 2233, 1967, 8445, 5666, 2222, 3816, 2726, 4115, 2516, 7808, 5887, 9495, 1574, 6044, 3792, 2939, 3021, 1795, 3808, 4238, 3705, 3759, 1713, 6077, 1654, 8315, 1785, 5307, 2884, 1892, 6265, 3184, 6956, 1838, 2513, 8994, 2443, 3485, 1049, 3992, 4781, 3719, 3695, 2136, 6255, 2579, 3557, 2723, 6509, 4668, 1746, 2145, 4558, 875, 699, 4073, 1303, 1520, 1037, 1749, 3610, 5250, 650, 1844, 448, 5257, 10683, 3258, 3933, 4417, 4475, 2431, 1965, 872, 6971, 2158, 3177, 997, 3556, 2430, 4359, 3466, 1767, 4415, 1437, 6643, 1214, 4576, 1031, 2342, 3801, 2148, 4577, 2403, 3171, 5862, 4895, 2176, 1777, 1845, 6619, 4173, 6723, 1029, 4684, 2740, 4113, 2712, 15005, 4809, 1291, 972, 1074, 2570, 1727, 2013, 3525, 497, 1927, 4944, 9100, 5435, 3123, 12426, 4518, 3267, 3969, 3289, 3464, 4695, 7829, 3494, 5367, 2043, 1547, 11040, 4739, 5016, 4666, 6131, 3091, 9917, 6727, 2010, 7140, 6236, 1334, 1774, 5694, 8862, 2737, 12302, 4930, 7401, 5161, 5194, 3173, 1873, 6114, 3365, 7729, 947, 3437, 3609, 3223, 3210, 1478, 1792, 3074, 3540, 2274, 1370, 983, 14060, 1361, 3857, 4174, 4951, 2007, 2799, 5555, 5080, 1021, 1212, 1613, 5667, 6734, 2534, 5619, 2192, 2606, 8311, 5623, 815, 2815, 1517, 552, 1909, 8340, 2872, 1472, 2117, 4276, 2035, 631, 2288, 1273, 2165, 913, 1597, 3779, 414, 4126, 991, 2054, 17778, 1616]}, "prepare_train_sample": {"time": 0.5124685764312744}, "train_eval_model": {"train_config": {"model_name": "one_block_2048_dim", "lr": 0.008, "n_epochs": 12, "milestones": [3, 7]}, "train_intermediate": [{"epoch": 0, "loss": 80.54715098065289, "eval_loss": 75.84797834738707, "train_recall": 0.5657313131313131, "val_recall": 0.6225, "lr": 0.008}, {"epoch": 1, "loss": 78.64379476410434, "eval_loss": 75.69033054205087, "train_recall": 0.5815343434343434, "val_recall": 0.6244, "lr": 0.008}, {"epoch": 2, "loss": 78.39480440745385, "eval_loss": 75.64769002718803, "train_recall": 0.5822838383838383, "val_recall": 0.6243, "lr": 0.008}, {"epoch": 3, "loss": 76.78231165415792, "eval_loss": 74.23038894702226, "train_recall": 0.6045282828282829, "val_recall": 0.6415, "lr": 0.0008}, {"epoch": 4, "loss": 76.57492309007054, "eval_loss": 74.15192917065743, "train_recall": 0.6067777777777777, "val_recall": 0.6394, "lr": 0.0008}, {"epoch": 5, "loss": 76.49692367557164, "eval_loss": 74.03358620863695, "train_recall": 0.6080060606060607, "val_recall": 0.6428, "lr": 0.0008}, {"epoch": 6, "loss": 76.44456369170861, "eval_loss": 74.13854219974615, "train_recall": 0.6080131313131313, "val_recall": 0.6499, "lr": 0.0008}, {"epoch": 7, "loss": 76.28127682285695, "eval_loss": 74.03613780095027, "train_recall": 0.6095161616161616, "val_recall": 0.6481, "lr": 8e-05}, {"epoch": 8, "loss": 76.27296574548787, "eval_loss": 73.9067355180398, "train_recall": 0.6097010101010101, "val_recall": 0.6464, "lr": 8e-05}, {"epoch": 9, "loss": 76.26849748800292, "eval_loss": 73.92192169336172, "train_recall": 0.6100939393939394, "val_recall": 0.641, "lr": 8e-05}, {"epoch": 10, "loss": 76.25823373939748, "eval_loss": 73.94885978943262, "train_recall": 0.6098454545454546, "val_recall": 0.6454, "lr": 8e-05}, {"epoch": 11, "loss": 76.25724673145562, "eval_loss": 74.0059483112433, "train_recall": 0.6105020202020202, "val_recall": 0.6491, "lr": 8e-05}], "train_total": {"correct": 604397, "final_recall": 0.6105020202020202}, "training_time": 2093.5792417526245, "eval_time": 0.021883010864257812}}, {"ins_id": 1, "dataset_partition": {"count_label_time": 201.0605652332306, "total_time": 201.2162058353424, "cluster_number_distribution": [9230, 4597, 1660, 5536, 2139, 6974, 1451, 2445, 9529, 2810, 10497, 684, 4743, 7167, 2063, 2457, 3234, 2178, 10910, 4672, 1749, 3605, 7636, 6598, 1474, 4681, 3471, 2501, 7000, 900, 7191, 6725, 4945, 1694, 2817, 2930, 2618, 1530, 6991, 3163, 1488, 6772, 1093, 8096, 6640, 6516, 1398, 3923, 739, 3949, 1936, 2055, 7733, 4719, 1016, 2423, 913, 809, 3912, 2908, 2601, 5031, 2901, 3661, 8163, 2973, 3388, 3641, 6158, 3092, 11149, 4613, 6546, 2449, 1977, 7012, 2855, 6522, 2074, 6903, 1491, 1299, 13196, 3470, 3574, 1724, 3278, 3747, 6089, 723, 4763, 1374, 8608, 2966, 2786, 2738, 891, 3116, 3896, 1711, 4161, 3342, 2047, 4839, 3460, 1330, 1386, 3906, 1776, 4473, 1393, 1803, 3088, 6694, 3823, 5732, 2746, 2081, 2200, 786, 5605, 2081, 1751, 1741, 746, 2552, 6327, 3252, 1789, 10573, 4299, 3578, 6890, 2406, 4776, 1872, 3076, 2200, 1727, 533, 2675, 1686, 3705, 2045, 1539, 2893, 4630, 5113, 1126, 2751, 2705, 5480, 1007, 1481, 8542, 888, 2671, 2226, 2434, 2202, 4291, 7843, 7403, 9411, 19271, 2862, 4798, 4344, 2274, 2374, 3437, 4526, 11864, 5688, 1872, 7234, 12247, 6374, 1804, 6659, 3129, 2075, 10198, 4189, 2759, 11513, 2715, 3317, 1299, 8305, 2809, 353, 998, 4324, 3314, 3948, 2190, 1615, 4041, 6052, 1948, 1370, 1371, 7703, 4011, 3357, 3457, 7824, 2065, 2017, 1604, 3452, 3591, 1561, 2896, 2861, 3831, 6037, 4655, 3078, 2313, 3445, 2932, 2659, 5648, 3212, 9494, 4410, 3451, 1419, 1508, 3821, 2203, 3833, 2415, 4030, 3644, 2001, 1452, 3239, 3052, 5078, 3151, 3108, 4256, 1452, 1829, 1935, 5040, 610, 853, 7848, 4549, 2237, 4976, 12468]}, "prepare_train_sample": {"time": 0.48671412467956543}, "train_eval_model": {"train_config": {"model_name": "one_block_2048_dim", "lr": 0.008, "n_epochs": 12, "milestones": [3, 7]}, "train_intermediate": [{"epoch": 0, "loss": 83.35932590117046, "eval_loss": 78.64209452653543, "train_recall": 0.5600313131313132, "val_recall": 0.6113, "lr": 0.008}, {"epoch": 1, "loss": 81.45205829439226, "eval_loss": 78.70279262004755, "train_recall": 0.5752838383838383, "val_recall": 0.6037, "lr": 0.008}, {"epoch": 2, "loss": 81.2252009953718, "eval_loss": 78.62315306296715, "train_recall": 0.5766252525252525, "val_recall": 0.6008, "lr": 0.008}, {"epoch": 3, "loss": 79.62019717049444, "eval_loss": 77.07629804122142, "train_recall": 0.5988353535353536, "val_recall": 0.6316, "lr": 0.0008}, {"epoch": 4, "loss": 79.4005425956241, "eval_loss": 76.89772153512025, "train_recall": 0.6022818181818181, "val_recall": 0.6328, "lr": 0.0008}, {"epoch": 5, "loss": 79.31277838634004, "eval_loss": 77.00858997687315, "train_recall": 0.603030303030303, "val_recall": 0.636, "lr": 0.0008}, {"epoch": 6, "loss": 79.25914801642509, "eval_loss": 77.03081898811536, "train_recall": 0.6033737373737373, "val_recall": 0.6382, "lr": 0.0008}, {"epoch": 7, "loss": 79.11762128497587, "eval_loss": 76.70383645326663, "train_recall": 0.6055535353535354, "val_recall": 0.6373, "lr": 8e-05}, {"epoch": 8, "loss": 79.0943818840039, "eval_loss": 76.80281313871726, "train_recall": 0.6059666666666667, "val_recall": 0.6348, "lr": 8e-05}, {"epoch": 9, "loss": 79.08143154930605, "eval_loss": 76.78728829897366, "train_recall": 0.605890909090909, "val_recall": 0.6391, "lr": 8e-05}, {"epoch": 10, "loss": 79.0896126219107, "eval_loss": 76.90180334678062, "train_recall": 0.6054868686868687, "val_recall": 0.6431, "lr": 8e-05}, {"epoch": 11, "loss": 79.0829147022959, "eval_loss": 76.74758495428624, "train_recall": 0.6059363636363636, "val_recall": 0.6358, "lr": 8e-05}], "train_total": {"correct": 599877, "final_recall": 0.6059363636363636}, "training_time": 2085.51797246933, "eval_time": 0.018808841705322266}}, {"ins_id": 2, "dataset_partition": {"count_label_time": 188.40368390083313, "total_time": 188.55768489837646,