{"total_time_consume": 4824.09116435051, "preprocess": {"total_time": 0.0489048957824707}, "classifier": [{"ins_id": 0, "dataset_partition": {"bulid_graph_time": 893.2534387111664, "save_graph_time": 26.96497893333435, "graph_partition_time": 128.75800609588623, "total_time": 1049.1333038806915, "cluster_number_distribution": [4017, 4018, 4018, 4018, 4018, 4017, 4017, 4018, 4018, 4018, 4017, 2861, 3954, 3935, 3998, 4016, 4018, 4018, 4018, 4018, 4018, 4017, 3624, 4017, 3333, 4017, 4018, 4017, 4009, 3881, 4016, 4018, 4017, 4018, 3784, 3994, 4018, 4000, 3980, 3986, 3986, 4016, 3988, 4003, 4018, 4018, 4018, 4002, 4018, 4017, 4018, 4018, 4010, 4018, 4017, 4017, 4018, 4009, 4012, 4011, 3994, 4017, 4003, 4017, 4018, 3989, 3995, 4016, 4017, 4018, 4016, 2419, 4017, 4018, 4018, 4012, 3167, 2847, 4017, 4018, 3624, 3341, 4012, 3262, 3777, 3152, 4018, 4018, 4018, 3454, 4018, 4018, 4018, 2848, 3643, 4016, 4017, 3387, 4014, 3961, 4011, 4018, 4018, 4018, 4003, 3904, 3451, 3973, 4017, 4016, 4018, 4016, 3952, 4001, 3878, 3744, 4018, 3978, 3372, 4007, 3971, 4014, 4017, 4011, 4006, 4017, 3729, 4029, 4028, 3867, 4028, 2157, 4028, 2962, 3773, 4028, 4024, 4027, 3999, 3975, 4028, 3781, 4027, 3969, 3829, 3733, 3931, 3004, 3967, 3495, 4028, 3825, 4026, 4026, 4028, 3130, 4025, 3984, 4028, 4028, 4027, 3986, 3680, 3341, 4028, 4004, 4028, 4028, 3898, 3796, 4028, 4025, 4006, 1999, 4027, 4029, 3992, 4013, 3533, 4028, 4028, 4027, 4017, 4028, 4016, 4028, 4028, 4004, 3997, 4029, 4025, 4028, 3232, 4026, 4029, 4028, 3754, 4025, 4025, 4020, 4028, 4028, 3967, 3978, 4029, 4028, 4025, 4028, 4028, 4018, 4028, 4027, 4028, 4028, 4028, 4025, 4028, 4024, 3121, 4028, 4029, 4028, 4028, 4028, 3955, 4023, 4028, 4028, 4020, 3991, 3768, 4027, 3297, 4029, 3605, 3970, 4014, 3966, 4028, 4026, 4025, 4027, 4028, 4028, 4010, 4028, 4028, 4028, 4028, 4028, 4023, 4028, 4028, 4019, 4028, 4028]}, "prepare_train_sample": {"time": 0.5506463050842285}, "train_eval_model": {"train_intermediate": [{"epoch": 0, "loss": 93.68121696807805, "eval_loss": 87.72064949915959, "train_recall": 0.31746060606060605, "val_recall": 0.3668, "lr": 0.008}, {"epoch": 1, "loss": 90.81257927250907, "eval_loss": 86.77987563304411, "train_recall": 0.3396353535353535, "val_recall": 0.3671, "lr": 0.008}, {"epoch": 2, "loss": 90.1993687437929, "eval_loss": 86.68981251349815, "train_recall": 0.3437121212121212, "val_recall": 0.3678, "lr": 0.008}, {"epoch": 3, "loss": 88.51272041093179, "eval_loss": 85.42113179426927, "train_recall": 0.3594505050505051, "val_recall": 0.3755, "lr": 0.0008}, {"epoch": 4, "loss": 88.26026506193061, "eval_loss": 85.26679141704852, "train_recall": 0.3625010101010101, "val_recall": 0.3803, "lr": 0.0008}, {"epoch": 5, "loss": 88.16359535945033, "eval_loss": 85.19677299108261, "train_recall": 0.3633676767676768, "val_recall": 0.3846, "lr": 0.0008}, {"epoch": 6, "loss": 88.11350271403337, "eval_loss": 85.08671210362361, "train_recall": 0.36404444444444445, "val_recall": 0.3831, "lr": 0.0008}, {"epoch": 7, "loss": 87.94508631361877, "eval_loss": 85.07997319637201, "train_recall": 0.3654646464646465, "val_recall": 0.38, "lr": 8e-05}, {"epoch": 8, "loss": 87.92882586904992, "eval_loss": 85.08446263044308, "train_recall": 0.36584242424242425, "val_recall": 0.3831, "lr": 8e-05}, {"epoch": 9, "loss": 87.91898895408185, "eval_loss": 85.12847034747784, "train_recall": 0.3657161616161616, "val_recall": 0.3841, "lr": 8e-05}, {"epoch": 10, "loss": 87.91204072709544, "eval_loss": 85.02444110772548, "train_recall": 0.3660989898989899, "val_recall": 0.3838, "lr": 8e-05}, {"epoch": 11, "loss": 87.91141905832234, "eval_loss": 85.01701012635843, "train_recall": 0.36607676767676767, "val_recall": 0.3849, "lr": 8e-05}], "train_total": {"correct": 362416, "final_recall": 0.36607676767676767}, "training_time": 3505.0658600330353, "eval_time": 0.006266355514526367}}], "integrate": {"time": 131.20873737335205}, "count_recall": {"time": 128.20954585075378}}