{"total_time_consume": 4617.9126608371735, "preprocess": {"total_time": 0.05793929100036621}, "classifier": [{"ins_id": 0, "dataset_partition": {"bulid_graph_time": 857.4522032737732, "save_graph_time": 27.034724235534668, "graph_partition_time": 82.76393914222717, "total_time": 967.4073231220245, "cluster_number_distribution": [4012, 4012, 4012, 4012, 4013, 1775, 4013, 4013, 4013, 4013, 4012, 4011, 4012, 3542, 2722, 4012, 4011, 4013, 4012, 4012, 4012, 4012, 4012, 0, 4011, 4016, 1049, 4012, 4016, 4010, 4014, 4013, 4012, 4012, 4013, 4012, 4012, 2840, 4012, 4014, 4011, 4013, 4013, 4011, 4013, 2798, 4012, 4013, 4014, 3876, 4015, 4011, 4012, 4017, 4012, 4017, 4013, 3981, 4013, 2411, 4011, 4013, 4013, 4013, 4012, 4013, 4016, 4011, 4011, 4012, 4013, 4013, 4013, 4013, 3722, 4015, 4011, 3936, 4005, 4006, 4013, 4012, 4017, 4012, 4012, 4012, 4014, 4014, 4011, 4012, 4011, 4012, 4014, 4012, 4014, 4012, 4013, 4019, 4013, 4011, 4011, 4014, 4012, 4014, 4014, 4011, 4018, 4013, 4015, 4016, 4006, 4012, 4013, 4013, 4013, 4017, 4012, 4012, 4014, 4012, 4017, 4013, 4016, 4012, 4012, 4013, 4010, 4011, 4014, 4013, 4016, 4013, 4035, 4035, 3161, 1773, 4035, 4035, 4035, 4034, 4034, 4036, 4037, 4040, 4035, 4035, 4037, 2775, 4036, 4037, 4035, 4040, 2172, 4035, 4037, 4039, 4036, 4035, 4035, 4035, 4035, 4034, 4043, 4036, 4034, 4036, 4033, 4036, 4034, 4035, 4039, 4034, 4036, 4038, 4034, 4043, 4035, 4032, 4038, 4039, 0, 4039, 4035, 4035, 4029, 4034, 4033, 4034, 4040, 4032, 4033, 4035, 4036, 4036, 4034, 4037, 4036, 4035, 4035, 2433, 4036, 4035, 4035, 4037, 4034, 4038, 4035, 3688, 4034, 4038, 4035, 4033, 4036, 4035, 4041, 4035, 4036, 4035, 4035, 4032, 3100, 4032, 4037, 4032, 4037, 4042, 4036, 4035, 4041, 4033, 4035, 4035, 4035, 4043, 4035, 4036, 4038, 4035, 4035, 4039, 4038, 2600, 4035, 4035, 4036, 4035, 4038, 4035, 4033, 4038, 4035, 4035, 4037, 4036, 4035, 4035]}, "prepare_train_sample": {"time": 0.5957551002502441}, "train_eval_model": {"train_intermediate": [{"epoch": 0, "loss": 64.5433361319683, "eval_loss": 50.10156130179381, "train_recall": 0.5839828282828283, "val_recall": 0.7021, "lr": 0.008}, {"epoch": 1, "loss": 61.685251127638175, "eval_loss": 49.919306321021836, "train_recall": 0.6242040404040404, "val_recall": 0.7066, "lr": 0.008}, {"epoch": 2, "loss": 61.06861071973942, "eval_loss": 49.518571988130226, "train_recall": 0.6359383838383839, "val_recall": 0.7123, "lr": 0.008}, {"epoch": 3, "loss": 59.401026258226025, "eval_loss": 48.26107063048925, "train_recall": 0.6667282828282828, "val_recall": 0.7493, "lr": 0.0008}, {"epoch": 4, "loss": 59.196228826978874, "eval_loss": 48.245458755737694, "train_recall": 0.6712333333333333, "val_recall": 0.7487, "lr": 0.0008}, {"epoch": 5, "loss": 59.10531208711454, "eval_loss": 48.26864202205952, "train_recall": 0.6736727272727273, "val_recall": 0.7471, "lr": 0.0008}, {"epoch": 6, "loss": 59.042847115695174, "eval_loss": 48.13999940187503, "train_recall": 0.6747111111111112, "val_recall": 0.7511, "lr": 0.0008}, {"epoch": 7, "loss": 58.906264967171936, "eval_loss": 48.10570790217473, "train_recall": 0.6775484848484848, "val_recall": 0.7532, "lr": 8e-05}, {"epoch": 8, "loss": 58.88482364583394, "eval_loss": 48.082966413253395, "train_recall": 0.6778878787878788, "val_recall": 0.7538, "lr": 8e-05}, {"epoch": 9, "loss": 58.875946661325266, "eval_loss": 48.0895380790417, "train_recall": 0.6780424242424242, "val_recall": 0.7504, "lr": 8e-05}, {"epoch": 10, "loss": 58.866049799863795, "eval_loss": 48.08453973134359, "train_recall": 0.6787141414141414, "val_recall": 0.7513, "lr": 8e-05}, {"epoch": 11, "loss": 58.865910758544295, "eval_loss": 48.10593609932141, "train_recall": 0.6782050505050505, "val_recall": 0.7547, "lr": 8e-05}], "train_total": {"correct": 671423, "final_recall": 0.6782050505050505}, "training_time": 3423.6944811344147, "eval_time": 0.006164073944091797}}], "integrate": {"time": 90.13838863372803}, "count_recall": {"time": 126.87494015693665}}