{"total_time_consume": 20.908661365509033, "preprocess": {"kmeans_time": 14.187843561172485, "random_projection_time": 0.01707744598388672, "total_time": 14.252113819122314}, "classifier": [{"ins_id": 0, "dataset_partition": {"count_label_time": 1.4421310424804688, "total_time": 1.4587640762329102, "cluster_number_distribution": [397, 574, 630, 709, 558, 803, 742, 585, 578, 773, 807, 515, 541, 847, 532, 409]}, "prepare_train_sample": {"time": 0.012738466262817383}, "train_eval_model": {"train_intermediate": [{"epoch": 0, "loss": 62.904044120542466, "eval_loss": 41.38525581359863, "train_recall": 0.7688888888888888, "val_recall": 0.88, "lr": 0.008}, {"epoch": 1, "loss": 57.67664566040039, "eval_loss": 39.98359203338623, "train_recall": 0.8114141414141414, "val_recall": 0.85, "lr": 0.008}], "train_total": {"correct": 8033, "final_recall": 0.8114141414141414}, "training_time": 3.8376355171203613, "eval_time": 0.0037338733673095703}}], "integrate": {"time": 0.6760349273681641}, "count_recall": {"time": 0.34597277641296387}}