{"total_time_consume": 20418.677084207535, "preprocess": {"total_time": 0.13677334785461426}, "classifier": [{"ins_id": 0, "dataset_partition": {"bulid_graph_time": 317.417090177536, "save_graph_time": 203.94133377075195, "graph_partition_time": 449.4459013938904, "total_time": 971.7161085605621, "cluster_number_distribution": [3830, 3800, 3961, 3238, 4024, 2848, 3849, 4023, 4023, 4022, 3963, 3987, 4009, 3953, 3949, 3812, 4024, 3840, 3948, 3846, 3854, 4024, 3685, 4023, 4016, 4023, 3979, 3648, 4019, 4023, 4023, 4024, 4024, 3737, 4024, 4023, 4023, 4023, 3723, 4023, 4017, 4024, 3532, 4000, 4024, 4024, 4023, 3727, 4023, 4024, 4017, 3724, 3886, 3916, 2463, 3890, 3935, 3952, 4017, 4023, 4016, 3900, 3735, 4024, 4023, 3931, 3899, 3997, 4024, 4024, 4024, 3833, 3754, 3754, 3770, 4024, 3873, 4024, 4024, 3380, 4024, 3893, 3730, 3913, 4024, 4023, 3733, 4024, 3990, 4006, 3762, 4024, 3802, 4024, 4023, 3737, 3050, 3753, 4024, 4023, 3995, 4024, 4024, 4023, 4023, 4019, 3909, 4023, 3977, 3993, 4005, 3910, 4020, 4024, 4024, 3729, 4003, 4024, 3727, 3726, 4021, 3731, 3910, 4023, 4022, 4022, 3992, 3756, 4020, 4024, 4010, 4023, 3738, 4024, 3773, 4023, 3445, 4008, 4021, 4024, 3639, 4024, 3730, 4022, 3915, 4024, 3718, 3993, 3939, 4023, 3909, 4023, 4024, 3843, 3853, 4021, 3996, 776, 3965, 4024, 4023, 4022, 4022, 3993, 3954, 4008, 3999, 3780, 3914, 4023, 4024, 2835, 4022, 3988, 3900, 4023, 3874, 4015, 4024, 4012, 4022, 4023, 4024, 4024, 4024, 3924, 3987, 3869, 3987, 3933, 3249, 4019, 4023, 4021, 4020, 3786, 4023, 4024, 4023, 4024, 4023, 4023, 3754, 4024, 4009, 4024, 3762, 3997, 4005, 3897, 4000, 4016, 4023, 4023, 3729, 4023, 4010, 4024, 4023, 3828, 3984, 4023, 4024, 4024, 3962, 4024, 3965, 3937, 4023, 4024, 3938, 4022, 4024, 4023, 3883, 3724, 3966, 4024, 3870, 4024, 3836, 2300, 4023, 3928, 4024, 3846, 4023, 4018, 4008, 4024, 3958, 3833, 4024, 3905, 4018, 4024]}, "prepare_train_sample": {"time": 1.1201603412628174}, "train_eval_model": {"train_intermediate": [{"epoch": 0, "loss": 55.880401764473355, "eval_loss": 53.310696785266586, "train_recall": 0.6612515151515151, "val_recall": 0.6897, "lr": 0.008}, {"epoch": 1, "loss": 54.51478782049859, "eval_loss": 52.93011549191597, "train_recall": 0.678529292929293, "val_recall": 0.7007, "lr": 0.008}, {"epoch": 2, "loss": 54.36207478370942, "eval_loss": 52.93699078682141, "train_recall": 0.6812464646464647, "val_recall": 0.6985, "lr": 0.008}, {"epoch": 3, "loss": 53.821722266584416, "eval_loss": 52.38990501257089, "train_recall": 0.6904636363636364, "val_recall": 0.7086, "lr": 0.0008}, {"epoch": 4, "loss": 53.748320623702945, "eval_loss": 52.36902706439678, "train_recall": 0.6914979797979798, "val_recall": 0.7102, "lr": 0.0008}], "train_total": {"correct": 684583, "final_recall": 0.6914979797979798}, "training_time": 18936.928134441376, "eval_time": 0.037839412689208984}}], "integrate": {"time": 133.2646520137787}, "count_recall": {"time": 356.75424337387085}}