{"total_time_consume": 6345.010066747665, "preprocess": {"total_time": 0.1384575366973877}, "classifier": [{"ins_id": 0, "dataset_partition": {"bulid_graph_time": 15.119447708129883, "save_graph_time": 11.225501537322998, "graph_partition_time": 43.031750440597534, "total_time": 69.43866777420044, "cluster_number_distribution": [1595, 1597, 1605, 1448, 1605, 1560, 1591, 1576, 1594, 1586, 1565, 1585, 1599, 1593, 1604, 1605, 1577, 1597, 1600, 1490, 1529, 1221, 1596, 1600, 1588, 1251, 1598, 1603, 1599, 1599, 1606, 1488, 1605, 1600, 1605, 1605, 1597, 1605, 1575, 1604, 1592, 1605, 1603, 1581, 1602, 1605, 1595, 1603, 1593, 1579, 1605, 1586, 1262, 1581, 1592, 1605, 1601, 1604, 1605, 1590, 1587, 1537, 1458, 1592, 1587, 1605, 1604, 1604, 1599, 1599, 1581, 1605, 1603, 1602, 1588, 1601, 1592, 1474, 1604, 1552, 1605, 1575, 1605, 1600, 1601, 1602, 1605, 1602, 1604, 1602, 1597, 1603, 1599, 1603, 1598, 1603, 1605, 1601, 1604, 1605, 1582, 1604, 1600, 1590, 1528, 1605, 1584, 1604, 1606, 1603, 1605, 1605, 1605, 1596, 1599, 1551, 1603, 1557, 1473, 1605, 1605, 1605, 1593, 1604, 1605, 1597, 1604, 1586, 1596, 1386, 1220, 1600, 1424, 1603, 1605, 1409, 1604, 1599, 1591, 1547, 1605, 1248, 1598, 1602, 1605, 1605, 1606, 1131, 1593, 1451, 1556, 1605, 1382, 1605, 1592, 1380, 1605, 1470, 1566, 1514, 1594, 1596, 1606, 1512, 1605, 1581, 1604, 1212, 1602, 1604, 1596, 1606, 1605, 1367, 1588, 1605, 1537, 1180, 1605, 1595, 1604, 1599, 1604, 1602, 1561, 1590, 1605, 1604, 1603, 1603, 1600, 1605, 1582, 1526, 1541, 1465, 1606, 1248, 1605, 1515, 1605, 1605, 1605, 1605, 1605, 928, 1605, 1605, 1605, 1605, 1605, 1336, 1605, 1605, 1605, 1036, 1593, 1579, 1601, 1605, 1244, 1242, 1595, 1579, 1604, 1441, 1603, 1529, 1569, 1561, 1602, 1606, 1600, 954, 1599, 1596, 1556, 1605, 1601, 1604, 1601, 1529, 1586, 1574, 1600, 1539, 1605, 1594, 1605, 1604, 1573, 1600, 1603, 1533, 1538, 1580]}, "prepare_train_sample": {"time": 0.1225283145904541}, "train_eval_model": {"train_intermediate": [{"epoch": 0, "loss": 257.13988566074136, "eval_loss": 674.3245642877395, "train_recall": 0.15382395382395384, "val_recall": 0.02055137844611529, "lr": 0.0005}, {"epoch": 1, "loss": 238.65062683955927, "eval_loss": 381.78599696005546, "train_recall": 0.2392572339940761, "val_recall": 0.03508771929824561, "lr": 0.0005}, {"epoch": 2, "loss": 232.55570217238875, "eval_loss": 337.54908998550906, "train_recall": 0.27248424090529355, "val_recall": 0.04411027568922306, "lr": 0.0005}, {"epoch": 3, "loss": 228.76136246518664, "eval_loss": 400.4300276233304, "train_recall": 0.29335966178071443, "val_recall": 0.04536340852130326, "lr": 0.0005}, {"epoch": 4, "loss": 225.84840024452433, "eval_loss": 384.83353497905114, "train_recall": 0.3099086099086099, "val_recall": 0.03984962406015038, "lr": 0.0005}, {"epoch": 5, "loss": 223.51432059603857, "eval_loss": 325.14811017436364, "train_recall": 0.32179185337080074, "val_recall": 0.06666666666666667, "lr": 0.0005}, {"epoch": 6, "loss": 221.509406786342, "eval_loss": 327.9569899036038, "train_recall": 0.3310422520948837, "val_recall": 0.05889724310776942, "lr": 0.0005}, {"epoch": 7, "loss": 219.88828260529297, "eval_loss": 315.7412872314453, "train_recall": 0.33977114503430295, "val_recall": 0.07017543859649122, "lr": 0.0005}, {"epoch": 8, "loss": 218.50899115245372, "eval_loss": 302.62076740880167, "train_recall": 0.34588491430596696, "val_recall": 0.08972431077694236, "lr": 0.0005}, {"epoch": 9, "loss": 217.31741350560858, "eval_loss": 319.57618319603705, "train_recall": 0.3506164400901243, "val_recall": 0.07042606516290727, "lr": 0.0005}, {"epoch": 10, "loss": 212.25005999680704, "eval_loss": 221.47686718356223, "train_recall": 0.3735424419634946, "val_recall": 0.3486215538847118, "lr": 0.000105}, {"epoch": 11, "loss": 211.10665606525296, "eval_loss": 222.08780522500314, "train_recall": 0.3774309511151616, "val_recall": 0.33909774436090223, "lr": 0.000105}], "train_total": {"correct": 149089, "final_recall": 0.3774309511151616}, "training_time": 6154.859610557556, "eval_time": 0.24238896369934082}}], "integrate": {"time": 45.90257906913757}, "count_recall": {"time": 53.270947217941284}}