{"total_time_consume": 13056.873449087143, "preprocess": {"total_time": 0.2064669132232666}, "classifier": [{"ins_id": 0, "dataset_partition": {"bulid_graph_time": 78.30128264427185, "save_graph_time": 45.27366852760315, "graph_partition_time": 91.02220296859741, "total_time": 214.76181054115295, "cluster_number_distribution": [3740, 3896, 4022, 4024, 3852, 4020, 4024, 3744, 4024, 3912, 3922, 4024, 3999, 3770, 4023, 4023, 3960, 4023, 4023, 3843, 4023, 4016, 3928, 3968, 3936, 3993, 3938, 4021, 4023, 3892, 3895, 4022, 4024, 4022, 3739, 4024, 3884, 3740, 4001, 4023, 4024, 4024, 4024, 4021, 4023, 3801, 3740, 3822, 3900, 3749, 4024, 3970, 4019, 4018, 4023, 4024, 3740, 3969, 4024, 4024, 4021, 3871, 0, 3824, 3928, 3933, 4024, 3952, 3895, 3961, 4024, 4023, 3745, 4024, 3976, 4019, 3828, 3915, 4023, 4024, 4024, 3970, 4023, 4024, 4024, 3947, 3740, 4024, 4024, 3942, 3905, 4023, 3992, 4024, 4024, 4024, 3955, 4024, 3999, 4024, 4023, 4018, 4023, 4023, 3985, 3954, 4022, 4022, 4020, 4023, 3993, 3888, 3932, 4024, 3863, 3786, 4018, 4024, 4021, 4023, 4020, 3741, 4014, 3775, 4022, 4024, 3869, 4020, 4024, 4024, 3888, 3958, 4024, 3979, 3955, 3961, 4010, 3808, 4024, 3738, 4024, 2499, 3997, 3941, 3988, 3807, 4024, 3830, 3959, 4018, 3923, 4018, 4023, 3915, 4004, 3872, 3998, 4020, 4024, 3994, 3744, 4024, 3863, 3763, 3958, 4024, 4024, 3816, 4022, 4024, 3957, 3995, 4024, 3749, 4024, 3830, 4022, 4024, 4022, 4023, 4024, 4024, 3917, 4024, 4024, 4004, 4023, 4024, 3806, 4024, 4023, 3769, 3928, 3867, 4023, 4020, 4024, 3835, 4022, 3966, 3812, 3979, 3855, 4024, 4009, 4024, 3959, 3963, 4023, 3975, 3759, 4024, 3738, 4023, 3999, 3741, 4003, 4020, 3992, 3981, 3913, 3992, 3929, 4017, 4022, 3856, 3821, 4024, 3962, 4024, 3743, 4024, 4024, 3885, 3999, 3996, 3969, 3912, 3979, 4023, 3938, 4009, 3739, 0, 3953, 3744, 4024, 1563, 3973, 4023, 3355, 3472, 3913, 4024, 4023, 3797]}, "prepare_train_sample": {"time": 0.7611808776855469}, "train_eval_model": {"train_intermediate": [{"epoch": 0, "loss": 110.93443985865751, "eval_loss": 105.12223006517459, "train_recall": 0.23173535353535354, "val_recall": 0.34, "lr": 0.004}, {"epoch": 1, "loss": 110.15602231841822, "eval_loss": 105.9568926248795, "train_recall": 0.23987474747474746, "val_recall": 0.3369, "lr": 0.004}, {"epoch": 2, "loss": 104.6687856022464, "eval_loss": 99.82641973250952, "train_recall": 0.3011929292929293, "val_recall": 0.4049, "lr": 0.00084}, {"epoch": 3, "loss": 104.52537851271657, "eval_loss": 100.79056189610408, "train_recall": 0.30355454545454547, "val_recall": 0.4083, "lr": 0.00084}, {"epoch": 4, "loss": 104.45669094822689, "eval_loss": 101.04044139079558, "train_recall": 0.30374646464646465, "val_recall": 0.415, "lr": 0.00084}, {"epoch": 5, "loss": 104.3890266809335, "eval_loss": 99.49609189155774, "train_recall": 0.3049191919191919, "val_recall": 0.42, "lr": 0.00084}, {"epoch": 6, "loss": 102.7343701634714, "eval_loss": 101.56062402480688, "train_recall": 0.3252010101010101, "val_recall": 0.4302, "lr": 0.0001764}, {"epoch": 7, "loss": 102.35093044423176, "eval_loss": 96.39314932700916, "train_recall": 0.3294343434343434, "val_recall": 0.44, "lr": 0.0001764}, {"epoch": 8, "loss": 102.15681958163867, "eval_loss": 98.74920989305545, "train_recall": 0.33075353535353536, "val_recall": 0.4484, "lr": 0.0001764}, {"epoch": 9, "loss": 102.03108968037141, "eval_loss": 98.17881058423947, "train_recall": 0.33145656565656567, "val_recall": 0.4473, "lr": 0.0001764}, {"epoch": 10, "loss": 101.97251325526473, "eval_loss": 97.49571320949457, "train_recall": 0.33249191919191917, "val_recall": 0.4318, "lr": 0.0001764}, {"epoch": 11, "loss": 101.88557682468306, "eval_loss": 96.754834321829, "train_recall": 0.3338030303030303, "val_recall": 0.4566, "lr": 0.0001764}], "train_total": {"correct": 330465, "final_recall": 0.3338030303030303}, "training_time": 3027.4238102436066, "eval_time": 0.003550291061401367}}, {"ins_id": 1, "dataset_partition": {"bulid_graph_time": 76.49509334564209, "save_graph_time": 45.24343013763428, "graph_partition_time": 84.06897306442261, "total_time": 205.9605827331543, "cluster_number_distribution": [4023, 4023, 4021, 4024, 4024, 4024, 4001, 0, 4024, 3945, 4024, 3822, 4019, 4024, 3954, 4024, 4022, 4024, 3892, 4022, 4024, 3917, 4023, 4024, 4022, 3829, 4023, 4024, 4024, 3902, 4024, 4024, 4006, 3737, 3747, 4024, 4024, 3942, 4024, 3986, 4024, 4020, 4024, 4024, 4023, 4024, 3852, 0, 3936, 4021, 3871, 4024, 3932, 4024, 3939, 4022, 4012, 4023, 3995, 4024, 4024, 3878, 4023, 4024, 3929, 4024, 3914, 4024, 4014, 4023, 3742, 3752, 4024, 3747, 3999, 4023, 3774, 3122, 4014, 4024, 3980, 3854, 3968, 4024, 4024, 4024, 4024, 3945, 3883, 3945, 4024, 3889, 4015, 3738, 3991, 4024, 3938, 3894, 3831, 4024, 3988, 3774, 4024, 4024, 4023, 3961, 3933, 4024, 3854, 3869, 4024, 4018, 4002, 3900, 3873, 3974, 4023, 4024, 4024, 3827, 4020, 4022, 3901, 4023, 4024, 4005, 4024, 3617, 3759, 3960, 3933, 4024, 4023, 3962, 4024, 3732, 4024, 3919, 4024, 4023, 4024, 3955, 4021, 4024, 4024, 4024, 4005, 4023, 4024, 4024, 4024, 3997, 3908, 3859, 4023, 3876, 3858, 3984, 4005, 4008, 4010, 4024, 4023, 3989, 4024, 4014, 4008, 4024, 4013, 3956, 3970, 3745, 4023, 3790, 4024, 3972, 4024, 4023, 4021, 3873, 4024, 4024, 0, 3904, 3972, 4024, 4024, 4024, 4024, 4023, 4001, 3872, 4013, 4014, 4024, 4024, 4024, 4014, 4023, 4001, 4024, 3768, 4023, 4020, 4024, 3765, 4023, 3750, 4024, 4024, 3886, 3775, 3896, 0, 4024, 4024, 4023, 4022, 4023, 3982, 3982, 3992, 3972, 3964, 4024, 4022, 3934, 3937, 4024, 4017, 4023, 3901, 4020, 3826, 4024, 4024, 4024, 3930, 3863, 3941, 4023, 3794, 4009, 4024, 4023, 4024, 3915, 3990, 4023, 4024, 4023, 4022, 3983, 3811, 4009, 4023]}, "prepare_train_sample": {"time": 0.6274204254150391}, "train_eval_model": {"train_intermediate": [{"epoch": 0, "loss": 113.12683789295498, "eval_loss": 107.535293505742, "train_recall": 0.2150989898989899, "val_recall": 0.2924, "lr": 0.004}, {"epoch": 1, "loss": 112.40371542546907, "eval_loss": 108.18923170138628, "train_recall": 0.2230060606060606, "val_recall": 0.2984, "lr": 0.004}, {"epoch": 2, "loss": 107.28148627522405, "eval_loss": 101.6445740430783, "train_recall": 0.2795434343434343, "val_recall": 0.3905, "lr": 0.00084}, {"epoch": 3, "loss": 107.09831209704012, "eval_loss": 102.04856916574332, "train_recall": 0.28083636363636366, "val_recall": 0.3743, "lr": 0.00084}, {"epoch": 4, "loss": 107.03912413294053, "eval_loss": 101.77908202929375, "train_recall": 0.2806181818181818, "val_recall": 0.3701, "lr": 0.00084}, {"epoch": 5, "loss": 107.04869255669867, "eval_loss": 104.96197507320306, "train_recall": 0.28074949494949497, "val_recall": 0.3793, "lr": 0.00084}, {"epoch": 6, "loss": 105.49618258804404, "eval_loss": 102.28215195582463, "train_recall": 0.2985282828282828, "val_recall": 0.423, "lr": 0.0001764}, {"epoch": 7, "loss": 105.15940875897955, "eval_loss": 99.23885365021535, "train_recall": 0.3009414141414141, "val_recall": 0.4155, "lr": 0.0001764}, {"epoch": 8, "loss": 104.87678024474977, "eval_loss": 100.99909689487555, "train_recall": 0.3035787878787879, "val_recall": 0.4259, "lr": 0.0001764}, {"epoch": 9, "loss": 104.75843785782223, "eval_loss": 102.4294774715717, "train_recall": 0.3041888888888889, "val_recall": 0.4266, "lr": 0.0001764}, {"epoch": 10, "loss": 104.62406778327865, "eval_loss": 101.61294920016557, "train_recall": 0.30563939393939393, "val_recall": 0.3992, "lr": 0.0001764}, {"epoch": 11, "loss": 104.5569655562694, "eval_loss": 100.51477415133745, "train_recall": 0.3058272727272727, "val_recall": 0.4182, "lr": 0.0001764}], "train_total": {"correct": 302769, "final_recall": 0.3058272727272727}, "training_time": 3041.69988822937, "eval_time": 0.003358602523803711}}, {"ins_id": 2, "dataset_partition": {"bulid_graph_time": 79.59443402290344, "save_graph_time": 47.06037521362305, "graph_partition_time": 59.90529799461365, "total_time": 186.73948884010315,