{"total_time_consume": 104881.64653420448, "preprocess": {"total_time": 0.20495390892028809}, "classifier": [{"ins_id": 0, "dataset_partition": {"bulid_graph_time": 79.06200218200684, "save_graph_time": 50.07855701446533, "graph_partition_time": 90.53401923179626, "total_time": 219.8401744365692, "cluster_number_distribution": [3883, 4019, 4023, 4024, 4023, 4023, 3760, 4022, 4023, 4022, 4023, 4024, 4023, 4023, 4015, 4021, 3918, 3924, 4024, 4023, 3856, 3936, 3746, 4023, 4023, 4017, 4024, 4024, 4019, 3928, 0, 4002, 4017, 4023, 3808, 4021, 4023, 3745, 4024, 4020, 4024, 4021, 4022, 3896, 3744, 4023, 3743, 4022, 3884, 4023, 4023, 3747, 4018, 3738, 3939, 3966, 3785, 3744, 4021, 3987, 4024, 4024, 3743, 3740, 3956, 3994, 3971, 3965, 4024, 4024, 3894, 4004, 4024, 4024, 4024, 3905, 4023, 3847, 3865, 3935, 4023, 3914, 3788, 3963, 4021, 4024, 4009, 3952, 4023, 4024, 3872, 3918, 4024, 3941, 3998, 3741, 3743, 4022, 3956, 4015, 4023, 4024, 4024, 4022, 3750, 4012, 3808, 4011, 0, 4022, 4020, 3821, 4023, 3920, 3754, 3843, 4023, 4023, 4023, 4022, 4023, 4023, 3743, 3945, 4024, 4023, 4023, 3747, 3740, 3980, 3921, 3820, 4020, 3844, 4023, 3975, 3904, 4005, 4021, 4018, 3891, 3857, 4024, 3877, 4022, 4024, 4024, 3974, 4023, 3991, 4023, 4024, 3739, 3966, 4024, 4023, 3944, 4024, 3913, 2142, 4024, 3839, 3995, 3868, 3977, 4024, 4024, 3835, 3751, 3984, 3950, 4022, 3915, 3992, 3981, 4021, 3937, 4024, 4024, 4021, 4024, 3992, 3737, 4013, 4024, 4024, 4022, 4024, 3833, 3929, 4024, 4021, 4023, 4024, 4024, 4019, 3926, 4023, 3989, 4000, 3884, 4024, 4016, 3947, 4024, 4024, 3919, 3917, 3990, 4024, 3908, 4022, 4023, 3741, 4019, 3946, 3894, 3855, 3941, 4024, 4023, 3834, 3896, 4024, 4024, 4024, 3854, 3914, 4022, 3741, 4010, 3986, 4024, 4023, 4024, 3874, 3924, 3879, 3819, 3960, 4024, 0, 4019, 4023, 4005, 4023, 4024, 3951, 4024, 4022, 3907, 3973, 4024, 4024, 4023, 4021]}, "prepare_train_sample": {"time": 0.5869293212890625}, "train_eval_model": {"train_intermediate": [{"epoch": 0, "loss": 65.79736883109999, "eval_loss": 64.00880773250873, "train_recall": 0.6519444444444444, "val_recall": 0.6764, "lr": 0.001}, {"epoch": 1, "loss": 63.424272951845644, "eval_loss": 63.49109609310444, "train_recall": 0.6988151515151515, "val_recall": 0.6934, "lr": 0.001}, {"epoch": 2, "loss": 62.9643457984055, "eval_loss": 63.30923256507287, "train_recall": 0.7127474747474748, "val_recall": 0.6958, "lr": 0.001}, {"epoch": 3, "loss": 62.6818020950674, "eval_loss": 63.148535936306686, "train_recall": 0.7220222222222222, "val_recall": 0.7007, "lr": 0.001}, {"epoch": 4, "loss": 62.4686714429085, "eval_loss": 63.0562718464778, "train_recall": 0.7296888888888889, "val_recall": 0.7016, "lr": 0.001}, {"epoch": 5, "loss": 61.79849780578051, "eval_loss": 62.61067768243643, "train_recall": 0.7546373737373737, "val_recall": 0.7178, "lr": 0.0001}, {"epoch": 6, "loss": 61.69573749219546, "eval_loss": 62.58478695307023, "train_recall": 0.7587424242424242, "val_recall": 0.7182, "lr": 0.0001}, {"epoch": 7, "loss": 61.61096191233622, "eval_loss": 62.56417149763841, "train_recall": 0.762340404040404, "val_recall": 0.7193, "lr": 1e-05}, {"epoch": 8, "loss": 61.60163499182519, "eval_loss": 62.562264393537475, "train_recall": 0.7628171717171717, "val_recall": 0.7193, "lr": 1e-05}, {"epoch": 9, "loss": 61.59620792065733, "eval_loss": 62.56089941660563, "train_recall": 0.7631747474747475, "val_recall": 0.7189, "lr": 1e-05}, {"epoch": 10, "loss": 61.591419107762846, "eval_loss": 62.55949293038784, "train_recall": 0.7632141414141415, "val_recall": 0.7196, "lr": 1e-05}, {"epoch": 11, "loss": 61.586852082085024, "eval_loss": 62.55852036598401, "train_recall": 0.7635040404040404, "val_recall": 0.7193, "lr": 1e-05}], "train_total": {"correct": 755869, "final_recall": 0.7635040404040404}, "training_time": 26335.667054653168, "eval_time": 0.033345699310302734}}, {"ins_id": 1, "dataset_partition": {"bulid_graph_time": 76.45722198486328, "save_graph_time": 49.36173987388611, "graph_partition_time": 84.07394671440125, "total_time": 210.04839324951172, "cluster_number_distribution": [3798, 4021, 3753, 4021, 4024, 4023, 3988, 3947, 4023, 3950, 4003, 3941, 4024, 3885, 3971, 4023, 3990, 4023, 4016, 3827, 3961, 3956, 4009, 3796, 3992, 3962, 3805, 4006, 0, 4023, 4000, 3980, 3821, 4023, 4023, 3947, 4018, 4024, 4008, 4023, 4024, 4023, 3741, 4024, 3953, 4023, 3993, 4019, 3975, 4024, 4024, 3807, 3947, 4024, 3829, 4023, 4024, 3749, 3920, 4024, 3896, 4011, 4015, 4024, 4022, 4022, 4022, 3849, 3933, 4023, 4024, 3754, 3885, 3967, 3947, 4014, 4018, 4023, 4023, 4020, 3964, 3745, 4022, 3945, 4015, 4003, 4024, 3819, 4004, 4006, 4022, 4024, 4024, 4017, 3914, 3747, 4023, 4024, 4024, 4009, 4024, 4023, 3778, 4024, 3979, 3854, 3939, 3553, 4024, 4024, 3920, 2236, 4022, 4024, 3863, 4023, 3923, 4019, 3986, 3999, 3945, 4003, 4024, 3986, 4022, 4024, 3876, 3986, 4023, 3985, 4024, 4016, 4024, 3976, 0, 4024, 3934, 4018, 4022, 3941, 3875, 4024, 3968, 4019, 4018, 3959, 3996, 4024, 4008, 3954, 3863, 4024, 3912, 0, 3893, 4023, 4022, 3745, 4012, 4023, 4024, 3427, 3939, 4021, 4024, 3961, 4024, 3999, 2434, 3842, 3742, 3809, 4023, 4023, 4024, 4023, 3881, 4015, 3998, 4006, 4024, 4022, 4024, 4024, 3855, 4024, 3741, 4023, 3658, 4014, 4024, 4022, 3995, 3983, 3900, 4021, 4024, 3947, 3976, 4024, 4023, 4023, 3740, 4019, 3934, 3741, 3917, 4024, 3899, 4024, 4022, 4021, 4024, 4024, 4024, 3911, 4023, 3906, 4024, 3961, 3852, 4024, 4024, 4021, 3976, 4024, 4023, 4017, 4012, 4023, 4007, 3752, 4023, 4024, 4024, 4023, 4020, 4008, 3973, 3741, 4024, 3973, 3975, 4014, 4023, 3990, 3876, 4024, 4019, 3960, 3911, 3955, 4024, 3737, 3961, 3978]}, "prepare_train_sample": {"time": 0.6009271144866943}, "train_eval_model": {"train_intermediate": [{"epoch": 0, "loss": 69.63032723058845, "eval_loss": 67.97649515592136, "train_recall": 0.6064525252525252, "val_recall": 0.6314, "lr": 0.001}, {"epoch": 1, "loss": 67.31320077173734, "eval_loss": 67.44369563078268, "train_recall": 0.6495262626262627, "val_recall": 0.6491, "lr": 0.001}, {"epoch": 2, "loss": 66.83461324443498, "eval_loss": 67.19770903465076, "train_recall": 0.663079797979798, "val_recall": 0.6514, "lr": 0.001}, {"epoch": 3, "loss": 66.53535613399612, "eval_loss": 67.07121657102536, "train_recall": 0.671279797979798, "val_recall": 0.6539, "lr": 0.001}, {"epoch": 4, "loss": 66.30897874810883, "eval_loss": 66.97024432206766, "train_recall": 0.6787808080808081, "val_recall": 0.6584, "lr": 0.001}, {"epoch": 5, "loss": 65.59761856517575, "eval_loss": 66.47246725131303, "train_recall": 0.701730303030303, "val_recall": 0.6753, "lr": 0.0001}, {"epoch": 6, "loss": 65.48575453988359, "eval_loss": 66.45148749229236, "train_recall": 0.7058747474747474, "val_recall": 0.6742, "lr": 0.0001}, {"epoch": 7, "loss": 65.39413286869961, "eval_loss": 66.42780915284769, "train_recall": 0.7090636363636363, "val_recall": 0.6749, "lr": 1e-05}, {"epoch": 8, "loss": 65.38408203191585, "eval_loss": 66.42586055168739, "train_recall": 0.7094151515151516, "val_recall": 0.6741, "lr": 1e-05}, {"epoch": 9, "loss": 65.3781013940067, "eval_loss": 66.42435879585071, "train_recall": 0.7096686868686869, "val_recall": 0.6745, "lr": 1e-05}, {"epoch": 10, "loss": 65.37267104760244, "eval_loss": 66.42229429880778, "train_recall": 0.7100484848484848, "val_recall": 0.6755, "lr": 1e-05}, {"epoch": 11, "loss": 65.36779726832825, "eval_loss": 66.42095073064168, "train_recall": 0.710169696969697, "val_recall": 0.6758, "lr": 1e-05}], "train_total": {"correct": 703068, "final_recall": 0.710169696969697}, "training_time": 25862.66122031212, "eval_time": 0.03304934501647949}}, {"ins_id": 2, "dataset_partition": {"bulid_graph_time": 80.1815083026886, "save_graph_time": 47.943347692489624, "graph_partition_time": 60.72783017158508, "total_time": 189.0071301460266,