{"total_time_consume": 18211.29119992256, "preprocess": {"kmeans_time": 8802.09825015068, "random_projection_time": 0.020763874053955078, "total_time": 8802.34278011322}, "classifier": [{"ins_id": 0, "dataset_partition": {"count_label_time": 199.88399982452393, "total_time": 200.0373740196228, "cluster_number_distribution": [4669, 6885, 3790, 2404, 8077, 3795, 1509, 1510, 756, 7699, 1433, 870, 7595, 7499, 2889, 2949, 17646, 3337, 746, 17768, 1211, 1682, 2450, 6300, 660, 1659, 5059, 942, 7246, 11598, 3864, 11856, 1905, 2801, 3968, 5428, 1210, 3449, 2072, 4994, 9562, 2198, 7459, 2923, 2773, 4326, 4897, 11688, 622, 3219, 12959, 6328, 3225, 7986, 1038, 1435, 6231, 2686, 3923, 6900, 10364, 3423, 5512, 1141, 8961, 1769, 1911, 3790, 5955, 4664, 4351, 9104, 7278, 2906, 2549, 4810, 3928, 4044, 5082, 2906, 780, 3299, 2966, 1940, 2268, 4178, 1778, 3292, 601, 1276, 284, 4433, 1638, 9501, 6007, 1226, 2677, 1531, 1587, 5726, 1427, 874, 2083, 1712, 825, 3101, 14498, 1155, 2514, 1689, 2335, 925, 3094, 4427, 2920, 6287, 2448, 5455, 2633, 918, 3147, 4823, 1886, 2035, 11096, 2179, 2725, 2319, 2194, 1848, 3227, 4206, 1665, 3189, 1668, 3444, 1597, 4066, 677, 2508, 2042, 1094, 1521, 5524, 6898, 4580, 2158, 2489, 2371, 1619, 6386, 958, 1811, 1628, 1870, 3001, 2211, 508, 3079, 333, 6190, 3917, 8412, 9475, 2733, 7124, 4847, 4482, 2566, 2049, 3028, 2066, 4901, 15666, 4058, 12138, 522, 6169, 9355, 5870, 3434, 2623, 5433, 1498, 4177, 2734, 1854, 10188, 413, 3541, 6582, 1579, 2867, 2166, 3446, 4716, 4238, 2749, 3286, 1773, 4820, 1425, 737, 4466, 7772, 1865, 9745, 3771, 1711, 1361, 3911, 1986, 4737, 4084, 3884, 1885, 2867, 5106, 2732, 1585, 1037, 2011, 2938, 1342, 6258, 2644, 2680, 12600, 2999, 1557, 5950, 1218, 2697, 875, 2629, 16424, 2307, 3475, 3171, 3141, 2464, 5822, 2632, 1972, 2211, 3664, 4085, 6481, 500, 2546, 2103, 363, 2961, 2077, 14299, 658]}, "prepare_train_sample": {"time": 0.5025677680969238}, "train_eval_model": {"train_config": {"model_name": "one_block_2048_dim", "lr": 0.008, "n_epochs": 12, "milestones": [3, 7]}, "train_intermediate": [{"epoch": 0, "loss": 80.53994467657886, "eval_loss": 76.18233456978432, "train_recall": 0.5545414141414141, "val_recall": 0.6074, "lr": 0.008}, {"epoch": 1, "loss": 78.65942402233091, "eval_loss": 75.98108872389182, "train_recall": 0.5697656565656566, "val_recall": 0.603, "lr": 0.008}, {"epoch": 2, "loss": 78.41602517462857, "eval_loss": 75.80605910374568, "train_recall": 0.5703363636363636, "val_recall": 0.6089, "lr": 0.008}, {"epoch": 3, "loss": 76.81906721102351, "eval_loss": 74.4680956816062, "train_recall": 0.5921888888888889, "val_recall": 0.6319, "lr": 0.0008}, {"epoch": 4, "loss": 76.6152519002645, "eval_loss": 74.38083543532935, "train_recall": 0.5954626262626262, "val_recall": 0.6314, "lr": 0.0008}, {"epoch": 5, "loss": 76.52971029979832, "eval_loss": 74.16653135495308, "train_recall": 0.5963151515151515, "val_recall": 0.628, "lr": 0.0008}, {"epoch": 6, "loss": 76.47612051028689, "eval_loss": 74.36137222632384, "train_recall": 0.5962262626262627, "val_recall": 0.6349, "lr": 0.0008}, {"epoch": 7, "loss": 76.32004415959251, "eval_loss": 74.27137857828384, "train_recall": 0.5978929292929293, "val_recall": 0.6345, "lr": 8e-05}, {"epoch": 8, "loss": 76.30804780069263, "eval_loss": 74.13452893037062, "train_recall": 0.598369696969697, "val_recall": 0.6299, "lr": 8e-05}, {"epoch": 9, "loss": 76.30266220450852, "eval_loss": 74.14130318470491, "train_recall": 0.5984181818181818, "val_recall": 0.6284, "lr": 8e-05}, {"epoch": 10, "loss": 76.2921487010627, "eval_loss": 74.14306349632068, "train_recall": 0.5985777777777778, "val_recall": 0.6295, "lr": 8e-05}, {"epoch": 11, "loss": 76.29646452158275, "eval_loss": 74.2309110837105, "train_recall": 0.5987353535353536, "val_recall": 0.6386, "lr": 8e-05}], "train_total": {"correct": 592748, "final_recall": 0.5987353535353536}, "training_time": 1987.0338687896729, "eval_time": 0.023441314697265625}}, {"ins_id": 1, "dataset_partition": {"count_label_time": 202.8805820941925, "total_time": 203.03838872909546, "cluster_number_distribution": [5465, 2175, 3374, 438, 5361, 2345, 2903, 5755, 4079, 4409, 9335, 9640, 6248, 2787, 1901, 2195, 3452, 3025, 7260, 5746, 5467, 435, 2653, 7151, 6935, 2987, 4926, 2864, 709, 1977, 1769, 3221, 6331, 1088, 1273, 6030, 8562, 1629, 3043, 2110, 428, 1591, 5361, 3868, 3555, 1701, 6025, 10157, 2727, 1961, 5928, 3390, 2696, 1791, 2744, 2546, 3978, 2331, 2446, 3960, 1508, 4317, 2951, 1495, 2482, 2176, 4679, 3410, 1864, 2574, 2217, 3013, 4256, 2171, 3388, 8816, 2590, 1495, 1732, 4406, 4078, 1346, 4987, 13455, 4426, 3834, 4198, 1533, 4846, 3016, 5726, 7788, 6430, 2530, 1655, 1626, 4662, 2492, 5776, 2300, 3455, 1944, 2019, 5772, 3716, 928, 4998, 3204, 5002, 538, 1509, 1682, 4935, 5519, 4410, 3047, 6125, 1569, 2768, 1916, 4879, 1811, 1773, 1692, 4648, 1385, 3273, 13864, 5819, 5897, 5816, 3428, 1884, 3816, 4004, 3359, 5848, 2023, 7016, 535, 1556, 2908, 2332, 894, 9931, 13665, 3546, 1324, 5193, 3345, 1520, 5255, 4232, 2728, 1992, 2189, 3438, 4875, 2968, 10857, 4698, 2285, 3022, 2066, 2863, 1818, 2603, 5768, 6124, 1861, 6979, 3164, 5622, 16377, 6084, 2574, 2447, 2866, 3111, 6066, 984, 211, 2090, 7501, 4289, 771, 3569, 8884, 3378, 1226, 8003, 1318, 4839, 6411, 6170, 5180, 3483, 2123, 5926, 2500, 1203, 5657, 2246, 1089, 8050, 4789, 1181, 2614, 1893, 1729, 1720, 1154, 2927, 1861, 2055, 1685, 3039, 7259, 1724, 6555, 2938, 2428, 11468, 6037, 4639, 6870, 3793, 2185, 2313, 6076, 3131, 2673, 2194, 581, 3178, 2722, 3018, 7340, 2200, 12335, 876, 2858, 5081, 1584, 4916, 10382, 1669, 3888, 9432, 3913, 4425, 3058, 2633, 4764, 3452, 12211]}, "prepare_train_sample": {"time": 0.49871373176574707}, "train_eval_model": {"train_config": {"model_name": "one_block_2048_dim", "lr": 0.008, "n_epochs": 12, "milestones": [3, 7]}, "train_intermediate": [{"epoch": 0, "loss": 81.48034117928295, "eval_loss": 76.87165743265396, "train_recall": 0.5642202020202021, "val_recall": 0.6148, "lr": 0.008}, {"epoch": 1, "loss": 79.56363624513321, "eval_loss": 76.75803562311026, "train_recall": 0.579689898989899, "val_recall": 0.6154, "lr": 0.008}, {"epoch": 2, "loss": 79.29151640842491, "eval_loss": 76.65184892752232, "train_recall": 0.580580808080808, "val_recall": 0.6095, "lr": 0.008}, {"epoch": 3, "loss": 77.67611846963285, "eval_loss": 75.27097543080647, "train_recall": 0.6028323232323233, "val_recall": 0.6326, "lr": 0.0008}, {"epoch": 4, "loss": 77.4592749875576, "eval_loss": 75.0894028223478, "train_recall": 0.6055555555555555, "val_recall": 0.6364, "lr": 0.0008}, {"epoch": 5, "loss": 77.37976800931095, "eval_loss": 75.1491421063741, "train_recall": 0.6060939393939394, "val_recall": 0.6383, "lr": 0.0008}, {"epoch": 6, "loss": 77.31500208801314, "eval_loss": 75.16994980054024, "train_recall": 0.6071323232323232, "val_recall": 0.6464, "lr": 0.0008}, {"epoch": 7, "loss": 77.17422669298467, "eval_loss": 74.92386272626045, "train_recall": 0.6087646464646465, "val_recall": 0.6395, "lr": 8e-05}, {"epoch": 8, "loss": 77.14636729448465, "eval_loss": 74.97231361193535, "train_recall": 0.608110101010101, "val_recall": 0.6365, "lr": 8e-05}, {"epoch": 9, "loss": 77.14248557201272, "eval_loss": 75.01936606871776, "train_recall": 0.6089686868686869, "val_recall": 0.6437, "lr": 8e-05}, {"epoch": 10, "loss": 77.1441787906904, "eval_loss": 74.99549566171108, "train_recall": 0.6085393939393939, "val_recall": 0.6463, "lr": 8e-05}, {"epoch": 11, "loss": 77.13485656231742, "eval_loss": 75.02301439872154, "train_recall": 0.6085363636363637, "val_recall": 0.6407, "lr": 8e-05}], "train_total": {"correct": 602451, "final_recall": 0.6085363636363637}, "training_time": 1981.7938323020935, "eval_time": 0.0075435638427734375}}, {"ins_id": 2, "dataset_partition": {"count_label_time": 202.5064799785614, "total_time": 202.66337490081787,