{"total_time_consume": 6752.913257360458, "preprocess": {"total_time": 0.10016703605651855}, "classifier": [{"ins_id": 0, "dataset_partition": {"bulid_graph_time": 68.1877748966217, "save_graph_time": 39.78065824508667, "graph_partition_time": 68.6402337551117, "total_time": 176.7932448387146, "cluster_number_distribution": [3675, 3741, 4023, 3905, 4023, 4024, 4023, 4024, 3864, 4024, 4021, 1116, 3952, 4024, 4021, 4024, 3960, 4022, 4022, 4023, 4024, 4024, 3878, 4023, 4020, 3954, 4022, 4024, 2932, 3889, 3884, 4022, 3977, 438, 2786, 4023, 4024, 4004, 3986, 3411, 3905, 4024, 3999, 3914, 3957, 4023, 4024, 4024, 4022, 3914, 3903, 3925, 4024, 3859, 3958, 4024, 3868, 3946, 3823, 3517, 4022, 4024, 4024, 4024, 3923, 3964, 4022, 4024, 4021, 4023, 4015, 3901, 4020, 3457, 4024, 3874, 4024, 4022, 4024, 4023, 4024, 4023, 4017, 3739, 4023, 3850, 3794, 4014, 3909, 3744, 4023, 4022, 4024, 4022, 3963, 4017, 3914, 4024, 4022, 3949, 3720, 3627, 3814, 1505, 4024, 4021, 4022, 4022, 2849, 3914, 3854, 3739, 4020, 4019, 4024, 4024, 4018, 4024, 4024, 4020, 4023, 4024, 4024, 4024, 4023, 3921, 4024, 4024, 3862, 3906, 4024, 4024, 3763, 4024, 4023, 4024, 3830, 4024, 3947, 4023, 4024, 4020, 4021, 4024, 4024, 4024, 4023, 4024, 4023, 4024, 3886, 4021, 4024, 4020, 4022, 3994, 4023, 4023, 3887, 4015, 4024, 3951, 4024, 3820, 4022, 3859, 3962, 4023, 3840, 4024, 3756, 4024, 4024, 4023, 3767, 4024, 4024, 4021, 4024, 4024, 4022, 3816, 4022, 4021, 4024, 4022, 4022, 4024, 4023, 4024, 3948, 3843, 4004, 4023, 4023, 4024, 3755, 4024, 1469, 4024, 3854, 4024, 3945, 3920, 4023, 3976, 4022, 3953, 4006, 3968, 4024, 4011, 3824, 3944, 3473, 3981, 4023, 3996, 3873, 4012, 4014, 3874, 4022, 3944, 3873, 4024, 4024, 4024, 3896, 3979, 4024, 4024, 3739, 4023, 4023, 3895, 4016, 3869, 4024, 4023, 4023, 4023, 3849, 3895, 3967, 3940, 3859, 4023, 3873, 3902, 3966, 4023, 3999, 3938, 4023, 4022]}, "prepare_train_sample": {"time": 0.6881186962127686}, "train_eval_model": {"train_intermediate": [{"epoch": 0, "loss": 98.4842817863427, "eval_loss": 82.92637119537744, "train_recall": 0.297889898989899, "val_recall": 0.4222, "lr": 0.004}, {"epoch": 1, "loss": 97.53531888357658, "eval_loss": 83.12638079814421, "train_recall": 0.30836565656565657, "val_recall": 0.4287, "lr": 0.004}, {"epoch": 2, "loss": 91.7822609987218, "eval_loss": 77.13152904999562, "train_recall": 0.3783212121212121, "val_recall": 0.5152, "lr": 0.00084}, {"epoch": 3, "loss": 91.6068128977988, "eval_loss": 76.79476751425328, "train_recall": 0.3804989898989899, "val_recall": 0.5201, "lr": 0.00084}, {"epoch": 4, "loss": 91.49905788605233, "eval_loss": 77.32391913731892, "train_recall": 0.3816424242424242, "val_recall": 0.5159, "lr": 0.00084}, {"epoch": 5, "loss": 91.44904195159933, "eval_loss": 76.85242832623996, "train_recall": 0.38258383838383836, "val_recall": 0.5154, "lr": 0.00084}, {"epoch": 6, "loss": 89.82230556557211, "eval_loss": 75.26587928869786, "train_recall": 0.4043646464646465, "val_recall": 0.5388, "lr": 0.0001764}, {"epoch": 7, "loss": 89.73527698225229, "eval_loss": 75.57410948093121, "train_recall": 0.40476969696969695, "val_recall": 0.5439, "lr": 0.0001764}, {"epoch": 8, "loss": 89.66746895745679, "eval_loss": 75.0387591948876, "train_recall": 0.40507373737373736, "val_recall": 0.537, "lr": 0.0001764}, {"epoch": 9, "loss": 89.65104462788548, "eval_loss": 74.29329280364207, "train_recall": 0.4054151515151515, "val_recall": 0.5404, "lr": 0.0001764}, {"epoch": 10, "loss": 89.59010436791742, "eval_loss": 74.64016529229971, "train_recall": 0.40595757575757574, "val_recall": 0.5476, "lr": 0.0001764}, {"epoch": 11, "loss": 89.54827408624588, "eval_loss": 75.78386229735155, "train_recall": 0.40653131313131313, "val_recall": 0.5503, "lr": 0.0001764}], "train_total": {"correct": 402466, "final_recall": 0.40653131313131313}, "training_time": 3032.13636302948, "eval_time": 0.005366325378417969}}, {"ins_id": 1, "dataset_partition": {"bulid_graph_time": 59.257548332214355, "save_graph_time": 42.262057304382324, "graph_partition_time": 70.03261423110962, "total_time": 171.70924520492554, "cluster_number_distribution": [3999, 4016, 4024, 3894, 4024, 4024, 4004, 3964, 3838, 3991, 3928, 3964, 3952, 3937, 4015, 4023, 3943, 0, 4023, 4008, 4024, 3923, 4023, 3772, 4008, 4023, 4024, 4024, 4024, 3901, 4023, 4024, 4001, 1698, 4023, 3738, 4024, 3880, 4012, 3989, 3913, 4023, 4024, 3965, 4024, 3903, 4019, 4024, 4023, 4024, 4007, 3921, 4024, 4024, 4024, 4024, 4023, 3915, 3764, 3817, 4023, 4024, 4024, 4024, 4024, 4024, 3885, 2119, 3954, 3914, 4023, 3892, 4024, 4010, 4001, 4024, 4024, 4021, 3992, 4024, 3965, 3914, 3989, 4024, 4000, 4024, 4024, 4023, 4024, 4024, 3895, 4005, 4011, 3983, 3953, 4017, 4024, 3904, 4024, 4024, 3903, 3896, 3862, 3937, 4024, 4024, 4024, 2799, 4023, 3979, 4021, 4010, 3913, 4024, 4024, 3927, 3983, 4015, 3929, 4024, 4022, 4024, 4024, 3998, 4024, 3898, 4019, 4023, 4021, 4023, 2291, 3879, 4009, 4016, 4024, 3857, 4021, 3842, 3930, 3934, 4024, 4024, 4024, 3964, 4023, 3906, 3905, 3947, 4024, 4024, 3928, 4024, 4006, 4018, 4023, 3956, 3924, 4017, 2125, 4023, 4022, 2905, 4024, 3959, 3981, 3955, 4023, 4023, 4015, 4006, 3949, 4013, 4022, 3795, 3893, 4024, 3944, 3967, 3897, 4023, 4024, 3797, 3867, 4021, 4024, 3909, 4008, 3948, 4022, 3985, 4023, 4024, 3996, 3816, 4017, 3929, 4024, 4024, 3934, 3987, 4024, 3965, 4020, 4024, 4001, 4024, 4004, 4024, 3907, 3954, 4024, 4024, 4023, 3984, 4024, 4023, 4023, 4024, 4023, 3989, 4024, 4006, 3931, 3951, 4024, 3926, 4024, 4023, 4020, 4024, 3992, 4024, 4024, 3849, 4010, 4024, 3845, 4024, 3991, 4013, 3951, 4023, 4024, 4024, 3995, 4023, 4017, 3969, 0, 3924, 3983, 4023, 3948, 2128, 4024, 4024]}, "prepare_train_sample": {"time": 0.7181386947631836}, "train_eval_model": {"train_intermediate": [{"epoch": 0, "loss": 102.96543131646217, "eval_loss": 90.31278199415941, "train_recall": 0.25686262626262624, "val_recall": 0.3564, "lr": 0.004}, {"epoch": 1, "loss": 102.24696482576913, "eval_loss": 90.87624801733556, "train_recall": 0.26524444444444445, "val_recall": 0.3602, "lr": 0.004}, {"epoch": 2, "loss": 96.96668321608449, "eval_loss": 84.72290852130988, "train_recall": 0.32552525252525255, "val_recall": 0.4328, "lr": 0.00084}, {"epoch": 3, "loss": 96.74652329401205, "eval_loss": 84.26529557888324, "train_recall": 0.3284212121212121, "val_recall": 0.4148, "lr": 0.00084}, {"epoch": 4, "loss": 96.71236574179323, "eval_loss": 84.27121942471236, "train_recall": 0.3288919191919192, "val_recall": 0.4255, "lr": 0.00084}, {"epoch": 5, "loss": 96.66722000496425, "eval_loss": 85.00453820595375, "train_recall": 0.3293939393939394, "val_recall": 0.4237, "lr": 0.00084}, {"epoch": 6, "loss": 95.17316426163319, "eval_loss": 83.21101394066444, "train_recall": 0.34823030303030306, "val_recall": 0.4484, "lr": 0.0001764}, {"epoch": 7, "loss": 95.04631868305644, "eval_loss": 83.58994278540978, "train_recall": 0.34917474747474747, "val_recall": 0.4516, "lr": 0.0001764}, {"epoch": 8, "loss": 95.0072685476226, "eval_loss": 83.06289649621034, "train_recall": 0.34966565656565657, "val_recall": 0.4452, "lr": 0.0001764}, {"epoch": 9, "loss": 94.98354317429309, "eval_loss": 82.50599276713835, "train_recall": 0.35022525252525255, "val_recall": 0.4498, "lr": 0.0001764}, {"epoch": 10, "loss": 94.93156385213675, "eval_loss": 82.18528960301326, "train_recall": 0.3510434343434343, "val_recall": 0.4474, "lr": 0.0001764}, {"epoch": 11, "loss": 94.85021387794367, "eval_loss": 82.60638222327599, "train_recall": 0.3515070707070707, "val_recall": 0.4469, "lr": 0.0001764}], "train_total": {"correct": 347992, "final_recall": 0.3515070707070707}, "training_time": 3029.2343270778656, "eval_time": 0.005706310272216797}}], "integrate": {"time": 186.05904054641724}, "count_recall": {"time": 145.22884130477905}}