{"total_time_consume": 36308.7550611496, "preprocess": {"total_time": 0.10847210884094238}, "classifier": [{"ins_id": 0, "dataset_partition": {"bulid_graph_time": 74.91400504112244, "save_graph_time": 45.368136405944824, "graph_partition_time": 70.59760856628418, "total_time": 191.06374311447144, "cluster_number_distribution": [4024, 3921, 3851, 3829, 4021, 4007, 3953, 3865, 4023, 4003, 3956, 3978, 4024, 3888, 3958, 3971, 4010, 4022, 4024, 4024, 3968, 3992, 4003, 3904, 4024, 4024, 4024, 4022, 3981, 3867, 3980, 1711, 4024, 0, 4020, 4024, 4024, 4024, 3948, 3937, 4024, 4012, 4024, 4023, 4024, 3791, 4024, 4024, 3741, 4024, 4024, 4019, 4024, 4021, 3992, 3827, 4023, 4023, 4023, 3990, 3743, 4024, 3894, 3999, 4023, 4024, 3844, 2798, 3886, 4011, 3733, 3825, 4024, 3931, 3999, 4022, 4024, 3728, 4022, 4024, 3895, 3722, 3806, 3951, 4023, 4024, 3876, 4024, 4022, 4020, 3864, 4012, 3975, 4021, 1395, 3816, 4019, 4022, 4021, 3969, 4024, 4013, 4023, 4003, 3392, 3934, 4023, 4023, 3935, 4019, 4020, 4024, 4023, 4020, 4024, 4019, 4024, 2584, 4024, 4014, 4024, 4024, 3973, 4016, 3800, 3969, 3969, 4024, 3971, 4024, 3789, 3738, 4016, 4024, 4024, 4023, 3973, 3947, 4024, 3146, 3848, 3990, 3866, 3880, 4024, 4023, 4024, 4024, 4023, 3994, 4024, 3924, 3956, 4024, 4020, 4024, 4024, 3735, 3993, 3866, 4024, 3883, 3938, 3996, 4023, 3886, 4024, 3822, 4024, 4022, 4024, 4019, 3976, 4022, 3974, 4023, 4024, 3910, 4016, 4020, 4024, 3971, 4024, 4010, 3949, 4021, 4023, 4003, 4021, 4024, 4016, 4021, 3967, 4023, 3886, 4024, 4024, 4024, 3995, 4024, 4023, 0, 4024, 4003, 3962, 3877, 4024, 3823, 4024, 3932, 4023, 3971, 3998, 3952, 4024, 4024, 4024, 4024, 4024, 4022, 3410, 3845, 3820, 3943, 4023, 4023, 4024, 4022, 4022, 4024, 4011, 3971, 3848, 3991, 3930, 3937, 3188, 4023, 4023, 4024, 4023, 3939, 4022, 4021, 4023, 3963, 4023, 4014, 3945, 3967, 3941, 3886, 4024, 4024, 4024, 4023]}, "prepare_train_sample": {"time": 0.8001935482025146}, "train_eval_model": {"train_config": {"model_name": "one_block_8192_dim", "lr": 0.001, "n_epochs": 12, "milestones": [3, 7]}, "train_intermediate": [{"epoch": 0, "loss": 62.26021271511514, "eval_loss": 49.150833582266785, "train_recall": 0.6491010101010101, "val_recall": 0.7403, "lr": 0.001}, {"epoch": 1, "loss": 58.20799592080982, "eval_loss": 48.478216293530586, "train_recall": 0.7081141414141414, "val_recall": 0.7613, "lr": 0.001}, {"epoch": 2, "loss": 57.58667797161743, "eval_loss": 48.15295440722735, "train_recall": 0.7239414141414141, "val_recall": 0.7684, "lr": 0.001}, {"epoch": 3, "loss": 56.7066818045195, "eval_loss": 47.581987209809135, "train_recall": 0.7494656565656566, "val_recall": 0.7919, "lr": 0.0001}, {"epoch": 4, "loss": 56.55121357356099, "eval_loss": 47.53182965669877, "train_recall": 0.7538585858585859, "val_recall": 0.7964, "lr": 0.0001}, {"epoch": 5, "loss": 56.48586835946595, "eval_loss": 47.44302191489782, "train_recall": 0.7560767676767677, "val_recall": 0.7984, "lr": 0.0001}, {"epoch": 6, "loss": 56.43719813952939, "eval_loss": 47.419254675889626, "train_recall": 0.7570141414141414, "val_recall": 0.7979, "lr": 0.0001}, {"epoch": 7, "loss": 56.341781865164414, "eval_loss": 47.415751524460624, "train_recall": 0.7603, "val_recall": 0.7979, "lr": 1e-05}, {"epoch": 8, "loss": 56.328621347515345, "eval_loss": 47.37671059217208, "train_recall": 0.761209090909091, "val_recall": 0.801, "lr": 1e-05}, {"epoch": 9, "loss": 56.31852261955453, "eval_loss": 47.385568245863304, "train_recall": 0.761319191919192, "val_recall": 0.8004, "lr": 1e-05}, {"epoch": 10, "loss": 56.31643443760044, "eval_loss": 47.39181893299787, "train_recall": 0.7613070707070707, "val_recall": 0.8018, "lr": 1e-05}, {"epoch": 11, "loss": 56.31179220244776, "eval_loss": 47.380446452360886, "train_recall": 0.7615333333333333, "val_recall": 0.8031, "lr": 1e-05}], "train_total": {"correct": 753918, "final_recall": 0.7615333333333333}, "training_time": 8845.962266206741, "eval_time": 0.17102789878845215}}, {"ins_id": 1, "dataset_partition": {"bulid_graph_time": 75.67479133605957, "save_graph_time": 50.421035289764404, "graph_partition_time": 38.35385799407959, "total_time": 164.64282059669495, "cluster_number_distribution": [4020, 4024, 4024, 4024, 4024, 3985, 4024, 4024, 4024, 4024, 3973, 4024, 4024, 4023, 4009, 4019, 3946, 4024, 3903, 4024, 4023, 4023, 4023, 4023, 4013, 3770, 4021, 4013, 4024, 4017, 4011, 3980, 3982, 4024, 4014, 3937, 4010, 4023, 4021, 4009, 4023, 4023, 3990, 4024, 4011, 4014, 4022, 4022, 4023, 3936, 4023, 4019, 4024, 4019, 3987, 4019, 4012, 4020, 3907, 4021, 4024, 4023, 3963, 3975, 3900, 3967, 3965, 4010, 4024, 4019, 3964, 3996, 3183, 3724, 4022, 4024, 3961, 3766, 3909, 4024, 3766, 4024, 3934, 4003, 3990, 4024, 4023, 4024, 4022, 3943, 3924, 4016, 4024, 3920, 3874, 4010, 3892, 4024, 4024, 4024, 4008, 4023, 4003, 4023, 4023, 4024, 4015, 3956, 4020, 4024, 3952, 4024, 3952, 4024, 4023, 4024, 3843, 3901, 4008, 4023, 4015, 4024, 4011, 3932, 2341, 4014, 3868, 0, 3970, 3938, 2808, 3977, 3866, 4021, 4018, 4024, 4024, 3945, 4024, 3840, 4023, 4019, 4024, 4024, 4024, 4001, 4023, 4022, 4024, 4024, 3951, 4021, 3958, 3861, 4023, 3928, 4024, 3843, 3891, 4024, 3882, 4023, 4011, 3967, 4023, 3953, 3975, 3980, 4023, 3993, 4023, 3977, 3807, 3921, 4024, 1220, 3920, 4007, 4014, 2499, 4024, 3884, 3986, 3856, 4024, 4023, 4016, 3912, 3881, 3948, 3924, 0, 3935, 4024, 4023, 4024, 3956, 3954, 3964, 3965, 4023, 4003, 3987, 4019, 3947, 3897, 3903, 3941, 0, 3922, 4024, 4024, 4016, 4023, 4022, 3913, 3985, 4016, 4010, 4022, 3987, 4018, 4004, 4020, 3992, 3989, 4023, 3811, 3974, 4024, 3988, 4024, 3952, 4023, 4024, 3941, 4024, 4013, 4024, 4023, 3913, 3987, 3846, 4022, 4024, 3888, 3871, 3982, 4024, 4022, 3987, 4018, 3840, 4024, 3909, 4024]}, "prepare_train_sample": {"time": 0.8467113971710205}, "train_eval_model": {"train_config": {"model_name": "one_block_8192_dim", "lr": 0.001, "n_epochs": 12, "milestones": [3, 7]}, "train_intermediate": [{"epoch": 0, "loss": 68.35844805593824, "eval_loss": 58.047223824721115, "train_recall": 0.5798686868686869, "val_recall": 0.6602, "lr": 0.001}, {"epoch": 1, "loss": 64.41920740169672, "eval_loss": 57.35519800430689, "train_recall": 0.6332030303030303, "val_recall": 0.677, "lr": 0.001}, {"epoch": 2, "loss": 63.78932579290344, "eval_loss": 56.92345600861769, "train_recall": 0.6477454545454545, "val_recall": 0.6836, "lr": 0.001}, {"epoch": 3, "loss": 62.857917995017, "eval_loss": 56.348440818297554, "train_recall": 0.6719444444444445, "val_recall": 0.7055, "lr": 0.0001}, {"epoch": 4, "loss": 62.715343463257874, "eval_loss": 56.256725396865455, "train_recall": 0.6758161616161616, "val_recall": 0.7071, "lr": 0.0001}, {"epoch": 5, "loss": 62.6517626819758, "eval_loss": 56.257177841969025, "train_recall": 0.6779787878787878, "val_recall": 0.7083, "lr": 0.0001}, {"epoch": 6, "loss": 62.58188153278097, "eval_loss": 56.16602046673115, "train_recall": 0.680069696969697, "val_recall": 0.7097, "lr": 0.0001}, {"epoch": 7, "loss": 62.490804177601845, "eval_loss": 56.12436610001784, "train_recall": 0.681920202020202, "val_recall": 0.708, "lr": 1e-05}, {"epoch": 8, "loss": 62.472996947829856, "eval_loss": 56.14719464228703, "train_recall": 0.6826888888888889, "val_recall": 0.7089, "lr": 1e-05}, {"epoch": 9, "loss": 62.470818191692565, "eval_loss": 56.099058102338745, "train_recall": 0.6832656565656565, "val_recall": 0.7073, "lr": 1e-05}, {"epoch": 10, "loss": 62.46103470332483, "eval_loss": 56.120888905647476, "train_recall": 0.6832191919191919, "val_recall": 0.7055, "lr": 1e-05}, {"epoch": 11, "loss": 62.45322373958604, "eval_loss": 56.15452557343703, "train_recall": 0.6834767676767677, "val_recall": 0.7085, "lr": 1e-05}], "train_total": {"correct": 676642, "final_recall": 0.6834767676767677}, "training_time": 8819.311898231506, "eval_time": 0.1335763931274414}}, {"ins_id": 2, "dataset_partition": {"bulid_graph_time": 84.31281781196594, "save_graph_time": 54.72485613822937, "graph_partition_time": 36.97122406959534, "total_time": 176.20137095451355,