{"total_time_consume": 640.2181420326233, "preprocess": {"total_time": 0.07638978958129883}, "classifier": [{"ins_id": 1, "dataset_partition": {"time": 0.7488017082214355, "cluster_number_distribution": [285110, 134353, 37959, 5171, 248, 5, 0, 0, 0, 0, 0, 2, 721, 25552, 170402, 340477]}, "predict": {"time": 0.0005927085876464844}}, {"ins_id": 2, "dataset_partition": {"time": 0.837181568145752, "cluster_number_distribution": [399963, 181559, 23094, 545, 1, 0, 0, 0, 0, 0, 0, 2, 612, 12597, 89893, 291734]}, "predict": {"time": 0.0005812644958496094}}], "integrate": {"time": 515.7450728416443}, "count_recall": {"time": 117.80484509468079}}