{"total_time_consume": 51356.739760160446, "preprocess": {"kmeans_time": 49197.71631717682, "random_projection": 3.68174147605896, "total_time": 49201.52106308937}, "classifier": [{"ins_id": 1, "dataset_partition": {"time": 469.22656869888306, "cluster_number_distribution": [4216, 5278, 5802, 5604, 1051, 1243, 2543, 3593, 5190, 6303, 6564, 2259, 1031, 12224, 4703, 7247, 2983, 10450, 2490, 1234, 2866, 5996, 4784, 2753, 628, 6315, 5796, 5218, 3980, 4189, 11654, 8078, 329, 5953, 867, 2204, 1230, 4256, 3552, 2618, 6749, 3229, 6104, 1021, 2544, 2261, 8102, 3122, 6515, 1531, 1462, 1519, 4188, 3820, 8462, 1998, 2229, 2476, 6310, 2375, 4049, 1941, 2821, 917, 5250, 2865, 6838, 2702, 1936, 3447, 4003, 1915, 4577, 1046, 1382, 2324, 12363, 9367, 826, 4135, 7619, 1187, 1960, 1872, 1714, 7165, 2048, 8543, 5313, 1078, 9680, 1332, 725, 5492, 3583, 5364, 19066, 1925, 383, 4055, 3193, 3438, 8509, 7345, 203, 4294, 7122, 358, 1850, 3676, 6025, 2493, 2761, 1621, 5791, 1974, 4891, 3252, 1068, 4827, 6976, 16356, 2442, 3836, 399, 482, 4885, 11038, 3751, 214, 2693, 2227, 526, 5398, 3357, 8919, 4989, 842, 8069, 2282, 10756, 439, 3605, 1195, 3645, 123, 1261, 4962, 2067, 1713, 6249, 1356, 7450, 590, 3525, 4042, 1066, 1785, 7242, 6991, 836, 2919, 2623, 4781, 2541, 9151, 4970, 4529, 2978, 1913, 3940, 2080, 4089, 7163, 6002, 3155, 164, 4068, 2952, 12717, 993, 2730, 5557, 3352, 3729, 3984, 7194, 4027, 1039, 1863, 9709, 4315, 4991, 3078, 2060, 3208, 1323, 2188, 2225, 260, 3683, 1644, 6422, 4838, 3140, 3595, 6321, 7586, 3236, 1139, 1886, 3572, 3681, 6493, 1060, 3236, 1193, 3133, 5067, 1238, 4807, 6985, 3670, 1901, 3104, 5653, 2580, 1712, 6572, 3931, 5795, 2362, 6521, 145, 2108, 1458, 1089, 845, 1148, 310, 4732, 4333, 1758, 6274, 3316, 3104, 1614, 941, 2874, 9889, 3702, 8423, 4033, 1877, 2506, 3836]}, "predict": {"time": 2.520510673522949}}, {"ins_id": 2, "dataset_partition": {"time": 499.18968439102173, "cluster_number_distribution": [5836, 2822, 7735, 2916, 4896, 13238, 4329, 387, 2294, 2840, 4075, 898, 4423, 11030, 5180, 1427, 5643, 5439, 1147, 6225, 7184, 1743, 3555, 1636, 6653, 3916, 1950, 8904, 9075, 31638, 7412, 5229, 3702, 3709, 3599, 4236, 3921, 3011, 2347, 1940, 83, 1623, 3415, 5601, 4086, 6246, 1600, 50, 5304, 2876, 993, 1372, 672, 3650, 5291, 893, 3244, 6633, 640, 2151, 3818, 3661, 997, 916, 907, 6437, 2180, 5065, 867, 2236, 3633, 9400, 8686, 7512, 2345, 1686, 1755, 4113, 6342, 3698, 1145, 4323, 3237, 5048, 2655, 618, 4980, 3991, 2982, 4417, 2047, 2641, 676, 1963, 2748, 3621, 349, 1145, 5131, 4775, 2195, 751, 5981, 1391, 4447, 2863, 1701, 2714, 12195, 3745, 3302, 3114, 1392, 8308, 3547, 5286, 15697, 5324, 1080, 6672, 659, 9725, 3178, 3416, 3398, 7323, 993, 4628, 1801, 709, 1667, 8223, 1660, 5520, 1700, 4433, 3608, 16, 928, 3812, 7924, 3650, 3222, 5069, 2139, 3673, 5598, 1415, 5537, 2826, 1010, 5790, 2666, 2308, 2020, 1859, 2998, 6366, 3552, 5872, 680, 366, 7145, 1477, 4205, 6375, 935, 1750, 1167, 3611, 357, 2850, 516, 5052, 986, 9334, 3409, 8805, 3889, 6665, 3316, 5128, 2523, 5142, 5517, 1223, 5015, 7735, 12831, 6132, 903, 3321, 5235, 2666, 2893, 2561, 545, 2414, 978, 4654, 12061, 4247, 48, 2461, 10706, 2155, 3920, 6439, 5586, 5209, 2059, 5292, 3711, 1408, 2029, 5448, 4107, 4240, 6948, 2533, 3828, 3811, 2210, 962, 731, 4909, 367, 4175, 1767, 937, 7056, 4984, 2535, 1716, 8387, 7136, 2156, 4355, 639, 4206, 4716, 1643, 1803, 8093, 3242, 3290, 8642, 1921, 4968, 58, 3639, 6600, 3169, 1767, 3669, 1095]}, "predict": {"time": 2.5304553508758545}}, {"ins_id": 3, "dataset_partition": {"time": 505.07126450538635, "cluster_number_distribution": [1407, 3077, 2646, 6726, 2600, 3522, 1454, 6890, 1505, 4798, 6552, 4523, 1809, 4863, 4165, 5208, 4658, 1297, 1808, 3098, 2530, 4651, 4842, 3634, 4229, 10167, 4046, 4343, 13364, 4499, 5854, 4830, 5141, 2895, 4864, 918, 3550, 4737, 2289, 1216, 16808, 2996, 1060, 4917, 6497, 5222, 2606, 4378, 4164, 2857, 2085, 3140, 5411, 4149, 1084, 4498, 3275, 3364, 3185, 3385, 2129, 4256, 5568, 3928, 592, 4012, 1083, 4678, 3687, 3202, 2019, 4228, 4721, 5456, 4188, 12876, 2849, 1457, 1034, 6697, 4149, 5817, 3572, 3901, 4194, 5126, 1099, 5892, 1175, 1423, 5915, 3685, 35793, 1963, 4694, 4172, 521, 6222, 2932, 6176, 1972, 6161, 6693, 392, 857, 5302, 3437, 3908, 2226, 672, 8403, 3061, 2541, 6153, 4974, 3854, 722, 3294, 5172, 1046, 2085, 4817, 4402, 2951, 4047, 8712, 1450, 4846, 1535, 4922, 5917, 713, 3609, 3716, 747, 2475, 398, 48, 5622, 4683, 3980, 1695, 6518, 6535, 5536, 2431, 569, 3719, 2680, 3997, 6778, 7079, 5980, 6865, 7164, 5361, 5523, 3692, 5056, 1145, 2508, 976, 4595, 3170, 3232, 4671, 4808, 1539, 1966, 2872, 3389, 4768, 1562, 1503, 3885, 2803, 3702, 4800, 6492, 1296, 1221, 3325, 4277, 3699, 493, 2727, 6623, 743, 344, 1144, 5351, 2796, 6887, 4187, 4125, 1669, 1451, 1289, 4413, 5155, 3126, 4125, 3166, 5847, 440, 2837, 4219, 4916, 4024, 4661, 3131, 5480, 1379, 5577, 43, 1506, 5957, 5533, 3584, 4742, 1673, 4061, 426, 3938, 6931, 1733, 3187, 3801, 2103, 6126, 12308, 2676, 512, 3959, 3369, 6202, 5981, 2693, 2629, 2707, 3960, 5982, 3524, 3261, 5386, 492, 1570, 3128, 11332, 119, 3087, 2112, 3472, 2956, 1795, 1855]}, "predict": {"time": 2.584165096282959}}, {"ins_id": 4, "dataset_partition": {"time": 529.7131667137146, "cluster_number_distribution": [6595, 6657, 4436, 4195, 3319, 36, 3520, 1573, 3839, 1501, 1384, 3060, 1298, 17011, 1060, 622, 6959, 3966, 4923, 805, 2936, 3743, 1238, 3520, 4704, 4248, 1629, 5806, 7486, 420, 1478, 7834, 1935, 2896, 2317, 2429, 1850, 2699, 3437, 3551, 2655, 4390, 3693, 1244, 7194, 2021, 5302, 2722, 4208, 10761, 5461, 193, 1060, 801, 1583, 5653, 12166, 5951, 4378, 1948, 3988, 4354, 3608, 3846, 4384, 3770, 3706, 6177, 4288, 996, 1206, 446, 2184, 501, 1217, 3399, 2278, 688, 4365, 4868, 2066, 8379, 3033, 12202, 6994, 414, 2786, 6018, 4052, 3156, 3877, 8457, 4795, 7939, 515, 11536, 6359, 6136, 4119, 2743, 1458, 6851, 6019, 2522, 1044, 10041, 2007, 5556, 2983, 7737, 4345, 3752, 593, 7578, 4188, 265, 6314, 4069, 10876, 5049, 3517, 932, 1627, 5782, 4573, 5071, 631, 3135, 559, 2072, 5594, 7579, 352, 4272, 1550, 2699, 7641, 1097, 3024, 2656, 4103, 2350, 6704, 2575, 7541, 1364, 536, 1820, 1845, 11556, 7779, 6965, 2343, 730, 5361, 77, 3164, 5458, 2041, 1675, 4055, 2602, 4827, 17002, 1158, 897, 733, 3405, 720, 2062, 4744, 1093, 4110, 69, 1864, 1892, 1082, 2281, 4278, 10433, 1481, 2987, 1018, 4945, 3249, 5530, 4657, 958, 3506, 6370, 781, 2218, 3218, 3008, 8354, 3227, 3587, 7785, 13583, 2503, 4044, 1462, 2430, 6353, 3391, 7071, 4153, 4045, 11258, 4496, 3213, 7970, 2753, 4532, 2318, 784, 2209, 2486, 613, 922, 2828, 7593, 4262, 5460, 7818, 10073, 679, 3641, 5212, 2912, 3068, 9045, 4263, 1907, 11137, 2359, 3531, 4373, 4080, 4260, 813, 987, 3406, 5484, 6313, 3726, 3327, 6315, 903, 6347, 1720, 3526, 11, 325, 241, 3539]}, "predict": {"time": 2.5692710876464844}}], "integrate": {"time": 72.52627205848694}, "count_recall": {"time": 67.46590924263}}