{"total_time_consume": 19342.888015031815, "preprocess": {"total_time": 0.08149528503417969}, "classifier": [{"ins_id": 0, "dataset_partition": {"bulid_graph_time": 1184.3496403694153, "save_graph_time": 30.97191333770752, "graph_partition_time": 82.87778425216675, "total_time": 1298.3958992958069, "cluster_number_distribution": [4024, 3906, 4024, 4013, 4004, 4023, 3862, 4021, 4017, 4023, 2605, 3370, 4002, 4005, 3992, 4024, 3965, 3999, 4012, 4011, 4023, 4023, 4019, 4024, 4023, 3491, 4022, 4018, 4003, 4020, 4022, 4019, 4023, 3999, 4013, 3976, 4023, 3999, 3997, 4023, 4021, 3821, 3998, 3999, 4022, 3811, 3989, 3661, 3989, 4022, 4023, 4023, 4009, 4022, 4022, 4020, 4023, 3952, 4023, 4023, 4013, 4020, 1422, 3985, 4003, 4023, 4021, 4013, 4022, 3973, 3938, 4021, 4013, 2459, 4023, 3999, 3992, 4022, 4023, 4005, 4013, 4001, 4006, 4012, 4023, 3991, 3894, 4001, 4010, 2210, 4016, 4021, 4021, 3846, 4018, 4015, 4006, 4019, 4014, 4022, 3961, 4008, 4015, 4023, 4010, 4016, 1676, 3989, 3972, 4022, 4023, 4004, 4020, 4023, 3997, 3991, 4022, 4009, 4010, 4019, 3088, 3977, 4001, 3955, 4022, 3915, 4021, 3927, 3835, 4023, 3998, 4011, 4023, 4023, 4020, 4017, 3979, 4022, 4003, 0, 4021, 4023, 4021, 4017, 4007, 4015, 4022, 4019, 4007, 4006, 4010, 4015, 3163, 4024, 4018, 3204, 3864, 4017, 4021, 3985, 4009, 3997, 4023, 3998, 4012, 3981, 4023, 3594, 4021, 4014, 4017, 4009, 2075, 4008, 4019, 4023, 4022, 4010, 4023, 4005, 4001, 4016, 4020, 3999, 4022, 3652, 4022, 4008, 3851, 4023, 3911, 4022, 3861, 4003, 4022, 3952, 4023, 4022, 4016, 3932, 3975, 3996, 4023, 3945, 3903, 4019, 4022, 4011, 4024, 4021, 4014, 3962, 3377, 4020, 3282, 4022, 4012, 3872, 4014, 3938, 4016, 4021, 4022, 4024, 3895, 4023, 3884, 3982, 4018, 2750, 4010, 4006, 3967, 3134, 4023, 4015, 4023, 4024, 4023, 4018, 4021, 4013, 4000, 4018, 3980, 3924, 3995, 4021, 4023, 3942, 4020, 3997, 4023, 4002, 4014, 3983]}, "prepare_train_sample": {"time": 0.5446701049804688}, "train_eval_model": {"train_intermediate": [{"epoch": 0, "loss": 63.83363675604148, "eval_loss": 52.287094372969406, "train_recall": 0.599570707070707, "val_recall": 0.6883, "lr": 0.008}, {"epoch": 1, "loss": 61.39803591769302, "eval_loss": 51.53786766834748, "train_recall": 0.637870707070707, "val_recall": 0.6976, "lr": 0.008}, {"epoch": 2, "loss": 60.88112937781006, "eval_loss": 51.244044248874374, "train_recall": 0.648740404040404, "val_recall": 0.706, "lr": 0.008}, {"epoch": 3, "loss": 59.420911079379856, "eval_loss": 50.23813126026056, "train_recall": 0.680089898989899, "val_recall": 0.7346, "lr": 0.0008}, {"epoch": 4, "loss": 59.251912715374374, "eval_loss": 50.218603231968025, "train_recall": 0.6839040404040404, "val_recall": 0.7361, "lr": 0.0008}, {"epoch": 5, "loss": 59.1780391086083, "eval_loss": 50.17544641250219, "train_recall": 0.686250505050505, "val_recall": 0.7366, "lr": 0.0008}, {"epoch": 6, "loss": 59.12800758848379, "eval_loss": 50.209101615807946, "train_recall": 0.6870818181818181, "val_recall": 0.7341, "lr": 0.0008}, {"epoch": 7, "loss": 58.99363090514397, "eval_loss": 50.078571478525795, "train_recall": 0.6906020202020202, "val_recall": 0.7388, "lr": 8e-05}, {"epoch": 8, "loss": 58.96827522561681, "eval_loss": 50.05225837536347, "train_recall": 0.6908565656565656, "val_recall": 0.7383, "lr": 8e-05}, {"epoch": 9, "loss": 58.96939600406815, "eval_loss": 50.0789512915489, "train_recall": 0.691170707070707, "val_recall": 0.739, "lr": 8e-05}, {"epoch": 10, "loss": 58.956090790809974, "eval_loss": 50.0603273831881, "train_recall": 0.6908909090909091, "val_recall": 0.7354, "lr": 8e-05}, {"epoch": 11, "loss": 58.954494798515206, "eval_loss": 50.07600213931157, "train_recall": 0.6916545454545454, "val_recall": 0.7367, "lr": 8e-05}], "train_total": {"correct": 684738, "final_recall": 0.6916545454545454}, "training_time": 3283.658086538315, "eval_time": 0.0067288875579833984}}, {"ins_id": 1, "dataset_partition": {"bulid_graph_time": 1353.4260702133179, "save_graph_time": 29.24842119216919, "graph_partition_time": 57.47439885139465, "total_time": 1440.3327870368958, "cluster_number_distribution": [4022, 4006, 3978, 3983, 4024, 3831, 3964, 4024, 4004, 4017, 4010, 4011, 4016, 4024, 4023, 3800, 4024, 2272, 3948, 3983, 3898, 4023, 4012, 2797, 3999, 3973, 3999, 4023, 4018, 4023, 4021, 4023, 4019, 4006, 3994, 4013, 4022, 4022, 3549, 4017, 4017, 3990, 4016, 4014, 4022, 4013, 4021, 3978, 4022, 4022, 4018, 4014, 4020, 4021, 4017, 4024, 4022, 4009, 4023, 4022, 4023, 4014, 4015, 4023, 3981, 4002, 4018, 3984, 4023, 4021, 4023, 4012, 0, 4022, 4024, 3875, 4004, 4023, 4022, 4023, 4023, 4023, 3599, 4007, 4024, 4018, 4023, 4023, 4021, 3908, 4024, 4020, 3889, 3803, 4021, 4012, 3998, 4021, 4012, 4021, 3921, 3782, 4023, 3979, 4023, 4011, 4018, 3958, 4016, 4022, 3984, 3988, 0, 3935, 3941, 4023, 4021, 3977, 4021, 4021, 4023, 4019, 3982, 4020, 4022, 3992, 3919, 4017, 4008, 2683, 4022, 4021, 4017, 4022, 3777, 4016, 4009, 4019, 4022, 4024, 2787, 4017, 4019, 4010, 4018, 4021, 4023, 4023, 4008, 4018, 3949, 4012, 3965, 4022, 4023, 4020, 3940, 4014, 4023, 4016, 3915, 4014, 3989, 4022, 4021, 3661, 4022, 3904, 4019, 4020, 3996, 4022, 4021, 3955, 4023, 4004, 4023, 4014, 4021, 4022, 4023, 4014, 4017, 4022, 3679, 3912, 3995, 3985, 4024, 3920, 3991, 3331, 3943, 3958, 4016, 3973, 480, 4023, 3968, 4024, 3868, 4019, 4023, 4014, 3969, 4012, 4023, 4008, 4024, 3897, 4016, 3158, 4023, 4011, 4014, 4023, 4020, 4011, 3996, 4012, 3841, 4016, 4019, 3985, 4023, 4023, 3959, 4023, 4013, 4022, 4006, 4023, 4013, 3890, 4022, 4000, 4016, 2561, 3987, 4020, 3901, 4022, 3947, 3902, 4017, 4024, 4016, 3431, 2501, 4021, 3967, 4022, 4024, 4021, 4015, 4012]}, "prepare_train_sample": {"time": 0.3924248218536377}, "train_eval_model": {"train_intermediate": [{"epoch": 0, "loss": 66.58825829673584, "eval_loss": 54.894436738429924, "train_recall": 0.5723777777777778, "val_recall": 0.6646, "lr": 0.008}, {"epoch": 1, "loss": 64.25824685674272, "eval_loss": 54.307972761300896, "train_recall": 0.6088424242424243, "val_recall": 0.6775, "lr": 0.008}, {"epoch": 2, "loss": 63.74487524590241, "eval_loss": 54.17942635218302, "train_recall": 0.6182333333333333, "val_recall": 0.6795, "lr": 0.008}, {"epoch": 3, "loss": 62.33560667769473, "eval_loss": 53.02091236603566, "train_recall": 0.6490292929292929, "val_recall": 0.7062, "lr": 0.0008}, {"epoch": 4, "loss": 62.17309555478868, "eval_loss": 52.98543965510833, "train_recall": 0.6522060606060606, "val_recall": 0.7095, "lr": 0.0008}, {"epoch": 5, "loss": 62.10385335437713, "eval_loss": 52.9394513521439, "train_recall": 0.6541131313131313, "val_recall": 0.7106, "lr": 0.0008}, {"epoch": 6, "loss": 62.04303600245804, "eval_loss": 52.90292035616361, "train_recall": 0.6553696969696969, "val_recall": 0.7107, "lr": 0.0008}, {"epoch": 7, "loss": 61.91068499180073, "eval_loss": 52.839845009339165, "train_recall": 0.6583909090909091, "val_recall": 0.7122, "lr": 8e-05}, {"epoch": 8, "loss": 61.898144321581604, "eval_loss": 52.824154083545395, "train_recall": 0.6587686868686868, "val_recall": 0.7129, "lr": 8e-05}, {"epoch": 9, "loss": 61.8918209601825, "eval_loss": 52.83205223083496, "train_recall": 0.6590676767676767, "val_recall": 0.7124, "lr": 8e-05}, {"epoch": 10, "loss": 61.88820216353402, "eval_loss": 52.80432507930658, "train_recall": 0.659170707070707, "val_recall": 0.7162, "lr": 8e-05}, {"epoch": 11, "loss": 61.883176338296174, "eval_loss": 52.81951208603688, "train_recall": 0.6591494949494949, "val_recall": 0.714, "lr": 8e-05}], "train_total": {"correct": 652558, "final_recall": 0.6591494949494949}, "training_time": 3335.048644542694, "eval_time": 0.015050649642944336}}, {"ins_id": 2, "dataset_partition": {"bulid_graph_time": 1347.1999583244324, "save_graph_time": 29.187002182006836, "graph_partition_time": 65.6440942287445, "total_time": 1442.2214212417603,