{"total_time_consume": 4254.71125459671, "preprocess": {"total_time": 0.051107168197631836}, "classifier": [{"ins_id": 0, "dataset_partition": {"bulid_graph_time": 875.6273849010468, "save_graph_time": 27.359270095825195, "graph_partition_time": 56.88340616226196, "total_time": 960.0297148227692, "cluster_number_distribution": [3966, 4024, 4023, 4022, 4024, 4024, 4024, 4024, 3316, 4002, 4003, 3999, 4021, 4011, 4022, 2652, 4023, 3885, 3938, 4023, 4014, 4024, 3835, 4024, 4013, 4022, 3833, 4009, 4010, 4023, 3958, 4001, 4017, 4019, 3998, 2637, 3014, 4022, 4012, 3997, 3952, 4023, 4024, 4024, 3925, 1916, 3757, 3881, 4021, 4022, 4003, 3040, 3969, 4023, 4011, 3960, 4023, 3998, 4023, 4022, 3929, 4023, 3915, 4022, 4011, 3993, 4017, 4011, 4022, 4015, 4023, 4023, 4018, 4023, 4021, 4000, 4002, 4023, 3943, 3901, 4002, 3829, 4005, 4003, 3397, 4023, 4018, 4017, 4016, 4022, 4017, 3210, 4023, 4022, 4022, 4017, 3991, 3952, 4019, 3958, 4009, 4020, 4023, 4017, 4024, 4024, 2349, 3789, 4019, 4023, 4023, 3756, 4010, 4014, 3971, 4023, 3980, 4023, 4020, 3974, 4021, 3754, 4023, 4021, 4008, 4016, 3452, 3991, 4023, 3884, 3957, 4024, 4017, 3934, 2545, 4013, 4023, 3983, 4023, 4022, 4019, 4024, 3882, 3772, 4023, 4011, 4021, 3680, 2425, 4006, 2970, 3920, 4021, 4023, 4004, 3944, 4020, 4021, 2738, 3969, 4023, 4023, 3913, 4024, 3755, 4021, 4020, 3772, 3996, 4015, 4022, 4023, 4021, 4013, 4018, 4021, 4023, 3662, 4023, 3960, 4022, 4022, 4024, 3895, 4013, 3755, 4021, 4023, 4024, 3744, 3315, 3952, 4021, 4019, 4008, 3861, 4020, 3996, 4023, 3832, 4023, 4023, 4023, 4023, 3999, 3890, 3310, 3731, 4024, 4021, 4024, 3267, 3977, 4018, 4024, 3926, 4023, 4024, 4023, 3989, 4023, 4019, 3525, 3935, 4024, 3942, 4023, 4020, 4007, 4006, 4024, 4018, 4020, 3974, 4023, 3683, 3995, 3518, 3852, 4022, 3961, 3986, 3963, 3842, 4021, 3954, 4023, 3952, 4023, 4023, 3732, 4023, 4001, 3856, 4023, 3723]}, "prepare_train_sample": {"time": 0.5793313980102539}, "train_eval_model": {"train_intermediate": [{"epoch": 0, "loss": 62.386087860453664, "eval_loss": 56.66130069585947, "train_recall": 0.5709050505050505, "val_recall": 0.6449, "lr": 0.008}, {"epoch": 1, "loss": 59.79281684929003, "eval_loss": 55.999809693067505, "train_recall": 0.6018656565656566, "val_recall": 0.6504, "lr": 0.008}, {"epoch": 2, "loss": 59.28000440571948, "eval_loss": 55.85301328316713, "train_recall": 0.6085666666666667, "val_recall": 0.6557, "lr": 0.008}, {"epoch": 3, "loss": 57.70248522778367, "eval_loss": 54.64450145379091, "train_recall": 0.633240404040404, "val_recall": 0.6783, "lr": 0.0008}, {"epoch": 4, "loss": 57.49729799457499, "eval_loss": 54.60311009333684, "train_recall": 0.6368818181818182, "val_recall": 0.6797, "lr": 0.0008}, {"epoch": 5, "loss": 57.41203971771794, "eval_loss": 54.51911387076745, "train_recall": 0.638230303030303, "val_recall": 0.6799, "lr": 0.0008}, {"epoch": 6, "loss": 57.35680424780598, "eval_loss": 54.57631381352743, "train_recall": 0.6394090909090909, "val_recall": 0.6858, "lr": 0.0008}, {"epoch": 7, "loss": 57.22407900741838, "eval_loss": 54.51046328666882, "train_recall": 0.6418888888888888, "val_recall": 0.6834, "lr": 8e-05}, {"epoch": 8, "loss": 57.203413346575395, "eval_loss": 54.43659937687409, "train_recall": 0.6414666666666666, "val_recall": 0.6838, "lr": 8e-05}, {"epoch": 9, "loss": 57.21213535131648, "eval_loss": 54.47340300144293, "train_recall": 0.6422676767676768, "val_recall": 0.684, "lr": 8e-05}, {"epoch": 10, "loss": 57.19985701271237, "eval_loss": 54.41124347540048, "train_recall": 0.6414898989898989, "val_recall": 0.6844, "lr": 8e-05}, {"epoch": 11, "loss": 57.19352323262867, "eval_loss": 54.46205859306531, "train_recall": 0.6414575757575758, "val_recall": 0.6858, "lr": 8e-05}], "train_total": {"correct": 635043, "final_recall": 0.6414575757575758}, "training_time": 3064.3182797431946, "eval_time": 0.0058557987213134766}}], "integrate": {"time": 92.79613184928894}, "count_recall": {"time": 128.17349815368652}}