{"total_time_consume": 2480.1446228027344, "preprocess": {"total_time": 0.029915332794189453}, "classifier": [{"ins_id": 0, "dataset_partition": {"bulid_graph_time": 1190.9484524726868, "save_graph_time": 30.429113626480103, "graph_partition_time": 63.52835750579834, "total_time": 1285.108085155487, "cluster_number_distribution": [4017, 3974, 3901, 3955, 3992, 4017, 4023, 4004, 4006, 4018, 4017, 4022, 4022, 4022, 3991, 3999, 4013, 3989, 4022, 4021, 3652, 4022, 4023, 3965, 4022, 4020, 4023, 4017, 4015, 3959, 4021, 3994, 4022, 4013, 2790, 4023, 4021, 4022, 4014, 4022, 3997, 4023, 4014, 3994, 4009, 3037, 4004, 4005, 4018, 0, 4021, 4022, 3979, 4023, 4014, 3979, 4020, 4016, 3965, 4001, 4010, 4021, 4019, 4012, 4021, 4022, 4023, 4023, 4022, 4021, 2814, 4016, 4006, 4003, 4023, 3997, 4023, 3748, 3940, 4023, 4017, 4022, 4024, 4022, 3963, 4023, 4019, 4023, 3773, 4024, 4021, 3117, 4020, 4002, 3992, 2558, 4015, 4004, 4023, 3830, 4023, 3979, 4022, 3830, 4021, 3932, 4014, 4023, 4022, 4022, 4021, 4012, 3728, 3849, 3973, 4019, 3952, 4017, 4017, 3841, 3718, 3748, 3901, 4024, 4023, 4005, 3136, 4023, 4023, 3936, 3945, 4013, 3932, 3901, 4011, 3970, 3996, 4022, 4015, 4013, 4007, 3833, 3957, 4021, 3978, 3350, 4022, 3962, 4020, 3783, 3452, 4021, 3790, 4022, 3783, 4022, 3986, 3925, 4023, 3949, 4022, 4018, 3899, 4023, 4009, 4001, 3831, 4021, 4021, 4002, 3984, 3921, 4023, 3986, 4017, 4003, 4023, 3982, 3950, 4014, 3995, 3955, 3990, 4011, 4022, 3826, 4020, 2177, 4008, 4019, 4023, 4023, 3996, 4021, 4022, 4018, 4023, 1268, 4007, 4023, 4018, 3918, 3847, 3979, 4002, 3998, 3986, 4014, 4023, 4023, 3160, 3987, 3947, 3963, 3990, 4023, 4020, 3427, 4013, 3665, 4022, 4022, 3956, 4019, 3954, 4021, 3802, 3856, 3741, 3997, 4024, 3828, 4023, 4023, 4022, 4023, 1885, 3953, 4024, 3991, 3999, 3985, 4023, 4001, 4023, 4008, 4012, 4017, 3912, 4014, 4018, 4016, 4023, 4011, 3848, 4021]}, "prepare_train_sample": {"time": 0.5355257987976074}, "train_eval_model": {"train_intermediate": [{"epoch": 0, "loss": 62.00993681424081, "eval_loss": 59.48037300354395, "train_recall": 0.5810777777777778, "val_recall": 0.6192, "lr": 0.008}, {"epoch": 1, "loss": 60.55323068281103, "eval_loss": 58.98638758292565, "train_recall": 0.5979373737373738, "val_recall": 0.6179, "lr": 0.008}, {"epoch": 2, "loss": 60.36735242434316, "eval_loss": 58.886837274600296, "train_recall": 0.6008636363636364, "val_recall": 0.6258, "lr": 0.008}, {"epoch": 3, "loss": 59.783366704081914, "eval_loss": 58.39027036764683, "train_recall": 0.6090151515151515, "val_recall": 0.631, "lr": 0.0008}, {"epoch": 4, "loss": 59.71336848966159, "eval_loss": 58.351983241545845, "train_recall": 0.6106949494949495, "val_recall": 0.6316, "lr": 0.0008}], "train_total": {"correct": 604588, "final_recall": 0.6106949494949495}, "training_time": 961.6742904186249, "eval_time": 0.007569551467895508}}], "integrate": {"time": 74.45636701583862}, "count_recall": {"time": 150.1603286266327}}