{"total_time_consume": 13327.447544574738, "preprocess": {"total_time": 0.2049543857574463}, "classifier": [{"ins_id": 0, "dataset_partition": {"bulid_graph_time": 803.7395901679993, "save_graph_time": 26.32567286491394, "graph_partition_time": 69.10881328582764, "total_time": 899.3426072597504, "cluster_number_distribution": [4021, 1434, 4024, 4024, 4018, 4023, 4021, 4024, 4011, 3506, 3924, 3940, 4023, 4017, 4013, 4023, 4017, 3988, 4024, 4014, 4019, 4023, 4020, 1917, 4023, 4023, 4022, 4022, 4012, 4023, 4009, 4022, 4021, 4021, 4016, 3991, 4014, 3989, 4022, 4021, 4021, 4023, 4022, 4023, 4023, 4023, 4022, 3864, 3997, 4023, 4005, 3934, 4023, 4009, 4015, 3963, 4023, 4020, 4021, 3998, 4011, 4003, 4011, 4020, 4005, 4022, 4023, 4023, 4022, 4021, 3985, 4002, 4019, 3944, 4005, 4005, 4010, 4022, 4015, 4020, 3849, 4012, 4020, 4008, 4023, 4012, 1194, 4022, 4006, 4023, 4018, 4021, 4003, 4016, 4019, 4023, 1369, 4014, 3982, 3592, 4007, 4020, 3720, 3988, 4023, 2226, 4023, 4015, 4009, 4023, 3993, 4022, 4024, 4007, 4014, 4007, 4002, 4018, 4021, 4019, 3994, 4022, 4020, 4004, 3936, 4018, 4017, 4023, 3944, 4024, 4007, 4022, 4018, 4023, 1989, 4022, 3953, 4020, 3989, 4009, 4024, 4024, 4018, 2078, 4021, 3152, 2610, 3247, 4021, 3994, 3999, 3803, 4022, 4024, 4022, 4020, 4024, 4024, 4024, 4024, 3995, 4000, 4015, 4018, 4023, 3956, 4016, 4023, 4021, 4020, 4019, 3359, 2580, 4023, 4022, 3925, 4023, 3972, 3986, 4020, 4008, 4007, 3990, 4018, 4005, 4022, 4022, 4019, 4021, 4023, 4006, 4009, 4013, 4016, 4014, 4011, 4013, 4017, 4022, 4016, 4011, 4015, 4004, 4022, 4019, 4023, 4020, 3040, 4022, 4023, 4022, 4001, 3994, 755, 4022, 4019, 4021, 4021, 3957, 4014, 3996, 4021, 4013, 4018, 4022, 4003, 4006, 4023, 4023, 4017, 4014, 4014, 4022, 4013, 4022, 4019, 4021, 4023, 4021, 4023, 4024, 4022, 4022, 4015, 4022, 4022, 3999, 4011, 3908, 4018, 4018, 4024, 4022, 3998, 4009, 4024]}, "prepare_train_sample": {"time": 0.5614743232727051}, "train_eval_model": {"train_config": {"model_name": "one_block_2048_dim", "lr": 0.004, "n_epochs": 12, "milestones": [3, 7]}, "train_intermediate": [{"epoch": 0, "loss": 65.47755503387062, "eval_loss": 53.1539369790982, "train_recall": 0.5794737373737374, "val_recall": 0.6804, "lr": 0.004}, {"epoch": 1, "loss": 62.901983574119, "eval_loss": 52.78227328642821, "train_recall": 0.6177191919191919, "val_recall": 0.6929, "lr": 0.004}, {"epoch": 2, "loss": 62.40917129965433, "eval_loss": 52.53015329287602, "train_recall": 0.6266717171717172, "val_recall": 0.6919, "lr": 0.004}, {"epoch": 3, "loss": 61.127308187285294, "eval_loss": 51.50870894163083, "train_recall": 0.6528434343434344, "val_recall": 0.7256, "lr": 0.0004}, {"epoch": 4, "loss": 60.963963092173, "eval_loss": 51.458238393832474, "train_recall": 0.6564060606060607, "val_recall": 0.7226, "lr": 0.0004}, {"epoch": 5, "loss": 60.879786079954954, "eval_loss": 51.343257329402824, "train_recall": 0.6583131313131313, "val_recall": 0.7267, "lr": 0.0004}, {"epoch": 6, "loss": 60.828764464939425, "eval_loss": 51.312959267542915, "train_recall": 0.6594474747474748, "val_recall": 0.7257, "lr": 0.0004}, {"epoch": 7, "loss": 60.711697253119866, "eval_loss": 51.214263494198136, "train_recall": 0.6621353535353536, "val_recall": 0.7274, "lr": 4e-05}, {"epoch": 8, "loss": 60.686196668364516, "eval_loss": 51.25889241389739, "train_recall": 0.6626656565656566, "val_recall": 0.7249, "lr": 4e-05}, {"epoch": 9, "loss": 60.68336113546485, "eval_loss": 51.18185087350699, "train_recall": 0.6624222222222222, "val_recall": 0.7256, "lr": 4e-05}, {"epoch": 10, "loss": 60.67200237034588, "eval_loss": 51.32569888921884, "train_recall": 0.6626161616161617, "val_recall": 0.7284, "lr": 4e-05}, {"epoch": 11, "loss": 60.671229425034426, "eval_loss": 51.17584937658065, "train_recall": 0.6630040404040404, "val_recall": 0.7275, "lr": 4e-05}], "train_total": {"correct": 656374, "final_recall": 0.6630040404040404}, "training_time": 2036.057627916336, "eval_time": 0.013081789016723633}}, {"ins_id": 1, "dataset_partition": {"bulid_graph_time": 1116.6808850765228, "save_graph_time": 27.68000626564026, "graph_partition_time": 56.16758131980896, "total_time": 1200.6894254684448, "cluster_number_distribution": [4021, 3893, 3825, 3680, 4020, 4015, 4022, 4004, 4022, 4024, 4020, 3939, 4024, 4024, 3997, 4023, 3990, 4012, 4010, 4023, 3843, 4015, 4000, 4023, 3760, 4022, 0, 4011, 4011, 4013, 4022, 3943, 4020, 4022, 3960, 3961, 4020, 3998, 4022, 3954, 3941, 3970, 3962, 3947, 3950, 3935, 3914, 3897, 3995, 4007, 3819, 4018, 4013, 3915, 4024, 3874, 4011, 4021, 3993, 3865, 3981, 3989, 4012, 4022, 4016, 3960, 4022, 3891, 4020, 3951, 4022, 4019, 4001, 4016, 4009, 4012, 4021, 3997, 4024, 3830, 4008, 4020, 4022, 3993, 4017, 4013, 4015, 0, 4019, 4021, 4022, 3933, 4010, 4021, 4018, 4014, 4018, 4014, 3994, 4007, 4022, 1771, 3997, 4023, 4008, 4013, 4018, 4019, 4022, 4019, 4012, 3995, 3951, 3981, 4010, 3997, 4014, 3898, 4019, 3993, 3999, 4018, 4023, 3907, 4020, 4009, 4004, 3965, 4024, 3960, 3976, 4013, 4021, 4020, 4022, 310, 4010, 4014, 4023, 4015, 3956, 4018, 4015, 3960, 4016, 4021, 4022, 3995, 4017, 3999, 4017, 4020, 4014, 4020, 4023, 4014, 4023, 4021, 4019, 4021, 4023, 3811, 4020, 3978, 2832, 4023, 4024, 4006, 4023, 4023, 4013, 3923, 4018, 4017, 4019, 2484, 4015, 3991, 4014, 4007, 4023, 3994, 4022, 4023, 4024, 4016, 3305, 4020, 4021, 4022, 4000, 4019, 4016, 4013, 1930, 3992, 4024, 4022, 4023, 3975, 3824, 3843, 4023, 3970, 4023, 4013, 3756, 3352, 4014, 3901, 4013, 4023, 4023, 4024, 4003, 4019, 3994, 3878, 4024, 3973, 4022, 4023, 4024, 4023, 4023, 4017, 4022, 3887, 4023, 4023, 3766, 4021, 4020, 4023, 4023, 4023, 4021, 3081, 4022, 4013, 3906, 3874, 4015, 4023, 3922, 3995, 4021, 4023, 4023, 4008, 4023, 4015, 4024, 4016, 4010, 2942]}, "prepare_train_sample": {"time": 0.7108035087585449}, "train_eval_model": {"train_config": {"model_name": "one_block_2048_dim", "lr": 0.004, "n_epochs": 12, "milestones": [3, 7]}, "train_intermediate": [{"epoch": 0, "loss": 68.23353152341825, "eval_loss": 54.45542626503186, "train_recall": 0.5523151515151515, "val_recall": 0.6729, "lr": 0.004}, {"epoch": 1, "loss": 65.7619217563339, "eval_loss": 54.06516797725971, "train_recall": 0.5871545454545455, "val_recall": 0.6809, "lr": 0.004}, {"epoch": 2, "loss": 65.28894224005649, "eval_loss": 54.04472876817752, "train_recall": 0.5959818181818182, "val_recall": 0.6791, "lr": 0.004}, {"epoch": 3, "loss": 64.0530118756378, "eval_loss": 53.06443065252059, "train_recall": 0.6209969696969697, "val_recall": 0.7026, "lr": 0.0004}, {"epoch": 4, "loss": 63.87993441307156, "eval_loss": 52.983570502354546, "train_recall": 0.6245060606060606, "val_recall": 0.7038, "lr": 0.0004}, {"epoch": 5, "loss": 63.810334862690766, "eval_loss": 52.920232149270866, "train_recall": 0.6262666666666666, "val_recall": 0.7062, "lr": 0.0004}, {"epoch": 6, "loss": 63.75422543511731, "eval_loss": 52.82983459570469, "train_recall": 0.6267141414141414, "val_recall": 0.7059, "lr": 0.0004}, {"epoch": 7, "loss": 63.62767916668685, "eval_loss": 52.815249754832344, "train_recall": 0.6302454545454546, "val_recall": 0.7129, "lr": 4e-05}, {"epoch": 8, "loss": 63.61652340457254, "eval_loss": 52.82260272441766, "train_recall": 0.630749494949495, "val_recall": 0.7102, "lr": 4e-05}, {"epoch": 9, "loss": 63.6028092949046, "eval_loss": 52.79900821661338, "train_recall": 0.6304353535353535, "val_recall": 0.7126, "lr": 4e-05}, {"epoch": 10, "loss": 63.61130667369352, "eval_loss": 52.817367578164124, "train_recall": 0.6305, "val_recall": 0.7097, "lr": 4e-05}, {"epoch": 11, "loss": 63.59398166298785, "eval_loss": 52.785589560484276, "train_recall": 0.6298676767676767, "val_recall": 0.7082, "lr": 4e-05}], "train_total": {"correct": 623569, "final_recall": 0.6298676767676767}, "training_time": 2021.626458644867, "eval_time": 0.010063648223876953}}, {"ins_id": 2, "dataset_partition": {"bulid_graph_time": 1108.1404526233673, "save_graph_time": 28.672289848327637, "graph_partition_time": 63.39563488960266, "total_time": 1200.3610062599182,