{"total_time_consume": 28422.490114688873, "preprocess": {"total_time": 0.09885954856872559}, "classifier": [{"ins_id": 0, "dataset_partition": {"bulid_graph_time": 1452.8406369686127, "save_graph_time": 28.437881469726562, "graph_partition_time": 84.63217401504517, "total_time": 1566.105673789978, "cluster_number_distribution": [4022, 4018, 4001, 4011, 3974, 4000, 4021, 3962, 4015, 3953, 4006, 3171, 4016, 3792, 4017, 4023, 4021, 3448, 4023, 3926, 4023, 4018, 4017, 4019, 4013, 4023, 3963, 4010, 4023, 4023, 4020, 3999, 3900, 3986, 3621, 4023, 4024, 4007, 2004, 4024, 4022, 3984, 4013, 4024, 3920, 4024, 3910, 1672, 4023, 4023, 4023, 4015, 4021, 4009, 3783, 4023, 4020, 4012, 4016, 1887, 4022, 4014, 4013, 3985, 4020, 4020, 4022, 4023, 4023, 4023, 4019, 4023, 4023, 3989, 4021, 4015, 4004, 3995, 4018, 4022, 4009, 4013, 4008, 4019, 1168, 4003, 3990, 4020, 4023, 4019, 3983, 4018, 4022, 3965, 4015, 3998, 4008, 4020, 4010, 4010, 3989, 3994, 4017, 4002, 3994, 3996, 4010, 4023, 3776, 3103, 4022, 4008, 3956, 3927, 3986, 4018, 3904, 4022, 3961, 3985, 3998, 4022, 4024, 4012, 4010, 4016, 4010, 4016, 4023, 4021, 4024, 4008, 1141, 4018, 4012, 4023, 4024, 3875, 4016, 4018, 4023, 4021, 4020, 4020, 3941, 4022, 3815, 4014, 4010, 3996, 4020, 4020, 3994, 4023, 3966, 3992, 4006, 4022, 4022, 1668, 3884, 4024, 3975, 4023, 4000, 3600, 3975, 4024, 3982, 3946, 4024, 4023, 3746, 2687, 3848, 3989, 4023, 4003, 4008, 4023, 4023, 4004, 3915, 2930, 4003, 3982, 3959, 4023, 4023, 4011, 3999, 4020, 4005, 4023, 3928, 4018, 3819, 3997, 4022, 3969, 4007, 1489, 3989, 4013, 3994, 4023, 4022, 4001, 3981, 3985, 3941, 3964, 4023, 4012, 3759, 3876, 3710, 3564, 4022, 4022, 4021, 4020, 3972, 4023, 4010, 3981, 4023, 4015, 4005, 4018, 4023, 4022, 4018, 4008, 4016, 3992, 4022, 3988, 4013, 4023, 3871, 4009, 3994, 4023, 4023, 4015, 4014, 4022, 4021, 4020, 3974, 4023, 4023, 4022, 4020, 4018]}, "prepare_train_sample": {"time": 0.5091159343719482}, "train_eval_model": {"train_config": {"model_name": "one_block_2048_dim", "lr": 0.004, "n_epochs": 12, "milestones": [3, 7]}, "train_intermediate": [{"epoch": 0, "loss": 58.16765162839753, "eval_loss": 45.901427978124374, "train_recall": 0.6141545454545455, "val_recall": 0.7124, "lr": 0.004}, {"epoch": 1, "loss": 54.866098235064, "eval_loss": 45.09896121880947, "train_recall": 0.6579565656565657, "val_recall": 0.7265, "lr": 0.004}, {"epoch": 2, "loss": 54.1620096271462, "eval_loss": 44.69709771718734, "train_recall": 0.6694212121212121, "val_recall": 0.7284, "lr": 0.004}, {"epoch": 3, "loss": 52.245383911744405, "eval_loss": 43.47094379938566, "train_recall": 0.7050979797979798, "val_recall": 0.7545, "lr": 0.0004}, {"epoch": 4, "loss": 51.95491199300435, "eval_loss": 43.30370987378634, "train_recall": 0.7095262626262626, "val_recall": 0.7573, "lr": 0.0004}, {"epoch": 5, "loss": 51.82571697484801, "eval_loss": 43.22010685236026, "train_recall": 0.7122474747474747, "val_recall": 0.7598, "lr": 0.0004}, {"epoch": 6, "loss": 51.745724582940305, "eval_loss": 43.241788876362335, "train_recall": 0.7140323232323232, "val_recall": 0.7621, "lr": 0.0004}, {"epoch": 7, "loss": 51.53723071374193, "eval_loss": 43.12422077472393, "train_recall": 0.7178515151515151, "val_recall": 0.7626, "lr": 4e-05}, {"epoch": 8, "loss": 51.49777832608319, "eval_loss": 43.214223562142784, "train_recall": 0.7178969696969697, "val_recall": 0.7605, "lr": 4e-05}, {"epoch": 9, "loss": 51.4851581341549, "eval_loss": 43.234161040721794, "train_recall": 0.7183656565656565, "val_recall": 0.7575, "lr": 4e-05}, {"epoch": 10, "loss": 51.470885363693874, "eval_loss": 43.11113415008936, "train_recall": 0.7186838383838384, "val_recall": 0.7601, "lr": 4e-05}, {"epoch": 11, "loss": 51.46524145460069, "eval_loss": 43.11460503553733, "train_recall": 0.7187747474747475, "val_recall": 0.7617, "lr": 4e-05}], "train_total": {"correct": 711587, "final_recall": 0.7187747474747475}, "training_time": 4636.167946577072, "eval_time": 0.0996236801147461}}, {"ins_id": 1, "dataset_partition": {"bulid_graph_time": 2184.3837838172913, "save_graph_time": 29.46583843231201, "graph_partition_time": 58.770188331604004, "total_time": 2272.808600664139, "cluster_number_distribution": [4013, 4020, 3967, 4006, 4024, 4020, 4019, 4024, 3990, 0, 4006, 3986, 3813, 4016, 4005, 3958, 3999, 4019, 4022, 4015, 2814, 4020, 4022, 3966, 4023, 3994, 3996, 4009, 4000, 4020, 4015, 4015, 4023, 4021, 2988, 4022, 4019, 4012, 4019, 4023, 4020, 4022, 4013, 3948, 4023, 3919, 4024, 3989, 4012, 3991, 4021, 3991, 4022, 4013, 4016, 4005, 4012, 4021, 4000, 4009, 3907, 4023, 4012, 4004, 3955, 4003, 4019, 4009, 4010, 4008, 3999, 4023, 4023, 4024, 298, 4023, 4015, 4022, 4022, 3950, 4022, 4013, 3981, 4023, 3995, 4019, 4019, 3966, 3976, 4019, 4021, 4023, 4023, 4023, 4023, 3980, 3993, 4021, 4011, 1952, 3987, 4023, 4013, 4010, 3983, 4016, 4013, 4018, 4013, 4019, 4019, 3985, 4020, 3851, 4013, 4020, 3895, 4019, 4023, 3947, 3838, 4010, 3828, 4018, 3979, 4018, 3999, 3957, 4012, 4009, 4020, 3988, 3266, 3935, 4005, 3966, 4005, 3997, 4021, 3990, 4003, 4022, 3976, 3961, 4023, 3882, 4024, 4023, 4023, 3717, 1043, 4020, 3957, 3915, 4019, 3922, 4020, 4023, 3998, 3857, 3895, 4001, 4016, 3998, 3893, 3847, 3960, 4012, 4010, 4022, 4018, 3971, 3327, 4013, 4006, 3729, 4008, 4010, 4004, 4018, 4002, 4002, 3858, 4022, 4023, 4022, 4018, 3782, 4006, 4019, 4011, 4021, 4023, 4009, 4023, 3070, 3759, 3777, 3983, 4001, 4020, 4022, 4019, 4023, 4010, 3195, 4023, 4009, 3962, 3962, 3992, 4018, 4015, 4018, 4023, 3967, 4015, 4021, 4021, 4019, 4010, 4023, 3966, 3991, 3785, 4024, 3870, 4019, 4018, 4023, 3797, 4023, 4023, 4010, 4014, 4018, 4018, 4023, 3891, 3998, 3998, 3627, 4024, 3999, 4018, 4024, 4024, 4023, 3849, 3046, 4010, 3997, 4023, 4017, 3825, 1767]}, "prepare_train_sample": {"time": 0.3713865280151367}, "train_eval_model": {"train_config": {"model_name": "one_block_2048_dim", "lr": 0.004, "n_epochs": 12, "milestones": [3, 7]}, "train_intermediate": [{"epoch": 0, "loss": 61.51377157760074, "eval_loss": 49.873122398669906, "train_recall": 0.5852909090909091, "val_recall": 0.6749, "lr": 0.004}, {"epoch": 1, "loss": 58.34341900876641, "eval_loss": 49.195405911176636, "train_recall": 0.6269171717171718, "val_recall": 0.6935, "lr": 0.004}, {"epoch": 2, "loss": 57.67655443501703, "eval_loss": 48.77262433369955, "train_recall": 0.637770707070707, "val_recall": 0.6944, "lr": 0.004}, {"epoch": 3, "loss": 55.80940584315354, "eval_loss": 47.45043624364413, "train_recall": 0.6711161616161616, "val_recall": 0.7204, "lr": 0.0004}, {"epoch": 4, "loss": 55.52171925896991, "eval_loss": 47.21853884061178, "train_recall": 0.6767565656565656, "val_recall": 0.7249, "lr": 0.0004}, {"epoch": 5, "loss": 55.390117179046186, "eval_loss": 47.120805538617645, "train_recall": 0.6785414141414141, "val_recall": 0.727, "lr": 0.0004}, {"epoch": 6, "loss": 55.304071180459104, "eval_loss": 47.03726219519591, "train_recall": 0.6804353535353536, "val_recall": 0.7296, "lr": 0.0004}, {"epoch": 7, "loss": 55.09167403353591, "eval_loss": 46.98523032359588, "train_recall": 0.684179797979798, "val_recall": 0.7309, "lr": 4e-05}, {"epoch": 8, "loss": 55.06561659459565, "eval_loss": 46.99128866195679, "train_recall": 0.6846606060606061, "val_recall": 0.7303, "lr": 4e-05}, {"epoch": 9, "loss": 55.057879318497235, "eval_loss": 46.999619300548844, "train_recall": 0.6845525252525253, "val_recall": 0.7305, "lr": 4e-05}, {"epoch": 10, "loss": 55.04876150102927, "eval_loss": 46.97103427006648, "train_recall": 0.6851878787878788, "val_recall": 0.7307, "lr": 4e-05}, {"epoch": 11, "loss": 55.02808545356107, "eval_loss": 46.9944928364876, "train_recall": 0.6856747474747474, "val_recall": 0.7275, "lr": 4e-05}], "train_total": {"correct": 678818, "final_recall": 0.6856747474747474}, "training_time": 4869.295033454895, "eval_time": 0.05524754524230957}}, {"ins_id": 2, "dataset_partition": {"bulid_graph_time": 2208.7734022140503, "save_graph_time": 29.55391764640808, "graph_partition_time": 66.19297456741333, "total_time": 2304.7104349136353,