{"total_time_consume": 4339.796037435532, "preprocess": {"total_time": 0.048989057540893555}, "classifier": [{"ins_id": 0, "dataset_partition": {"bulid_graph_time": 871.5112137794495, "save_graph_time": 26.06908416748047, "graph_partition_time": 76.20617771148682, "total_time": 973.9472599029541, "cluster_number_distribution": [4020, 4007, 4002, 4010, 4024, 4023, 3971, 4016, 4024, 4015, 3853, 3963, 4005, 3943, 3948, 3902, 4023, 4024, 4024, 4024, 3922, 4009, 4003, 3986, 4024, 3795, 4024, 3942, 3025, 4024, 4021, 4022, 4009, 4017, 4021, 3954, 4012, 3970, 4008, 4011, 4012, 4023, 4023, 2374, 4023, 4014, 3587, 3957, 4001, 4017, 4017, 4007, 4018, 3952, 4022, 3997, 4022, 4018, 3935, 4011, 4021, 4015, 4011, 1696, 4018, 4000, 4009, 4021, 4007, 4006, 4013, 4023, 4012, 3997, 1362, 4015, 4005, 4023, 4018, 4022, 4023, 0, 4023, 4014, 4013, 4020, 4010, 4023, 4019, 4019, 4015, 4023, 4020, 4016, 4023, 4013, 3951, 4014, 3963, 3934, 4010, 4009, 4020, 4015, 3992, 4023, 3896, 4023, 4016, 4016, 4017, 4012, 4023, 3964, 4022, 4021, 3886, 4017, 4023, 3958, 3994, 3989, 3870, 4021, 4021, 4023, 4023, 4016, 4023, 4023, 4022, 3989, 4022, 4022, 4011, 4019, 4015, 4021, 4018, 4015, 4009, 4009, 4020, 4015, 4023, 4008, 4019, 4018, 4017, 4007, 4014, 4008, 4016, 4022, 4022, 3956, 4014, 3176, 4020, 4022, 3981, 4023, 4022, 4024, 3997, 4020, 4023, 4022, 4013, 3971, 3863, 3997, 3986, 4023, 3797, 4017, 4011, 4023, 4021, 4023, 4024, 4022, 4020, 2023, 4006, 4024, 3964, 3570, 4012, 4010, 3992, 3997, 4020, 4022, 4022, 4019, 4018, 3693, 4022, 4009, 4021, 4023, 3996, 4020, 2453, 4021, 3765, 3990, 4023, 4024, 4022, 4024, 4024, 4024, 3262, 3669, 4024, 3896, 4023, 3858, 4023, 3979, 3948, 2617, 4022, 4022, 1415, 4024, 4024, 3779, 4008, 4023, 2055, 4005, 4019, 4023, 4005, 4021, 3845, 4019, 3908, 4022, 4002, 4014, 4022, 4024, 3994, 3997, 4021, 4022, 3860, 4024, 4021, 4024, 4023, 4023]}, "prepare_train_sample": {"time": 0.708554744720459}, "train_eval_model": {"train_intermediate": [{"epoch": 0, "loss": 66.28471989028536, "eval_loss": 52.73448811433254, "train_recall": 0.5617656565656566, "val_recall": 0.6709, "lr": 0.008}, {"epoch": 1, "loss": 63.4418937714425, "eval_loss": 52.00776243209839, "train_recall": 0.601240404040404, "val_recall": 0.6899, "lr": 0.008}, {"epoch": 2, "loss": 62.85220080093703, "eval_loss": 51.62199076016744, "train_recall": 0.6101646464646464, "val_recall": 0.6966, "lr": 0.008}, {"epoch": 3, "loss": 61.195791112631774, "eval_loss": 50.535236511475, "train_recall": 0.6411727272727272, "val_recall": 0.7263, "lr": 0.0008}, {"epoch": 4, "loss": 60.98447817463247, "eval_loss": 50.4707845724546, "train_recall": 0.6451787878787879, "val_recall": 0.7299, "lr": 0.0008}, {"epoch": 5, "loss": 60.897554900360525, "eval_loss": 50.433283591881775, "train_recall": 0.6471393939393939, "val_recall": 0.7263, "lr": 0.0008}, {"epoch": 6, "loss": NaN, "eval_loss": NaN, "train_recall": 0.2777090909090909, "val_recall": 0.0037, "lr": 0.0008}, {"epoch": 7, "loss": NaN, "eval_loss": NaN, "train_recall": 0.004023232323232324, "val_recall": 0.0037, "lr": 8e-05}, {"epoch": 8, "loss": NaN, "eval_loss": NaN, "train_recall": 0.004023232323232324, "val_recall": 0.0037, "lr": 8e-05}, {"epoch": 9, "loss": NaN, "eval_loss": NaN, "train_recall": 0.004023232323232324, "val_recall": 0.0037, "lr": 8e-05}, {"epoch": 10, "loss": NaN, "eval_loss": NaN, "train_recall": 0.004023232323232324, "val_recall": 0.0037, "lr": 8e-05}, {"epoch": 11, "loss": NaN, "eval_loss": NaN, "train_recall": 0.004023232323232324, "val_recall": 0.0037, "lr": 8e-05}], "train_total": {"correct": 3983, "final_recall": 0.004023232323232324}, "training_time": 3179.5395736694336, "eval_time": 0.0076100826263427734}}], "integrate": {"time": 122.88916683197021}, "count_recall": {"time": 53.806034326553345}}