{"total_time_consume": 3922.3526527881622, "preprocess": {"total_time": 0.04628491401672363}, "classifier": [{"ins_id": 0, "dataset_partition": {"bulid_graph_time": 814.4059720039368, "save_graph_time": 25.650068998336792, "graph_partition_time": 70.00043058395386, "total_time": 910.2128529548645, "cluster_number_distribution": [4016, 4010, 4004, 4024, 3768, 4023, 4016, 4022, 3998, 3969, 4015, 3974, 4018, 4018, 2739, 4022, 3958, 4023, 3999, 2962, 4020, 4012, 4002, 3967, 4001, 3967, 4016, 4014, 4019, 4020, 4017, 4023, 4018, 4020, 4020, 4022, 4023, 3995, 4022, 4018, 4017, 4019, 3997, 4019, 4018, 4009, 4020, 4023, 4006, 4015, 4023, 4022, 4009, 4020, 4016, 4020, 3911, 3884, 4008, 4022, 4015, 3945, 4023, 4019, 4014, 4023, 4020, 4020, 4021, 0, 4021, 4023, 3937, 3847, 4008, 3981, 3968, 4022, 3999, 4001, 4013, 4023, 4014, 4021, 3981, 4021, 4022, 4005, 4018, 4023, 4024, 4018, 3914, 3912, 3987, 4017, 4019, 2760, 4016, 4004, 4017, 4019, 4015, 4022, 4018, 4013, 4021, 4024, 3956, 4024, 4001, 4023, 4024, 3965, 4024, 3615, 3968, 4023, 4024, 4024, 4002, 4000, 3994, 3961, 4016, 4013, 1875, 1728, 4022, 3945, 4022, 1041, 2302, 4007, 4020, 3842, 3819, 4019, 4024, 3944, 3925, 4023, 4017, 4016, 4021, 4021, 3996, 4023, 4017, 4019, 4018, 4006, 4003, 3946, 3929, 4021, 4022, 3907, 4008, 4022, 3991, 4021, 4020, 3989, 4022, 4024, 3867, 3978, 4023, 4022, 4022, 3971, 4023, 4018, 3990, 4024, 4006, 4016, 4023, 4024, 4018, 4024, 4018, 4023, 4021, 4023, 4023, 4019, 4011, 4023, 3998, 4021, 3979, 4004, 2389, 4018, 4023, 4002, 3983, 4017, 4022, 4015, 4023, 4023, 3086, 3472, 2503, 4024, 4022, 4023, 4014, 4020, 4005, 4020, 3976, 4012, 4021, 3973, 4021, 4024, 4021, 3963, 3860, 4010, 4005, 4018, 4021, 4020, 3996, 4004, 4022, 4018, 3940, 2804, 4022, 4005, 3946, 2669, 4023, 4023, 4015, 4010, 4022, 4023, 3909, 3973, 4021, 4010, 4023, 4023, 4019, 4002, 4019, 3530, 4016, 4018]}, "prepare_train_sample": {"time": 0.4896109104156494}, "train_eval_model": {"train_config": {"model_name": "one_block_8192_dim", "lr": 0.001, "n_epochs": 12, "milestones": [3, 7]}, "train_intermediate": [{"epoch": 0, "loss": 65.30856431467284, "eval_loss": 51.546913367051346, "train_recall": 0.5975979797979798, "val_recall": 0.7113, "lr": 0.001}, {"epoch": 1, "loss": 60.83946210949554, "eval_loss": 51.05624229480059, "train_recall": 0.6537222222222222, "val_recall": 0.7277, "lr": 0.001}, {"epoch": 2, "loss": 60.174318052129664, "eval_loss": 50.8577048717401, "train_recall": 0.668110101010101, "val_recall": 0.7382, "lr": 0.001}, {"epoch": 3, "loss": 59.19368774907777, "eval_loss": 50.11623746920855, "train_recall": 0.6923141414141414, "val_recall": 0.7533, "lr": 0.0001}, {"epoch": 4, "loss": 59.031522653874845, "eval_loss": 50.061134576797485, "train_recall": 0.6959898989898989, "val_recall": 0.7563, "lr": 0.0001}, {"epoch": 5, "loss": 58.955040587895546, "eval_loss": 49.95958352700258, "train_recall": 0.6988515151515151, "val_recall": 0.7577, "lr": 0.0001}, {"epoch": 6, "loss": 58.89897884459279, "eval_loss": 50.02896371254554, "train_recall": 0.7001636363636363, "val_recall": 0.7575, "lr": 0.0001}, {"epoch": 7, "loss": 58.81396077566026, "eval_loss": 49.84426519809625, "train_recall": 0.7020030303030304, "val_recall": 0.7625, "lr": 1e-05}, {"epoch": 8, "loss": 58.79201826472957, "eval_loss": 49.85309303723849, "train_recall": 0.7023181818181818, "val_recall": 0.76, "lr": 1e-05}, {"epoch": 9, "loss": 58.78115078408543, "eval_loss": 49.877278645833336, "train_recall": 0.7029, "val_recall": 0.7606, "lr": 1e-05}, {"epoch": 10, "loss": 58.765289717370706, "eval_loss": 49.948102070735054, "train_recall": 0.7027838383838384, "val_recall": 0.7605, "lr": 1e-05}, {"epoch": 11, "loss": 58.7604071264504, "eval_loss": 49.87801387371161, "train_recall": 0.7029828282828283, "val_recall": 0.7609, "lr": 1e-05}], "train_total": {"correct": 695953, "final_recall": 0.7029828282828283}, "training_time": 2749.1585881710052, "eval_time": 0.01736760139465332}}], "integrate": {"time": 112.97229599952698}, "count_recall": {"time": 123.12805414199829}}