{"total_time_consume": 14848.841787099838, "preprocess": {"total_time": 0.21888399124145508}, "classifier": [{"ins_id": 0, "dataset_partition": {"bulid_graph_time": 849.7583773136139, "save_graph_time": 30.656769514083862, "graph_partition_time": 123.60639762878418, "total_time": 1004.1824860572815, "cluster_number_distribution": [4021, 4023, 4023, 3126, 2081, 4023, 4023, 4023, 4021, 4022, 4022, 4023, 4023, 4021, 3980, 4016, 4022, 4022, 4023, 4019, 4023, 4023, 4023, 4023, 4023, 4023, 4022, 4019, 4019, 4023, 4022, 4008, 4019, 4023, 4023, 4023, 4005, 4019, 4023, 4011, 4023, 4023, 3544, 4023, 4023, 4021, 4023, 4023, 4023, 4021, 4021, 4019, 4023, 4023, 4021, 3869, 4021, 4023, 4019, 3992, 4023, 4023, 4022, 4023, 3942, 4023, 4001, 3043, 4020, 4004, 3399, 4017, 3976, 4023, 4012, 4005, 4023, 4021, 4014, 4022, 3348, 4023, 4023, 4022, 4023, 3891, 3271, 3629, 4023, 4021, 4023, 4021, 3994, 4022, 4021, 2546, 4012, 4022, 4006, 2015, 4023, 4015, 4023, 4023, 3995, 4015, 4023, 3942, 3932, 4023, 4023, 4023, 4011, 4020, 4024, 3982, 3977, 2775, 3970, 4023, 4001, 4007, 4023, 4023, 4023, 1712, 4022, 4023, 4017, 3885, 4023, 3869, 4020, 3827, 3977, 4015, 4023, 4023, 4009, 4021, 4013, 4023, 4023, 3868, 4013, 3567, 4013, 4023, 4023, 4023, 4023, 4015, 4023, 4023, 4021, 4016, 2079, 4013, 4020, 4022, 4022, 4023, 4014, 4020, 3919, 3326, 4019, 3565, 4023, 4023, 3751, 4023, 2655, 3990, 4023, 3987, 4023, 4023, 4022, 3927, 4017, 4022, 4023, 4023, 4023, 3262, 2602, 4023, 4022, 4022, 4023, 3745, 3923, 3996, 4023, 4007, 3998, 3955, 3986, 3967, 4023, 3420, 3985, 4019, 4022, 3991, 3983, 3306, 4002, 4023, 4002, 4023, 3035, 4023, 4021, 2819, 4012, 4022, 4022, 3992, 4021, 4023, 4018, 4022, 4023, 4023, 4021, 4023, 4022, 4023, 4021, 4022, 4023, 2616, 4023, 3686, 4019, 4022, 4023, 4023, 4023, 4023, 4022, 4017, 4023, 4023, 4022, 4022, 4023, 4021, 4022, 3645, 4022, 4020, 4021, 4016]}, "prepare_train_sample": {"time": 0.582956075668335}, "train_eval_model": {"train_config": {"model_name": "one_block_2048_dim", "lr": 0.004, "n_epochs": 12, "milestones": [3, 7]}, "train_intermediate": [{"epoch": 0, "loss": 87.78181990975419, "eval_loss": 82.67441485478328, "train_recall": 0.46276161616161615, "val_recall": 0.5226, "lr": 0.004}, {"epoch": 1, "loss": 84.85915971356411, "eval_loss": 82.31266789558606, "train_recall": 0.4963131313131313, "val_recall": 0.5293, "lr": 0.004}, {"epoch": 2, "loss": 84.30901720840035, "eval_loss": 82.03131401844514, "train_recall": 0.5041434343434343, "val_recall": 0.5318, "lr": 0.004}, {"epoch": 3, "loss": 83.00901783718359, "eval_loss": 81.20992217919765, "train_recall": 0.5229434343434344, "val_recall": 0.5451, "lr": 0.0004}, {"epoch": 4, "loss": 82.79901709782999, "eval_loss": 81.03261969639705, "train_recall": 0.5276737373737374, "val_recall": 0.5513, "lr": 0.0004}, {"epoch": 5, "loss": 82.70612423651998, "eval_loss": 80.86503615746132, "train_recall": 0.5285171717171717, "val_recall": 0.5534, "lr": 0.0004}, {"epoch": 6, "loss": 82.62934921962064, "eval_loss": 80.94181107252072, "train_recall": 0.5304090909090909, "val_recall": 0.5535, "lr": 0.0004}, {"epoch": 7, "loss": 82.5047417386153, "eval_loss": 80.78017506232628, "train_recall": 0.5315434343434343, "val_recall": 0.555, "lr": 4e-05}, {"epoch": 8, "loss": 82.48515176494092, "eval_loss": 80.66256624613052, "train_recall": 0.5324868686868687, "val_recall": 0.5561, "lr": 4e-05}, {"epoch": 9, "loss": 82.4814719586604, "eval_loss": 80.75953038533528, "train_recall": 0.5323141414141415, "val_recall": 0.5514, "lr": 4e-05}, {"epoch": 10, "loss": 82.47314745013398, "eval_loss": 80.74644669508322, "train_recall": 0.5323979797979798, "val_recall": 0.5552, "lr": 4e-05}, {"epoch": 11, "loss": 82.46418415780683, "eval_loss": 80.86488959728143, "train_recall": 0.5319959595959596, "val_recall": 0.5595, "lr": 4e-05}], "train_total": {"correct": 526676, "final_recall": 0.5319959595959596}, "training_time": 2487.9725337028503, "eval_time": 0.010916948318481445}}, {"ins_id": 1, "dataset_partition": {"bulid_graph_time": 1178.7512981891632, "save_graph_time": 30.564274787902832, "graph_partition_time": 126.711754322052, "total_time": 1336.1896846294403, "cluster_number_distribution": [3941, 3943, 4016, 3470, 4019, 3984, 3957, 3990, 4016, 3994, 4010, 4021, 3843, 4022, 4023, 4021, 4023, 4023, 4023, 1734, 4023, 4015, 4007, 3072, 4023, 4022, 4023, 4007, 4023, 4023, 4023, 4023, 4023, 4023, 3657, 4023, 3941, 4023, 3974, 3374, 4022, 4023, 4019, 4020, 4023, 4023, 4023, 4019, 4015, 4023, 4021, 4015, 4023, 4023, 4022, 4023, 4023, 4001, 4023, 4023, 4021, 4023, 4023, 4021, 3894, 4023, 4007, 4023, 4023, 4022, 2350, 4016, 3793, 4000, 3936, 4015, 4019, 4023, 3887, 4022, 3491, 3857, 4024, 3336, 3962, 4024, 3945, 3480, 4023, 4017, 4023, 2418, 4023, 4023, 4023, 2909, 4022, 4013, 4023, 3998, 4022, 4023, 3964, 3904, 4023, 3964, 4023, 4020, 4023, 3949, 3996, 4023, 3963, 4022, 4020, 3396, 3940, 4011, 4015, 4019, 4023, 4022, 4023, 3358, 3937, 3886, 4015, 3839, 4023, 4019, 4023, 4023, 4015, 4023, 4014, 4023, 4023, 4023, 4023, 3427, 3920, 4013, 4022, 4007, 2764, 3691, 3904, 3650, 3643, 4015, 4000, 3962, 4022, 4023, 4020, 4023, 2531, 4023, 4023, 4022, 4023, 3951, 4012, 4012, 4015, 4010, 4023, 4021, 4023, 4023, 3954, 4023, 4022, 4002, 4022, 4022, 4023, 4020, 4023, 4023, 4023, 4023, 3465, 3957, 4022, 3982, 4023, 4023, 4023, 4014, 4022, 4012, 4022, 3886, 4023, 4020, 2990, 4023, 4017, 4024, 4022, 3296, 4023, 4023, 2524, 3999, 4018, 4023, 3306, 3969, 4023, 3444, 3268, 3576, 4020, 4023, 3803, 3965, 4023, 4023, 4023, 4024, 2616, 3806, 4022, 4020, 4023, 4021, 4022, 4023, 4023, 4021, 4014, 4023, 3539, 4022, 4022, 4023, 4023, 3982, 4022, 3729, 3965, 3705, 4024, 3978, 4022, 4023, 4016, 4021, 4023, 4023, 3996, 3967, 4023, 4022]}, "prepare_train_sample": {"time": 0.8947467803955078}, "train_eval_model": {"train_config": {"model_name": "one_block_2048_dim", "lr": 0.004, "n_epochs": 12, "milestones": [3, 7]}, "train_intermediate": [{"epoch": 0, "loss": 87.7322169632287, "eval_loss": 82.57635793930444, "train_recall": 0.4709646464646465, "val_recall": 0.5318, "lr": 0.004}, {"epoch": 1, "loss": 84.82159812622189, "eval_loss": 82.23771643027281, "train_recall": 0.5058838383838384, "val_recall": 0.545, "lr": 0.004}, {"epoch": 2, "loss": 84.27457727018623, "eval_loss": 82.05051834155351, "train_recall": 0.5132222222222222, "val_recall": 0.5408, "lr": 0.004}, {"epoch": 3, "loss": 82.97759052422975, "eval_loss": 81.11309968508206, "train_recall": 0.5350686868686869, "val_recall": 0.5589, "lr": 0.0004}, {"epoch": 4, "loss": 82.76656463119468, "eval_loss": 80.87564912209145, "train_recall": 0.5383404040404041, "val_recall": 0.559, "lr": 0.0004}, {"epoch": 5, "loss": 82.67256480853636, "eval_loss": 80.97012099241599, "train_recall": 0.539749494949495, "val_recall": 0.5618, "lr": 0.0004}, {"epoch": 6, "loss": 82.59666805980656, "eval_loss": 80.95495593242156, "train_recall": 0.540720202020202, "val_recall": 0.5593, "lr": 0.0004}, {"epoch": 7, "loss": 82.47621649646473, "eval_loss": 80.81221746787047, "train_recall": 0.5438414141414142, "val_recall": 0.564, "lr": 4e-05}, {"epoch": 8, "loss": 82.45149091165769, "eval_loss": 80.89291342710837, "train_recall": 0.5435070707070707, "val_recall": 0.5619, "lr": 4e-05}, {"epoch": 9, "loss": 82.44473094837225, "eval_loss": 80.77084245437231, "train_recall": 0.543969696969697, "val_recall": 0.5635, "lr": 4e-05}, {"epoch": 10, "loss": 82.44383736309024, "eval_loss": 80.90836169169499, "train_recall": 0.5438383838383838, "val_recall": 0.5643, "lr": 4e-05}, {"epoch": 11, "loss": 82.43203421292864, "eval_loss": 80.80296425941663, "train_recall": 0.5443535353535354, "val_recall": 0.5675, "lr": 4e-05}], "train_total": {"correct": 538910, "final_recall": 0.5443535353535354}, "training_time": 2596.820563554764, "eval_time": 0.008008480072021484}}, {"ins_id": 2, "dataset_partition": {"bulid_graph_time": 1194.4384405612946, "save_graph_time": 31.561772108078003, "graph_partition_time": 122.18342280387878, "total_time": 1348.3551316261292,