{"total_time_consume": 1175.4277532100677, "preprocess": {"total_time": 0.1470649242401123}, "classifier": [{"ins_id": 1, "dataset_partition": {"time": 0.7321503162384033, "cluster_number_distribution": [285110, 134353, 37959, 5171, 248, 5, 0, 0, 0, 0, 0, 2, 721, 25552, 170402, 340477]}, "predict": {"time": 0.0025610923767089844}}, {"ins_id": 2, "dataset_partition": {"time": 0.7718744277954102, "cluster_number_distribution": [399963, 181559, 23094, 545, 1, 0, 0, 0, 0, 0, 0, 2, 612, 12597, 89893, 291734]}, "predict": {"time": 0.0008299350738525391}}, {"ins_id": 3, "dataset_partition": {"time": 0.7629256248474121, "cluster_number_distribution": [402926, 181951, 28173, 2350, 100, 0, 0, 0, 0, 0, 0, 0, 46, 5629, 79637, 299188]}, "predict": {"time": 0.011685371398925781}}, {"ins_id": 4, "dataset_partition": {"time": 3.6227331161499023, "cluster_number_distribution": [399280, 229042, 49095, 2291, 23, 0, 0, 0, 0, 0, 0, 0, 15, 3554, 60092, 256608]}, "predict": {"time": 0.0005857944488525391}}], "integrate": {"time": 1036.427672624588}, "count_recall": {"time": 128.34736680984497}}