{"total_time_consume": 10026.465114116669, "preprocess": {"total_time": 0.20227766036987305}, "classifier": [{"ins_id": 0, "dataset_partition": {"bulid_graph_time": 71.68527317047119, "save_graph_time": 41.58221936225891, "graph_partition_time": 68.49763083457947, "total_time": 181.9256763458252, "cluster_number_distribution": [3761, 4009, 4021, 4024, 4023, 2006, 3984, 4024, 4024, 4019, 3425, 4024, 4024, 3761, 3959, 3689, 3882, 3891, 4024, 4023, 3949, 3940, 3989, 2853, 3971, 4024, 3889, 4024, 4000, 3771, 3946, 4024, 4024, 4024, 3994, 4024, 4024, 3814, 4024, 4009, 3752, 4005, 4024, 3736, 3851, 3917, 4024, 4023, 4004, 3774, 4024, 4024, 4023, 4024, 3742, 3984, 3898, 4024, 3954, 3985, 3742, 4021, 3992, 3852, 4014, 3881, 3969, 4024, 4022, 4023, 3298, 4024, 4016, 3870, 4022, 4024, 4024, 4024, 3809, 3969, 3930, 3801, 4022, 3960, 4021, 3955, 3852, 4023, 3856, 4021, 4024, 4016, 3958, 4022, 4022, 3984, 4021, 4024, 3751, 3936, 4023, 3981, 4024, 3901, 3740, 3783, 3754, 4024, 3911, 4018, 4024, 3981, 4024, 3981, 4007, 4015, 4024, 2565, 4024, 3899, 4024, 4024, 3858, 3931, 4003, 3750, 4019, 4016, 3975, 3974, 4022, 3851, 4022, 3888, 3998, 3879, 4022, 3738, 3953, 3740, 4022, 4024, 3740, 3843, 4024, 3620, 3944, 4018, 4023, 2167, 4024, 3774, 4024, 3746, 4022, 4020, 4021, 4024, 4022, 3982, 4014, 3745, 3059, 4024, 4024, 3747, 4023, 3934, 4023, 4022, 4021, 3921, 4023, 4024, 3957, 4024, 4021, 3739, 4024, 3962, 3965, 4024, 3744, 4024, 4024, 4024, 3743, 3741, 3730, 3981, 3457, 2190, 4024, 4024, 3739, 4024, 3964, 4023, 3767, 4017, 3739, 4022, 3917, 3968, 4022, 3976, 4023, 3787, 3801, 4024, 4024, 3738, 4008, 4023, 4024, 4023, 4024, 3740, 4019, 4023, 4024, 3944, 3739, 3998, 3424, 4019, 3936, 3944, 4019, 4022, 4024, 3751, 4024, 3937, 4024, 3984, 3793, 4011, 4024, 3788, 3805, 3785, 4023, 3962, 4023, 3748, 3831, 3913, 4023, 4024, 3972, 4024, 4023, 4024, 4022, 3885]}, "prepare_train_sample": {"time": 0.6884558200836182}, "train_eval_model": {"train_config": {"model_name": "one_block_2048_dim", "lr": 0.008, "n_epochs": 12, "milestones": [3, 7]}, "train_intermediate": [{"epoch": 0, "loss": 57.67115436944463, "eval_loss": 52.45241326552171, "train_recall": 0.6388343434343434, "val_recall": 0.701, "lr": 0.008}, {"epoch": 1, "loss": 55.24856250142837, "eval_loss": 52.05393578455998, "train_recall": 0.6682343434343434, "val_recall": 0.7086, "lr": 0.008}, {"epoch": 2, "loss": 54.89894991432429, "eval_loss": 51.73613586181249, "train_recall": 0.673869696969697, "val_recall": 0.7178, "lr": 0.008}, {"epoch": 3, "loss": 52.969245822974436, "eval_loss": 50.263951607239555, "train_recall": 0.7073454545454545, "val_recall": 0.7499, "lr": 0.0008}, {"epoch": 4, "loss": 52.675223514428524, "eval_loss": 50.02984491984049, "train_recall": 0.7121838383838384, "val_recall": 0.7547, "lr": 0.0008}, {"epoch": 5, "loss": 52.55253710717326, "eval_loss": 49.985842912625046, "train_recall": 0.7138424242424243, "val_recall": 0.7525, "lr": 0.0008}, {"epoch": 6, "loss": 52.479495747078516, "eval_loss": 50.002723155877526, "train_recall": 0.7159141414141414, "val_recall": 0.7528, "lr": 0.0008}, {"epoch": 7, "loss": 52.3048214116941, "eval_loss": 49.875320666875595, "train_recall": 0.7199636363636364, "val_recall": 0.7532, "lr": 8e-05}, {"epoch": 8, "loss": 52.278285432255686, "eval_loss": 49.80331669098292, "train_recall": 0.7198878787878787, "val_recall": 0.7536, "lr": 8e-05}, {"epoch": 9, "loss": 52.27621071912871, "eval_loss": 49.83038449898744, "train_recall": 0.7201161616161617, "val_recall": 0.7577, "lr": 8e-05}, {"epoch": 10, "loss": 52.2710296074629, "eval_loss": 49.830913690420296, "train_recall": 0.7198636363636364, "val_recall": 0.7559, "lr": 8e-05}, {"epoch": 11, "loss": 52.27082361535187, "eval_loss": 49.849172946734306, "train_recall": 0.7198383838383838, "val_recall": 0.7554, "lr": 8e-05}], "train_total": {"correct": 712640, "final_recall": 0.7198383838383838}, "training_time": 2635.8866107463837, "eval_time": 0.010016918182373047}}, {"ins_id": 1, "dataset_partition": {"bulid_graph_time": 67.20108532905579, "save_graph_time": 48.09343504905701, "graph_partition_time": 50.907363414764404, "total_time": 166.35761213302612, "cluster_number_distribution": [4019, 4017, 4024, 4023, 1876, 3953, 3870, 3834, 3984, 3900, 3893, 4019, 3850, 3740, 4017, 2859, 4023, 4024, 4024, 4016, 4013, 3915, 3852, 4024, 4023, 3928, 1218, 3936, 4024, 3935, 2269, 4024, 4023, 3919, 3948, 3929, 4024, 4024, 3941, 4024, 4024, 4006, 4000, 3995, 2159, 3904, 4024, 4023, 3998, 4023, 3913, 4024, 4006, 4024, 4024, 3972, 3904, 4018, 4023, 4011, 3944, 4024, 3862, 3981, 3893, 4023, 4008, 4019, 3922, 4024, 4023, 4018, 3986, 4021, 3906, 4023, 3882, 3695, 4024, 4024, 4023, 4024, 4024, 4024, 3927, 4022, 3753, 4023, 3902, 3974, 4024, 4023, 4010, 4024, 4023, 3858, 4024, 4023, 3905, 3537, 4023, 4023, 3986, 3872, 3743, 3940, 3966, 4024, 3949, 3811, 4022, 3917, 4007, 4022, 4000, 4022, 4024, 3737, 3943, 4024, 4024, 4024, 3885, 3903, 3999, 3841, 3965, 4022, 3975, 3984, 3934, 4024, 4024, 3915, 3960, 4024, 4024, 4017, 3993, 3741, 4014, 4023, 4024, 4023, 4023, 4024, 4018, 4024, 4011, 3944, 3984, 3943, 4023, 3960, 3924, 4005, 4023, 3978, 3942, 3987, 4024, 1845, 4021, 4023, 4024, 3949, 4024, 3994, 3900, 4024, 4023, 4024, 3788, 3928, 4024, 4020, 4012, 3912, 4024, 3976, 4024, 3952, 4024, 4024, 4009, 4024, 3802, 3965, 4024, 4011, 4020, 4010, 4018, 4024, 4023, 3991, 3913, 3886, 3908, 4024, 4023, 3884, 4024, 3738, 3914, 3923, 4024, 4011, 4024, 3275, 4022, 4022, 3982, 4023, 4024, 3960, 4023, 3950, 3903, 3984, 3960, 3400, 4024, 3811, 3913, 4024, 3811, 4003, 4023, 4024, 3891, 4023, 4024, 3944, 4021, 3784, 4009, 4023, 3972, 4024, 4024, 3911, 3904, 3958, 3999, 3999, 4022, 4024, 4020, 0, 3985, 3795, 4023, 3900, 4024, 4024]}, "prepare_train_sample": {"time": 0.6979479789733887}, "train_eval_model": {"train_config": {"model_name": "one_block_2048_dim", "lr": 0.008, "n_epochs": 12, "milestones": [3, 7]}, "train_intermediate": [{"epoch": 0, "loss": 66.0381590301921, "eval_loss": 61.240359465281166, "train_recall": 0.5584252525252525, "val_recall": 0.6066, "lr": 0.008}, {"epoch": 1, "loss": 63.899571363613894, "eval_loss": 60.7653739513495, "train_recall": 0.5817, "val_recall": 0.6113, "lr": 0.008}, {"epoch": 2, "loss": 63.56606581012491, "eval_loss": 60.59930908985627, "train_recall": 0.585889898989899, "val_recall": 0.6238, "lr": 0.008}, {"epoch": 3, "loss": 61.74450538894935, "eval_loss": 59.116852772541534, "train_recall": 0.6147262626262626, "val_recall": 0.6499, "lr": 0.0008}, {"epoch": 4, "loss": 61.46603690880851, "eval_loss": 59.0337059925764, "train_recall": 0.6190242424242425, "val_recall": 0.6483, "lr": 0.0008}, {"epoch": 5, "loss": 61.34930120437868, "eval_loss": 58.93763770812597, "train_recall": 0.6210808080808081, "val_recall": 0.6503, "lr": 0.0008}, {"epoch": 6, "loss": 61.27769933830587, "eval_loss": 58.814738273620605, "train_recall": 0.6224171717171717, "val_recall": 0.6531, "lr": 0.0008}, {"epoch": 7, "loss": 61.107129303120566, "eval_loss": 58.77100660862067, "train_recall": 0.6247525252525252, "val_recall": 0.6524, "lr": 8e-05}, {"epoch": 8, "loss": 61.09564569344228, "eval_loss": 58.74654778456077, "train_recall": 0.6257757575757575, "val_recall": 0.6535, "lr": 8e-05}, {"epoch": 9, "loss": 61.090192271676905, "eval_loss": 58.75019907340025, "train_recall": 0.6253363636363637, "val_recall": 0.6532, "lr": 8e-05}, {"epoch": 10, "loss": 61.07010987110374, "eval_loss": 58.812042419727035, "train_recall": 0.6260969696969697, "val_recall": 0.6535, "lr": 8e-05}, {"epoch": 11, "loss": 61.06459411540699, "eval_loss": 58.67364100920848, "train_recall": 0.6263808080808081, "val_recall": 0.6529, "lr": 8e-05}], "train_total": {"correct": 620117, "final_recall": 0.6263808080808081}, "training_time": 2026.2773385047913, "eval_time": 0.007099151611328125}}, {"ins_id": 2, "dataset_partition": {"bulid_graph_time": 82.81701731681824, "save_graph_time": 54.41315054893494, "graph_partition_time": 47.84258508682251, "total_time": 185.22966504096985,