{"total_time_consume": 5063.627460718155, "preprocess": {"total_time": 0.05981564521789551}, "classifier": [{"ins_id": 0, "dataset_partition": {"bulid_graph_time": 1664.6532843112946, "save_graph_time": 34.58938026428223, "graph_partition_time": 125.60023832321167, "total_time": 1825.0018565654755, "cluster_number_distribution": [4039, 4039, 4035, 4031, 4037, 3995, 4039, 4039, 4000, 4023, 4035, 4032, 4038, 4039, 3873, 4039, 4038, 4005, 4037, 3852, 4035, 4004, 4039, 4033, 4038, 3989, 4038, 4039, 4037, 4039, 4039, 4017, 4034, 4039, 4036, 4039, 4038, 4038, 4038, 4028, 3169, 4031, 4039, 4025, 4037, 4038, 4038, 4039, 4007, 4038, 4015, 4036, 3991, 3977, 4039, 4015, 4039, 3995, 4034, 3992, 4034, 4039, 3989, 4038, 3900, 3858, 4037, 3964, 4019, 4039, 3751, 3976, 4039, 4038, 4033, 4029, 4006, 4039, 3991, 4019, 4039, 4039, 4038, 4039, 4028, 4039, 4039, 4036, 4037, 2251, 4034, 4039, 3998, 4018, 4003, 4018, 4039, 4038, 4011, 4038, 4035, 4024, 3908, 0, 4039, 4027, 1361, 4037, 4037, 4037, 4031, 3970, 3946, 4039, 4036, 4037, 4032, 4038, 4032, 3981, 4010, 4038, 4038, 4024, 4039, 4029, 4036, 4039, 4039, 4033, 4001, 4030, 4031, 4038, 3781, 3989, 0, 4036, 4037, 4037, 4012, 4039, 4039, 3491, 4001, 4003, 4003, 3989, 3997, 3782, 4000, 4002, 4001, 4002, 3546, 4003, 4003, 3999, 3964, 3988, 4002, 3984, 3993, 3807, 3999, 3965, 3981, 3991, 4001, 3991, 4003, 3557, 3997, 4002, 4001, 4003, 3962, 0, 3997, 4000, 4002, 3995, 3999, 4003, 4001, 4003, 3999, 3993, 4001, 4003, 3997, 3996, 3999, 3904, 3999, 3995, 3981, 3980, 4003, 4003, 4002, 3975, 4002, 3992, 4001, 3877, 3989, 4000, 4002, 4003, 3988, 4003, 3988, 3995, 3989, 4003, 3979, 3998, 3972, 4001, 3995, 4002, 4000, 4002, 4001, 3997, 4003, 3993, 3988, 4001, 3996, 4003, 323, 3995, 3998, 4000, 4001, 4003, 3996, 3999, 3995, 4000, 4003, 4001, 4001, 3990, 4002, 4003, 3995, 4002, 879, 4003, 4001, 4002, 4002, 4003]}, "prepare_train_sample": {"time": 0.59934401512146}, "train_eval_model": {"train_intermediate": [{"epoch": 0, "loss": 90.60346965726292, "eval_loss": 81.05574241051308, "train_recall": 0.40864545454545453, "val_recall": 0.508, "lr": 0.008}, {"epoch": 1, "loss": 88.35612574871199, "eval_loss": 80.62466189800165, "train_recall": 0.4349777777777778, "val_recall": 0.5412, "lr": 0.008}, {"epoch": 2, "loss": 87.68757255162828, "eval_loss": 79.61205218388484, "train_recall": 0.4438252525252525, "val_recall": 0.5511, "lr": 0.008}, {"epoch": 3, "loss": 85.63707084740842, "eval_loss": 78.76194622577765, "train_recall": 0.4726979797979798, "val_recall": 0.566, "lr": 0.0008}, {"epoch": 4, "loss": 85.39584579415985, "eval_loss": 78.38285902218941, "train_recall": 0.4758222222222222, "val_recall": 0.566, "lr": 0.0008}, {"epoch": 5, "loss": 85.30968397314179, "eval_loss": 79.33406054667937, "train_recall": 0.4772121212121212, "val_recall": 0.5765, "lr": 0.0008}, {"epoch": 6, "loss": 85.18966877666631, "eval_loss": 78.52926975641495, "train_recall": 0.4778131313131313, "val_recall": 0.5712, "lr": 0.0008}, {"epoch": 7, "loss": 84.98197917924053, "eval_loss": 78.17317350094135, "train_recall": 0.4814838383838384, "val_recall": 0.5628, "lr": 8e-05}, {"epoch": 8, "loss": 84.99653504944982, "eval_loss": 78.62024539556259, "train_recall": 0.4816252525252525, "val_recall": 0.5826, "lr": 8e-05}, {"epoch": 9, "loss": 84.94612582670015, "eval_loss": 78.4150625131069, "train_recall": 0.482120202020202, "val_recall": 0.5656, "lr": 8e-05}, {"epoch": 10, "loss": 84.93054487235361, "eval_loss": 78.6887857730572, "train_recall": 0.48204343434343433, "val_recall": 0.5807, "lr": 8e-05}, {"epoch": 11, "loss": 84.93970141854881, "eval_loss": 78.43228043042697, "train_recall": 0.4820979797979798, "val_recall": 0.5493, "lr": 8e-05}], "train_total": {"correct": 477277, "final_recall": 0.4820979797979798}, "training_time": 3007.8136510849, "eval_time": 0.010445356369018555}}], "integrate": {"time": 92.47365093231201}, "count_recall": {"time": 126.06658816337585}}