{"total_time_consume": 12761.786840438843, "preprocess": {"total_time": 0.19718027114868164}, "classifier": [{"ins_id": 0, "dataset_partition": {"bulid_graph_time": 541.3785409927368, "save_graph_time": 27.23399043083191, "graph_partition_time": 38.933627128601074, "total_time": 607.6985058784485, "cluster_number_distribution": [4013, 3977, 3435, 3897, 4023, 3896, 4014, 4022, 4019, 4020, 4013, 4009, 3993, 4024, 4023, 4023, 4022, 3919, 4005, 4011, 4020, 4022, 3969, 4015, 4010, 2379, 4023, 3992, 4021, 4023, 3995, 3849, 4023, 3896, 4023, 4020, 3950, 4022, 4023, 4023, 4012, 4023, 3906, 4019, 4022, 2934, 4006, 4017, 4017, 4020, 4002, 4023, 4012, 4022, 4015, 3963, 4017, 3922, 3990, 3806, 4024, 3352, 4022, 2198, 4021, 4023, 4022, 4023, 4023, 4023, 4017, 3908, 4010, 4023, 4023, 4005, 3758, 2102, 3996, 4023, 3948, 4009, 3990, 3170, 4006, 3967, 4014, 3998, 3994, 4001, 4024, 3873, 4017, 4023, 4006, 4023, 4023, 2979, 4023, 3988, 4012, 4023, 2435, 3910, 4021, 4023, 4002, 3997, 3958, 4021, 3832, 3954, 4009, 4023, 4000, 4024, 3913, 3942, 4023, 4022, 4022, 3849, 4020, 4023, 4023, 3808, 4023, 4012, 4014, 3761, 4023, 3977, 4022, 4000, 4023, 3783, 4016, 4016, 3771, 4023, 4006, 4019, 4023, 3970, 3958, 4009, 4023, 4019, 4008, 3769, 4019, 3193, 4020, 3902, 4023, 4022, 4018, 3781, 4015, 4023, 4020, 4002, 4022, 4022, 4022, 4020, 4022, 3115, 4022, 3860, 3992, 4023, 3948, 4023, 3818, 4024, 2684, 4021, 4022, 3834, 2376, 4023, 3837, 3976, 4022, 3956, 4023, 3997, 3957, 4023, 4023, 4022, 3769, 4018, 3996, 3975, 4023, 3950, 3988, 4024, 3526, 3788, 4023, 4023, 3973, 4023, 3873, 4024, 4022, 4002, 3969, 4023, 3942, 3972, 4023, 3910, 4019, 4021, 4022, 4023, 4015, 4013, 3112, 4023, 3998, 4021, 3005, 3803, 4022, 4024, 3946, 3989, 2673, 4024, 4023, 3051, 3623, 4023, 3953, 4024, 4023, 3752, 3868, 3940, 4023, 4024, 4024, 4023, 4023, 4003, 4021, 4023, 3884, 4024, 4018, 4018]}, "prepare_train_sample": {"time": 0.4774298667907715}, "train_eval_model": {"train_config": {"model_name": "one_block_2048_dim", "lr": 0.004, "n_epochs": 12, "milestones": [3, 7]}, "train_intermediate": [{"epoch": 0, "loss": 86.07397543058856, "eval_loss": 75.09647110180977, "train_recall": 0.24344444444444444, "val_recall": 0.3339, "lr": 0.004}, {"epoch": 1, "loss": 84.13917259899173, "eval_loss": 75.08002267739711, "train_recall": 0.25934545454545455, "val_recall": 0.3324, "lr": 0.004}, {"epoch": 2, "loss": 83.76569652646769, "eval_loss": 74.62625012030968, "train_recall": 0.2632646464646465, "val_recall": 0.3469, "lr": 0.004}, {"epoch": 3, "loss": 82.72327558238355, "eval_loss": 73.84016237503442, "train_recall": 0.2762232323232323, "val_recall": 0.3552, "lr": 0.0004}, {"epoch": 4, "loss": 82.5786870481757, "eval_loss": 73.83045240548941, "train_recall": 0.278420202020202, "val_recall": 0.3547, "lr": 0.0004}, {"epoch": 5, "loss": 82.50972444964822, "eval_loss": 73.70994666906503, "train_recall": 0.27991313131313134, "val_recall": 0.3507, "lr": 0.0004}, {"epoch": 6, "loss": 82.46580764978154, "eval_loss": 73.66120512057573, "train_recall": 0.28054040404040403, "val_recall": 0.3553, "lr": 0.0004}, {"epoch": 7, "loss": 82.36799803753338, "eval_loss": 73.5462650396885, "train_recall": 0.28193737373737376, "val_recall": 0.3589, "lr": 4e-05}, {"epoch": 8, "loss": 82.34659791139933, "eval_loss": 73.60697735272922, "train_recall": 0.28223838383838384, "val_recall": 0.3576, "lr": 4e-05}, {"epoch": 9, "loss": 82.33708434298046, "eval_loss": 73.53202010423709, "train_recall": 0.2823414141414141, "val_recall": 0.3593, "lr": 4e-05}, {"epoch": 10, "loss": 82.33411065224405, "eval_loss": 73.7086939078111, "train_recall": 0.28263232323232323, "val_recall": 0.3552, "lr": 4e-05}, {"epoch": 11, "loss": 82.3292296932699, "eval_loss": 73.56810100261981, "train_recall": 0.28294040404040405, "val_recall": 0.3567, "lr": 4e-05}], "train_total": {"correct": 280111, "final_recall": 0.28294040404040405}, "training_time": 2243.317220687866, "eval_time": 0.01664590835571289}}, {"ins_id": 1, "dataset_partition": {"bulid_graph_time": 787.6308784484863, "save_graph_time": 29.356914281845093, "graph_partition_time": 42.03445529937744, "total_time": 859.1804060935974, "cluster_number_distribution": [3879, 4019, 3854, 3864, 4013, 4022, 4021, 1038, 3905, 4018, 4016, 3886, 3977, 4015, 4023, 4012, 3745, 3975, 4019, 3960, 3872, 4018, 4021, 3995, 4003, 4013, 4018, 3951, 3683, 4021, 3999, 4023, 3985, 4013, 4015, 4023, 4023, 4020, 4016, 4023, 4018, 3955, 4024, 3889, 2252, 4016, 3972, 4015, 4021, 4018, 3999, 3886, 4013, 4021, 4023, 3994, 4022, 4023, 3856, 3927, 4010, 4011, 4020, 4019, 4024, 4018, 4022, 3825, 4022, 3258, 4024, 4022, 4016, 4023, 4016, 3592, 3991, 3996, 4022, 3789, 3836, 4023, 4021, 4009, 3541, 4024, 4023, 4022, 4023, 4016, 4021, 4020, 4012, 4007, 4003, 4022, 4024, 3861, 3935, 4007, 4024, 4022, 4023, 3892, 4023, 4024, 4021, 4023, 4021, 4018, 4020, 4023, 3987, 4012, 4016, 4008, 4023, 4021, 568, 3997, 4015, 4022, 4022, 4018, 3088, 4019, 4019, 3921, 4023, 3999, 4023, 3791, 3813, 4011, 4023, 3554, 4024, 4022, 4024, 3512, 4021, 4023, 3926, 4024, 4022, 4023, 4020, 4021, 4023, 4022, 4022, 4023, 3901, 3815, 3798, 3963, 4023, 4023, 4021, 4015, 4018, 4019, 4022, 4017, 4014, 4023, 4022, 4023, 4012, 4012, 4009, 4004, 4023, 859, 4020, 3999, 4023, 3901, 3776, 4023, 4022, 4022, 3875, 3905, 3987, 4023, 4020, 3501, 4015, 4013, 4024, 3226, 3916, 3742, 4021, 3986, 4022, 3998, 4023, 1402, 4003, 4023, 3899, 4016, 3934, 3906, 4020, 3949, 3835, 4023, 4023, 3866, 4017, 4013, 4017, 4023, 3970, 4018, 3593, 3952, 4006, 3835, 3881, 3793, 3981, 4022, 3994, 4009, 4016, 4001, 4021, 3979, 4022, 4020, 4020, 4024, 2040, 4023, 4023, 4010, 4023, 4014, 4022, 4012, 4021, 3959, 3997, 4023, 4023, 4023, 4015, 3953, 3998, 3993, 3971, 4023]}, "prepare_train_sample": {"time": 0.6390018463134766}, "train_eval_model": {"train_config": {"model_name": "one_block_2048_dim", "lr": 0.004, "n_epochs": 12, "milestones": [3, 7]}, "train_intermediate": [{"epoch": 0, "loss": 86.15885805982722, "eval_loss": 75.27448827792436, "train_recall": 0.24293838383838384, "val_recall": 0.3664, "lr": 0.004}, {"epoch": 1, "loss": 84.25595859757306, "eval_loss": 74.7695511915745, "train_recall": 0.2577656565656566, "val_recall": 0.3633, "lr": 0.004}, {"epoch": 2, "loss": 83.88624164440607, "eval_loss": 74.71134726206462, "train_recall": 0.26177272727272727, "val_recall": 0.3699, "lr": 0.004}, {"epoch": 3, "loss": 82.86230836569825, "eval_loss": 73.8358590052678, "train_recall": 0.2750010101010101, "val_recall": 0.3856, "lr": 0.0004}, {"epoch": 4, "loss": 82.71255232841831, "eval_loss": 73.77513239933894, "train_recall": 0.2771171717171717, "val_recall": 0.3933, "lr": 0.0004}, {"epoch": 5, "loss": 82.64846909970578, "eval_loss": 73.70152710645627, "train_recall": 0.27742727272727274, "val_recall": 0.3887, "lr": 0.0004}, {"epoch": 6, "loss": 82.60243493903295, "eval_loss": 73.60735722077199, "train_recall": 0.27823535353535356, "val_recall": 0.3973, "lr": 0.0004}, {"epoch": 7, "loss": 82.49249167010291, "eval_loss": 73.65228591821132, "train_recall": 0.280010101010101, "val_recall": 0.3921, "lr": 4e-05}, {"epoch": 8, "loss": 82.48135121499004, "eval_loss": 73.61439653543326, "train_recall": 0.2807454545454545, "val_recall": 0.3948, "lr": 4e-05}, {"epoch": 9, "loss": 82.47155383763226, "eval_loss": 73.57624571139996, "train_recall": 0.27986363636363637, "val_recall": 0.3967, "lr": 4e-05}, {"epoch": 10, "loss": 82.47686806887867, "eval_loss": 73.59785825778276, "train_recall": 0.2802080808080808, "val_recall": 0.3961, "lr": 4e-05}, {"epoch": 11, "loss": 82.46062254339267, "eval_loss": 73.55042813374446, "train_recall": 0.28047777777777777, "val_recall": 0.3965, "lr": 4e-05}], "train_total": {"correct": 277673, "final_recall": 0.28047777777777777}, "training_time": 2248.5245382785797, "eval_time": 0.02608036994934082}}, {"ins_id": 2, "dataset_partition": {"bulid_graph_time": 767.0045721530914, "save_graph_time": 29.801732301712036, "graph_partition_time": 42.39637088775635, "total_time": 839.3522222042084,