{"total_time_consume": 6783.699387311935, "preprocess": {"total_time": 0.09725809097290039}, "classifier": [{"ins_id": 0, "dataset_partition": {"bulid_graph_time": 69.46412563323975, "save_graph_time": 40.37182545661926, "graph_partition_time": 66.09298515319824, "total_time": 176.09031057357788, "cluster_number_distribution": [4023, 3755, 4023, 3741, 3937, 4023, 4000, 4024, 3739, 4015, 4019, 3746, 3774, 3741, 4002, 4023, 3961, 2958, 4024, 4023, 4013, 4024, 4024, 3495, 4024, 4023, 3419, 3951, 4024, 4024, 4021, 3913, 4008, 3954, 4024, 4024, 4023, 3791, 4024, 4021, 4023, 3997, 4024, 4024, 4004, 4023, 3981, 4024, 3743, 4022, 4024, 3731, 3743, 4024, 4023, 4024, 4023, 3735, 4024, 4024, 4020, 3985, 1852, 3986, 3311, 4021, 3998, 4021, 4024, 3978, 3792, 4023, 4021, 4024, 4022, 3742, 3779, 4022, 4021, 3740, 4024, 3979, 4024, 3806, 4024, 3925, 3749, 4024, 3977, 3834, 4022, 4024, 4019, 3891, 4023, 3979, 3955, 4024, 3740, 4024, 3814, 4022, 4019, 3976, 3856, 4024, 4014, 3979, 3987, 4024, 4024, 3889, 3975, 4024, 3960, 4022, 3739, 4024, 4020, 3914, 4024, 4024, 3843, 4024, 4024, 4024, 4015, 3922, 3957, 3776, 3921, 3935, 4024, 4024, 3355, 4015, 3759, 4024, 4024, 4004, 3934, 3923, 4024, 3959, 4024, 4024, 4023, 4024, 4023, 3765, 4024, 3923, 3923, 3912, 4018, 3769, 3389, 4011, 4023, 3937, 3826, 4024, 4021, 3992, 3870, 3796, 3872, 3802, 3860, 3744, 4024, 3415, 4024, 4024, 4023, 4024, 4024, 3743, 4024, 3738, 4024, 4006, 3990, 3905, 4004, 3929, 4024, 4024, 4024, 3957, 4024, 3664, 4024, 3558, 4022, 4024, 3906, 3971, 4023, 0, 4022, 4024, 3829, 4024, 3903, 4022, 4024, 4008, 3741, 3807, 3892, 3914, 3197, 3839, 3969, 3941, 4023, 4024, 4024, 3314, 3354, 3995, 4024, 3906, 4023, 4024, 3888, 4024, 3900, 3873, 3745, 3742, 3820, 3983, 3940, 3920, 4024, 4024, 4023, 3842, 3895, 4023, 4023, 4023, 4024, 4024, 3794, 4024, 3744, 3998, 4021, 3984, 4023, 4024, 4024, 4024]}, "prepare_train_sample": {"time": 0.6940817832946777}, "train_eval_model": {"train_intermediate": [{"epoch": 0, "loss": 93.464533221534, "eval_loss": 84.743101755778, "train_recall": 0.3364838383838384, "val_recall": 0.4111, "lr": 0.004}, {"epoch": 1, "loss": 92.23236788970318, "eval_loss": 83.86231684073424, "train_recall": 0.34955555555555556, "val_recall": 0.4048, "lr": 0.004}, {"epoch": 2, "loss": 85.28421780537259, "eval_loss": 77.24194081624348, "train_recall": 0.4340222222222222, "val_recall": 0.5235, "lr": 0.00084}, {"epoch": 3, "loss": 84.97508741376873, "eval_loss": 76.83947450686723, "train_recall": 0.4381838383838384, "val_recall": 0.5156, "lr": 0.00084}, {"epoch": 4, "loss": 84.871634173132, "eval_loss": 77.53128880720872, "train_recall": 0.43932727272727273, "val_recall": 0.5133, "lr": 0.00084}, {"epoch": 5, "loss": 84.86146875745159, "eval_loss": 76.81830425751515, "train_recall": 0.4396242424242424, "val_recall": 0.5226, "lr": 0.00084}, {"epoch": 6, "loss": 82.97361270879756, "eval_loss": 75.18385802782498, "train_recall": 0.46402323232323234, "val_recall": 0.5488, "lr": 0.0001764}, {"epoch": 7, "loss": 82.63024325620019, "eval_loss": 74.89310221794324, "train_recall": 0.46696464646464647, "val_recall": 0.5535, "lr": 0.0001764}, {"epoch": 8, "loss": 82.45957558538154, "eval_loss": 74.1612091186719, "train_recall": 0.4689333333333333, "val_recall": 0.5548, "lr": 0.0001764}, {"epoch": 9, "loss": 82.3220507447319, "eval_loss": 74.19953379264244, "train_recall": 0.4705212121212121, "val_recall": 0.5612, "lr": 0.0001764}, {"epoch": 10, "loss": 82.15018215118407, "eval_loss": 74.36942220345522, "train_recall": 0.4725525252525253, "val_recall": 0.562, "lr": 0.0001764}, {"epoch": 11, "loss": 82.02662155580963, "eval_loss": 73.46491561791835, "train_recall": 0.4746121212121212, "val_recall": 0.5598, "lr": 0.0001764}], "train_total": {"correct": 469866, "final_recall": 0.4746121212121212}, "training_time": 3031.634596347809, "eval_time": 0.00567936897277832}}, {"ins_id": 1, "dataset_partition": {"bulid_graph_time": 56.39209842681885, "save_graph_time": 41.203083992004395, "graph_partition_time": 75.99171042442322, "total_time": 173.74614429473877, "cluster_number_distribution": [3986, 4024, 3999, 4022, 3888, 4010, 4006, 4023, 4022, 3583, 3859, 3989, 3972, 4024, 3917, 4024, 4024, 4020, 4024, 3744, 3516, 4024, 3760, 4024, 4005, 3995, 3958, 4016, 2895, 4022, 4023, 3890, 4020, 3842, 4023, 2641, 4024, 3987, 4000, 4023, 3885, 3904, 4024, 4024, 4024, 4023, 4005, 3934, 4024, 4022, 4024, 4024, 1139, 3220, 3889, 3960, 3898, 3956, 3952, 4017, 4024, 4022, 4024, 4024, 4011, 3956, 4004, 3954, 4009, 4020, 4024, 3967, 3933, 3747, 4023, 4023, 4024, 4002, 1585, 3946, 4017, 4010, 3839, 3833, 4016, 3744, 3747, 4017, 4023, 4024, 4023, 4022, 3382, 4013, 4024, 3928, 3914, 3921, 4023, 3738, 4024, 3782, 4023, 3997, 3893, 3893, 4019, 3950, 3987, 3958, 4024, 4023, 3733, 3903, 4018, 4024, 4023, 4009, 4023, 3737, 4001, 4024, 4003, 3975, 3782, 4024, 3994, 3914, 4023, 4019, 4024, 3912, 4020, 3797, 4023, 4024, 4023, 3878, 4024, 4022, 4023, 3865, 3817, 2671, 4024, 3687, 3931, 3839, 3841, 3918, 4024, 3522, 4022, 4013, 3897, 4024, 3948, 3929, 3883, 3930, 3802, 4021, 4022, 4024, 4022, 3914, 4024, 4023, 3876, 4017, 3888, 4011, 4022, 3737, 4023, 4021, 4024, 4024, 4024, 3963, 3368, 3212, 3865, 3148, 3935, 4017, 4024, 4023, 4024, 4023, 3995, 3882, 4024, 3813, 2708, 3985, 3914, 3979, 3962, 3864, 4024, 3837, 3990, 4024, 3988, 4024, 4024, 4024, 3873, 3979, 4009, 4024, 4023, 4024, 4012, 3975, 4024, 4024, 4021, 4024, 4022, 3951, 4024, 3832, 4023, 4023, 3560, 4022, 4023, 3738, 3859, 3966, 3892, 3939, 3934, 4024, 4023, 3739, 4021, 4024, 3957, 3828, 4016, 4024, 4024, 3925, 4024, 4009, 4021, 4024, 4024, 4024, 4024, 3583, 4013, 3914]}, "prepare_train_sample": {"time": 0.7343282699584961}, "train_eval_model": {"train_intermediate": [{"epoch": 0, "loss": 98.84921265560897, "eval_loss": 90.94235452016194, "train_recall": 0.29186969696969695, "val_recall": 0.3549, "lr": 0.004}, {"epoch": 1, "loss": 97.91853506330737, "eval_loss": 91.12116180322109, "train_recall": 0.3005464646464647, "val_recall": 0.3421, "lr": 0.004}, {"epoch": 2, "loss": 91.95986095536605, "eval_loss": 84.38356744326077, "train_recall": 0.3660040404040404, "val_recall": 0.407, "lr": 0.00084}, {"epoch": 3, "loss": 91.7237234397045, "eval_loss": 84.4815494341728, "train_recall": 0.3682757575757576, "val_recall": 0.4214, "lr": 0.00084}, {"epoch": 4, "loss": 91.68551585507592, "eval_loss": 85.02120377467229, "train_recall": 0.3691090909090909, "val_recall": 0.4168, "lr": 0.00084}, {"epoch": 5, "loss": 91.61751220808674, "eval_loss": 84.67774369166447, "train_recall": 0.3705272727272727, "val_recall": 0.4203, "lr": 0.00084}, {"epoch": 6, "loss": 90.00194073281345, "eval_loss": 82.60928958501572, "train_recall": 0.38835454545454545, "val_recall": 0.4357, "lr": 0.0001764}, {"epoch": 7, "loss": 89.82845288862465, "eval_loss": 82.15541511926895, "train_recall": 0.3904888888888889, "val_recall": 0.4485, "lr": 0.0001764}, {"epoch": 8, "loss": 89.72033063905381, "eval_loss": 82.47634679843217, "train_recall": 0.3916272727272727, "val_recall": 0.4437, "lr": 0.0001764}, {"epoch": 9, "loss": 89.59921433083531, "eval_loss": 82.48132566305307, "train_recall": 0.39314646464646463, "val_recall": 0.4464, "lr": 0.0001764}, {"epoch": 10, "loss": 89.50349048116718, "eval_loss": 81.8615671304556, "train_recall": 0.39374040404040406, "val_recall": 0.4369, "lr": 0.0001764}, {"epoch": 11, "loss": 89.4894643154034, "eval_loss": 82.40183074657733, "train_recall": 0.39357373737373735, "val_recall": 0.4398, "lr": 0.0001764}], "train_total": {"correct": 389638, "final_recall": 0.39357373737373735}, "training_time": 3045.155841112137, "eval_time": 0.00432586669921875}}], "integrate": {"time": 199.8800778388977}, "count_recall": {"time": 145.47204327583313}}