{"total_time_consume": 10229.468728542328, "preprocess": {"kmeans_time": 9520.529640436172, "random_projection": 2.2572293281555176, "total_time": 9522.906433582306}, "classifier": [{"ins_id": 1, "dataset_partition": {"time": 133.05817985534668, "cluster_number_distribution": [8569, 6603, 482, 2374, 3390, 2346, 2520, 4889, 6535, 9636, 1165, 1058, 7581, 1819, 2426, 966, 8455, 3520, 2424, 1809, 2240, 8503, 7470, 8363, 1286, 7903, 5276, 3696, 10844, 12337, 8640, 3159, 2482, 1808, 5200, 1630, 3806, 1513, 1785, 1375, 605, 2865, 9425, 1497, 2215, 12287, 1536, 588, 3121, 2339, 14615, 6447, 2033, 1650, 1917, 1977, 1025, 2458, 2520, 3422, 1900, 4921, 1382, 3764, 6722, 2345, 2607, 3331, 6474, 5884, 3773, 1576, 2683, 2151, 7905, 2404, 3473, 4489, 2208, 4769, 6490, 3125, 12736, 8021, 5841, 3630, 2230, 4354, 5008, 3301, 3086, 1874, 774, 533, 1827, 1906, 745, 717, 2491, 2542, 5891, 810, 524, 644, 2632, 4886, 3241, 16077, 4076, 4408, 581, 1225, 3665, 1981, 2225, 1675, 3929, 2258, 3742, 7536, 2191, 2601, 4848, 3285, 3955, 2261, 2554, 2727, 16892, 2642, 3418, 2803, 3816, 2546, 2588, 5759, 1408, 5745, 4565, 590, 3132, 523, 2496, 1370, 862, 3528, 3889, 4211, 1481, 1198, 1607, 1712, 7658, 2154, 5111, 3489, 8407, 4359, 1329, 2055, 5245, 4321, 8811, 7137, 20586, 1976, 9083, 1844, 3402, 1070, 2364, 4525, 4955, 2215, 7651, 3770, 1669, 5240, 3491, 1992, 4421, 8376, 3005, 5132, 1931, 2431, 5201, 2810, 11069, 590, 3176, 2534, 893, 1290, 3004, 4071, 2056, 2921, 1561, 3013, 2176, 1539, 1661, 4840, 8093, 864, 8640, 1498, 3080, 2369, 3846, 10490, 4229, 7127, 5654, 4340, 3429, 2737, 4459, 2558, 1089, 2367, 5790, 6192, 7532, 8012, 5796, 6114, 1691, 815, 9495, 1689, 1576, 3273, 992, 2902, 640, 3421, 3855, 12752, 2849, 3412, 2681, 3387, 5995, 3475, 1913, 2410, 2926, 2023, 897, 5118, 7964, 3007, 2439, 862]}, "predict": {"time": 1.3617842197418213}}, {"ins_id": 2, "dataset_partition": {"time": 139.73146510124207, "cluster_number_distribution": [9977, 3709, 4173, 4290, 5205, 1943, 1462, 1936, 3066, 4676, 2570, 3983, 7209, 3132, 1902, 2554, 2552, 3188, 7574, 4859, 1492, 454, 2659, 4678, 3876, 4316, 4487, 910, 3042, 945, 12353, 1806, 1665, 2652, 7525, 2903, 8792, 1205, 2664, 2643, 7366, 2526, 1507, 6031, 3974, 11089, 2545, 7477, 2478, 5223, 2590, 1778, 4083, 1998, 1910, 1436, 2170, 3998, 18126, 2499, 1579, 3995, 2630, 4200, 3210, 15002, 2386, 8273, 2016, 1923, 2597, 6808, 3918, 12025, 2475, 1463, 4821, 4597, 2018, 2686, 1323, 1449, 1557, 16664, 3488, 3942, 3224, 6420, 3279, 5816, 1171, 4861, 13530, 1059, 2329, 7677, 5074, 4797, 3136, 2746, 3801, 3364, 2385, 3397, 6613, 864, 3283, 6369, 2929, 10310, 2125, 1207, 7520, 3829, 11850, 8216, 4654, 2597, 2186, 8119, 2057, 3931, 2068, 2358, 4079, 947, 12971, 6020, 9493, 3858, 6851, 3264, 2787, 4129, 5132, 1865, 3708, 2693, 2228, 3277, 1021, 4151, 948, 3135, 2281, 3983, 4050, 1808, 2800, 1744, 4662, 2989, 2111, 3053, 6215, 2026, 2588, 3493, 4360, 1312, 668, 2471, 2047, 1656, 3380, 3252, 3063, 2879, 2548, 4863, 3525, 3165, 2004, 1066, 15933, 2604, 2772, 4518, 10931, 3191, 820, 2862, 233, 2428, 3549, 3691, 1444, 1666, 2717, 798, 448, 6716, 4073, 4275, 3198, 5057, 1548, 2327, 5722, 1259, 1772, 5832, 3450, 1148, 941, 1433, 1814, 1649, 6746, 1636, 348, 2582, 1431, 2517, 3623, 3544, 1863, 6453, 5010, 5346, 4360, 2789, 3518, 3851, 4361, 2770, 4354, 1648, 1821, 3939, 1525, 1708, 1577, 5927, 1580, 1896, 11405, 4475, 4783, 2845, 2311, 7610, 5387, 3733, 6756, 3329, 2230, 2103, 634, 12972, 399, 1656, 2125, 1325, 6139, 17595]}, "predict": {"time": 1.3744432926177979}}, {"ins_id": 3, "dataset_partition": {"time": 137.53571248054504, "cluster_number_distribution": [2260, 6340, 5158, 5618, 5634, 1917, 7198, 1223, 1607, 2026, 1272, 5191, 6153, 3773, 10760, 7703, 2606, 5916, 3126, 3630, 5484, 2578, 3018, 1699, 1551, 2739, 6230, 2239, 9117, 9693, 3932, 620, 1959, 5989, 3155, 13591, 2938, 3838, 2425, 8345, 2119, 2524, 2901, 2822, 1583, 5468, 6797, 3666, 1160, 1664, 2074, 1924, 2661, 2550, 3483, 2634, 4240, 4332, 1126, 4006, 1759, 1699, 3526, 6213, 1331, 4806, 3901, 4728, 1498, 4241, 7051, 4289, 951, 1820, 2814, 6553, 6900, 2275, 6567, 1757, 1629, 3346, 6599, 581, 3301, 1855, 3709, 3943, 998, 7573, 2129, 11607, 2201, 3883, 1624, 4894, 4022, 1387, 9991, 8803, 5294, 1410, 1577, 2550, 4589, 4541, 1515, 4822, 4049, 4128, 2089, 6582, 3811, 3957, 949, 1411, 2216, 5859, 1025, 3045, 1342, 2913, 2539, 878, 4064, 951, 3948, 7023, 1050, 4606, 1944, 2431, 2463, 3078, 1882, 2464, 2166, 5594, 2701, 11426, 8634, 6398, 2939, 1776, 3806, 14788, 1343, 2576, 2319, 3245, 957, 3465, 2266, 4391, 1150, 1528, 916, 10522, 10470, 2743, 5267, 5991, 11053, 2817, 10678, 2615, 4526, 5440, 1802, 6322, 4180, 4439, 2293, 3009, 10482, 3181, 1518, 1990, 2122, 5313, 10985, 7711, 5034, 3603, 1634, 8496, 866, 2148, 1902, 4713, 4782, 3740, 2154, 5036, 4415, 3624, 3115, 2411, 5199, 1236, 930, 2761, 2859, 4030, 4356, 884, 3297, 1539, 1492, 1365, 1829, 2038, 3337, 7932, 1099, 3917, 7223, 12692, 2139, 2245, 1330, 3765, 5253, 1431, 3578, 8959, 9993, 3591, 3455, 2052, 1352, 1260, 2558, 5195, 4739, 2745, 2107, 8613, 4154, 7857, 3733, 1421, 1549, 5421, 3046, 5459, 1336, 6859, 4645, 5261, 2003, 4124, 1275, 3027, 3670, 1525]}, "predict": {"time": 1.3786826133728027}}, {"ins_id": 4, "dataset_partition": {"time": 137.83000349998474, "cluster_number_distribution": [4093, 2919, 7521, 3012, 3463, 1884, 6151, 5524, 7107, 7295, 6420, 1889, 2935, 3992, 1688, 720, 4703, 680, 10045, 3501, 1284, 966, 10795, 6580, 1273, 3286, 2728, 1643, 4535, 5603, 2675, 3502, 3161, 3695, 2129, 4092, 7799, 2490, 2562, 5171, 4286, 5166, 5817, 2410, 3962, 3794, 449, 3214, 4002, 10207, 1618, 3155, 7052, 2365, 4661, 2081, 5336, 5065, 841, 1016, 994, 3097, 7379, 3004, 1247, 3679, 3809, 1571, 3148, 7942, 3183, 5043, 2372, 1727, 2710, 2698, 2861, 4391, 1870, 2351, 2098, 2074, 883, 620, 3705, 1451, 3941, 1058, 5280, 1763, 313, 737, 3610, 2144, 1758, 1369, 1497, 5398, 13851, 6408, 3305, 3332, 1386, 6318, 2604, 4504, 1012, 3567, 8714, 1967, 1823, 2849, 464, 2207, 6490, 3364, 1261, 992, 1446, 4576, 2498, 1805, 1928, 2491, 8312, 2806, 1901, 1415, 9982, 5438, 4195, 6022, 2522, 5660, 2302, 2654, 3077, 1999, 4125, 1677, 7282, 2231, 3157, 7303, 6807, 3250, 2264, 2306, 1565, 5690, 3813, 2029, 5158, 4028, 1852, 554, 2365, 455, 2079, 982, 1929, 6358, 8933, 2490, 3990, 3395, 3360, 4601, 5736, 4155, 7134, 4648, 14991, 15379, 3612, 4594, 5511, 3952, 5605, 8364, 2121, 6964, 10908, 3565, 1715, 2537, 612, 3269, 2327, 7700, 7293, 3331, 5240, 4792, 7079, 4019, 2882, 1367, 8956, 3793, 4163, 4400, 1545, 3190, 8049, 5386, 4919, 2039, 2899, 2262, 3597, 11859, 1037, 3507, 756, 1216, 8129, 5923, 9712, 5300, 1088, 1585, 1555, 5695, 10284, 2425, 1392, 6022, 2135, 5225, 1200, 2504, 3483, 15728, 3709, 3148, 4624, 2002, 1096, 4582, 893, 2586, 608, 5469, 1934, 910, 2263, 3634, 3738, 1872, 3728, 3244, 7992, 11720, 2481, 5149]}, "predict": {"time": 1.3607347011566162}}], "integrate": {"time": 79.5231077671051}, "count_recall": {"time": 72.68441987037659}}