{"total_time_consume": 13405.092724323273, "preprocess": {"total_time": 0.2004380226135254}, "classifier": [{"ins_id": 0, "dataset_partition": {"bulid_graph_time": 813.4319703578949, "save_graph_time": 25.527599573135376, "graph_partition_time": 56.941324949264526, "total_time": 896.0560092926025, "cluster_number_distribution": [3845, 4012, 3981, 3955, 4023, 3600, 4022, 3916, 4024, 4015, 4004, 4009, 4021, 3966, 4020, 4023, 4017, 4023, 4022, 1702, 4012, 4021, 4017, 4023, 4020, 4023, 3987, 4012, 4022, 3888, 4014, 2965, 4020, 3489, 4005, 3927, 4021, 4022, 4020, 3611, 3968, 4023, 3806, 3982, 4024, 4017, 3941, 4022, 4005, 3972, 3862, 3916, 3956, 3973, 4024, 3836, 4020, 4023, 4020, 4002, 4022, 4020, 4018, 4021, 3257, 4023, 4021, 4023, 3844, 4022, 4016, 4003, 3933, 4007, 4014, 2431, 4024, 4022, 4018, 4023, 4019, 4017, 4023, 4022, 4020, 3932, 4023, 4021, 4023, 4022, 4001, 4009, 4013, 4023, 4015, 4022, 3928, 3608, 3986, 3994, 4022, 4023, 4017, 3973, 4013, 3952, 4020, 3995, 3813, 4014, 4022, 3096, 4023, 3952, 4017, 4023, 4018, 3940, 1477, 3771, 3911, 3810, 3983, 3979, 3933, 4014, 3975, 4020, 4022, 4023, 4024, 4020, 4023, 3990, 3968, 3982, 4022, 4006, 3947, 3937, 4022, 3243, 4024, 3010, 4023, 4023, 4024, 4016, 3734, 4024, 4018, 3777, 3899, 3126, 3766, 4013, 4004, 3778, 4022, 4022, 4020, 4019, 4023, 4013, 4024, 4023, 4021, 3929, 4021, 3976, 4023, 3714, 4018, 4013, 4023, 4023, 4015, 0, 4010, 3986, 3985, 3982, 4001, 3978, 4021, 4017, 4023, 3973, 3930, 4021, 3999, 4024, 3768, 3972, 4023, 4022, 4023, 4022, 4023, 4022, 4023, 4023, 4024, 4023, 4024, 2210, 4021, 4013, 3831, 4013, 4022, 4012, 3982, 3868, 3999, 4022, 4019, 4023, 3942, 4024, 4023, 2991, 3960, 3877, 4010, 4023, 3856, 3908, 3972, 4020, 3910, 3543, 4023, 4023, 4006, 3916, 3992, 3999, 3962, 4023, 3874, 4023, 4023, 3952, 3923, 4023, 4023, 4020, 4023, 3804, 4001, 4023, 3904, 4023, 4020, 3931]}, "prepare_train_sample": {"time": 0.6731441020965576}, "train_eval_model": {"train_config": {"model_name": "one_block_2048_dim", "lr": 0.004, "n_epochs": 12, "milestones": [3, 7]}, "train_intermediate": [{"epoch": 0, "loss": 60.37782646576489, "eval_loss": 55.684867846660126, "train_recall": 0.5997424242424242, "val_recall": 0.6697, "lr": 0.004}, {"epoch": 1, "loss": 58.00582847838126, "eval_loss": 55.391701796115974, "train_recall": 0.6304171717171717, "val_recall": 0.6758, "lr": 0.004}, {"epoch": 2, "loss": 57.607929259699524, "eval_loss": 55.076893879817085, "train_recall": 0.6357808080808081, "val_recall": 0.6783, "lr": 0.004}, {"epoch": 3, "loss": 56.50491901408433, "eval_loss": 54.345436181777565, "train_recall": 0.6566898989898989, "val_recall": 0.6972, "lr": 0.0004}, {"epoch": 4, "loss": 56.33373368908101, "eval_loss": 54.179883626791145, "train_recall": 0.6597171717171717, "val_recall": 0.7007, "lr": 0.0004}, {"epoch": 5, "loss": 56.2628295290049, "eval_loss": 54.13297018638024, "train_recall": 0.6608848484848485, "val_recall": 0.6952, "lr": 0.0004}, {"epoch": 6, "loss": 56.216270658122696, "eval_loss": 54.181931410080345, "train_recall": 0.6622494949494949, "val_recall": 0.6979, "lr": 0.0004}, {"epoch": 7, "loss": 56.11083539057769, "eval_loss": 54.08344622147389, "train_recall": 0.6642464646464646, "val_recall": 0.7021, "lr": 4e-05}, {"epoch": 8, "loss": 56.0884922599848, "eval_loss": 54.03216160260714, "train_recall": 0.6639949494949495, "val_recall": 0.6987, "lr": 4e-05}, {"epoch": 9, "loss": 56.09434067708595, "eval_loss": 54.052903529925224, "train_recall": 0.6642030303030303, "val_recall": 0.7007, "lr": 4e-05}, {"epoch": 10, "loss": 56.08295326875331, "eval_loss": 54.10161923139523, "train_recall": 0.6643343434343434, "val_recall": 0.699, "lr": 4e-05}, {"epoch": 11, "loss": 56.08531190000608, "eval_loss": 54.08664832971035, "train_recall": 0.6645565656565656, "val_recall": 0.6976, "lr": 4e-05}], "train_total": {"correct": 657911, "final_recall": 0.6645565656565656}, "training_time": 2001.091323852539, "eval_time": 0.01056528091430664}}, {"ins_id": 1, "dataset_partition": {"bulid_graph_time": 1135.4177632331848, "save_graph_time": 28.820685386657715, "graph_partition_time": 73.50618314743042, "total_time": 1237.9094038009644, "cluster_number_distribution": [2860, 4022, 3912, 3996, 3971, 4006, 4023, 3998, 4024, 4024, 4023, 3988, 4022, 3986, 4016, 3357, 3424, 4019, 3565, 3289, 3888, 3961, 4024, 4024, 4022, 4013, 4002, 3907, 4018, 4023, 4023, 4018, 4011, 2507, 3989, 4010, 4023, 3131, 4022, 4022, 4023, 4011, 3998, 4022, 4019, 4023, 4017, 4012, 4001, 4022, 4023, 3957, 3902, 4006, 4014, 3954, 3493, 4023, 4023, 3947, 4022, 4014, 4014, 4012, 3083, 3893, 3969, 3984, 3958, 4022, 4008, 3939, 4011, 4002, 4023, 3970, 4021, 4023, 4018, 3921, 3988, 2569, 4013, 4018, 4023, 3857, 4019, 4023, 3979, 4021, 3875, 4011, 4022, 3952, 4019, 4023, 4023, 3732, 4023, 4021, 4023, 4012, 4022, 3883, 4023, 4023, 4018, 3716, 4021, 4023, 4023, 4003, 3900, 3857, 4010, 4020, 3999, 3878, 4023, 3625, 4023, 3982, 2070, 3963, 4022, 4023, 4021, 4023, 4022, 3948, 4017, 3935, 4022, 3682, 3935, 4023, 3983, 4019, 3989, 4006, 3992, 3999, 3686, 3979, 3855, 3995, 3876, 4023, 3846, 4021, 4003, 3309, 4023, 4024, 3922, 4023, 3810, 2155, 4023, 2800, 4013, 3964, 3565, 3985, 3994, 3855, 3784, 3764, 4013, 4023, 4001, 4023, 3955, 4010, 3865, 4005, 3995, 3979, 4005, 4022, 4023, 4024, 3946, 3855, 3880, 4022, 4022, 1941, 3905, 4023, 4018, 3872, 4018, 3946, 3973, 4023, 4023, 4020, 4023, 3979, 4017, 3911, 3952, 3911, 4021, 3957, 4017, 4021, 4008, 4023, 4019, 4021, 4011, 4017, 4020, 3618, 4021, 3844, 4023, 4023, 4022, 4020, 3720, 3663, 4022, 4011, 4022, 3985, 3818, 4014, 3982, 4002, 4022, 4023, 4023, 4023, 4019, 4023, 4023, 4023, 3897, 3810, 3975, 4006, 4019, 3998, 3958, 3293, 4023, 4020, 2682, 4023, 4023, 4020, 4019, 4018]}, "prepare_train_sample": {"time": 0.8774886131286621}, "train_eval_model": {"train_config": {"model_name": "one_block_2048_dim", "lr": 0.004, "n_epochs": 12, "milestones": [3, 7]}, "train_intermediate": [{"epoch": 0, "loss": 60.70564080314268, "eval_loss": 56.28993108945015, "train_recall": 0.595989898989899, "val_recall": 0.6596, "lr": 0.004}, {"epoch": 1, "loss": 58.35374030569974, "eval_loss": 55.80303845038781, "train_recall": 0.6253737373737374, "val_recall": 0.6668, "lr": 0.004}, {"epoch": 2, "loss": 57.943267050127595, "eval_loss": 55.59694005281497, "train_recall": 0.6325737373737373, "val_recall": 0.6733, "lr": 0.004}, {"epoch": 3, "loss": 56.837545138853926, "eval_loss": 54.790689064906196, "train_recall": 0.6524484848484848, "val_recall": 0.6833, "lr": 0.0004}, {"epoch": 4, "loss": 56.671269264126245, "eval_loss": 54.81988217280461, "train_recall": 0.655730303030303, "val_recall": 0.6886, "lr": 0.0004}, {"epoch": 5, "loss": 56.59539631813573, "eval_loss": 54.71867512433957, "train_recall": 0.6565181818181818, "val_recall": 0.6899, "lr": 0.0004}, {"epoch": 6, "loss": 56.547726608568844, "eval_loss": 54.64048170432066, "train_recall": 0.6578939393939394, "val_recall": 0.6888, "lr": 0.0004}, {"epoch": 7, "loss": 56.4444362626694, "eval_loss": 54.597796097779884, "train_recall": 0.6599838383838383, "val_recall": 0.6908, "lr": 4e-05}, {"epoch": 8, "loss": 56.43502230067311, "eval_loss": 54.59698848235301, "train_recall": 0.6598010101010101, "val_recall": 0.6887, "lr": 4e-05}, {"epoch": 9, "loss": 56.42423026267423, "eval_loss": 54.592762445792175, "train_recall": 0.6610060606060606, "val_recall": 0.6882, "lr": 4e-05}, {"epoch": 10, "loss": 56.42230210712863, "eval_loss": 54.604887106479744, "train_recall": 0.6601626262626262, "val_recall": 0.6917, "lr": 4e-05}, {"epoch": 11, "loss": 56.410966832416534, "eval_loss": 54.53086576706324, "train_recall": 0.6608969696969696, "val_recall": 0.6897, "lr": 4e-05}], "train_total": {"correct": 654288, "final_recall": 0.6608969696969696}, "training_time": 2062.001542568207, "eval_time": 0.02522134780883789}}, {"ins_id": 2, "dataset_partition": {"bulid_graph_time": 1155.0066339969635, "save_graph_time": 29.30068874359131, "graph_partition_time": 61.50234127044678, "total_time": 1245.966918706894,