{"total_time_consume": 4832.828565120697, "preprocess": {"total_time": 0.026213645935058594}, "classifier": [{"ins_id": 0, "dataset_partition": {"bulid_graph_time": 1167.4235808849335, "save_graph_time": 30.664156675338745, "graph_partition_time": 65.74574279785156, "total_time": 1264.0340263843536, "cluster_number_distribution": [4023, 4018, 3983, 3752, 3991, 3988, 4019, 3919, 3981, 4017, 4023, 4023, 4012, 3876, 3953, 4023, 4023, 3922, 3703, 3214, 4023, 3993, 4020, 4020, 3852, 1741, 4017, 3075, 4022, 2377, 4021, 4019, 4024, 3973, 4009, 4022, 4023, 4013, 4022, 3850, 3756, 3748, 2724, 3979, 3973, 4003, 3971, 3996, 4023, 3850, 4016, 3989, 3519, 3966, 4009, 4023, 4019, 4023, 3999, 4018, 4005, 4020, 3971, 4005, 4003, 3988, 4023, 4022, 4021, 4022, 3644, 4020, 3939, 3917, 4022, 3940, 4023, 4019, 3797, 3972, 3896, 4017, 4006, 3937, 4016, 4007, 3865, 4000, 4017, 3948, 3982, 4008, 4013, 4022, 4023, 4020, 4022, 4010, 4007, 4020, 4014, 4005, 4007, 3839, 3817, 3920, 4019, 4023, 3950, 4017, 3977, 4017, 3998, 4023, 4010, 1884, 4022, 4023, 3965, 4011, 4021, 4022, 4012, 4001, 4017, 3949, 4023, 4022, 4024, 3919, 4021, 3978, 4020, 3882, 3961, 3992, 3626, 4023, 4024, 3692, 4023, 4015, 3767, 3980, 3782, 4023, 3318, 4022, 4022, 4022, 4022, 4023, 3988, 4022, 4017, 3806, 4020, 4008, 4020, 3970, 4023, 3975, 4023, 4019, 4007, 4023, 4018, 3938, 4023, 3995, 3990, 4020, 3954, 3940, 3949, 4017, 4023, 4009, 3986, 3910, 3508, 4023, 3833, 3915, 4023, 4023, 4018, 2647, 3877, 3858, 3878, 4016, 4019, 4015, 4005, 4023, 4009, 4022, 3911, 4001, 4021, 2755, 4023, 4022, 3888, 3804, 4013, 3750, 4023, 3989, 3959, 4005, 3633, 4021, 3964, 3998, 3994, 4023, 3212, 3890, 3473, 4019, 4018, 3977, 2710, 4010, 3984, 3999, 4016, 4013, 3976, 4023, 4021, 3991, 4018, 4022, 1663, 3937, 4002, 4023, 4023, 3787, 4024, 4008, 4017, 4023, 4024, 4016, 4002, 4003, 4023, 4017, 3997, 4020, 3614, 4022]}, "prepare_train_sample": {"time": 0.5507850646972656}, "train_eval_model": {"train_intermediate": [{"epoch": 0, "loss": 60.92917549911851, "eval_loss": 56.626110993898834, "train_recall": 0.5898696969696969, "val_recall": 0.6409, "lr": 0.008}, {"epoch": 1, "loss": 58.52586607300026, "eval_loss": 56.07584419005956, "train_recall": 0.621259595959596, "val_recall": 0.6581, "lr": 0.008}, {"epoch": 2, "loss": 58.06253790615733, "eval_loss": 56.00769823025434, "train_recall": 0.6270666666666667, "val_recall": 0.6548, "lr": 0.008}, {"epoch": 3, "loss": 56.6771072949721, "eval_loss": 54.83308514570579, "train_recall": 0.6515797979797979, "val_recall": 0.6836, "lr": 0.0008}, {"epoch": 4, "loss": 56.496925733661044, "eval_loss": 54.75174313325148, "train_recall": 0.654830303030303, "val_recall": 0.6846, "lr": 0.0008}, {"epoch": 5, "loss": 56.432334290650665, "eval_loss": 54.70191472615951, "train_recall": 0.655940404040404, "val_recall": 0.6846, "lr": 0.0008}, {"epoch": 6, "loss": 56.38544276687213, "eval_loss": 54.68084290088751, "train_recall": 0.656749494949495, "val_recall": 0.6851, "lr": 0.0008}, {"epoch": 7, "loss": 56.26797987105647, "eval_loss": 54.60348606109619, "train_recall": 0.6589919191919192, "val_recall": 0.6845, "lr": 8e-05}, {"epoch": 8, "loss": 56.25540381294495, "eval_loss": 54.585090869512314, "train_recall": 0.658659595959596, "val_recall": 0.6905, "lr": 8e-05}, {"epoch": 9, "loss": 56.24967934582288, "eval_loss": 54.612837449098244, "train_recall": 0.6590272727272727, "val_recall": 0.6894, "lr": 8e-05}, {"epoch": 10, "loss": 56.24000055318228, "eval_loss": 54.58553771483592, "train_recall": 0.6593646464646464, "val_recall": 0.6848, "lr": 8e-05}, {"epoch": 11, "loss": 56.24150312355703, "eval_loss": 54.61626504017757, "train_recall": 0.6598555555555555, "val_recall": 0.6856, "lr": 8e-05}], "train_total": {"correct": 653257, "final_recall": 0.6598555555555555}, "training_time": 3354.7867424488068, "eval_time": 0.006572246551513672}}], "integrate": {"time": 56.092026472091675}, "count_recall": {"time": 149.97519850730896}}