{"total_time_consume": 9814.449760437012, "preprocess": {"total_time": 0.21810579299926758}, "classifier": [{"ins_id": 0, "dataset_partition": {"bulid_graph_time": 67.38922786712646, "save_graph_time": 41.9902606010437, "graph_partition_time": 67.49037289619446, "total_time": 177.02553820610046, "cluster_number_distribution": [4021, 4024, 3959, 3919, 4024, 3899, 4024, 3958, 4024, 4022, 4003, 0, 3868, 4019, 3849, 4021, 4024, 3961, 4024, 4014, 3961, 4023, 4023, 4023, 4022, 4016, 3833, 3924, 3951, 3964, 4024, 4023, 3945, 4019, 3942, 3915, 3991, 4017, 3742, 3936, 3916, 3936, 4024, 4018, 3822, 3962, 4024, 3805, 3976, 4024, 4024, 3909, 4024, 4024, 3886, 4022, 3967, 4014, 3740, 3965, 4003, 3966, 4023, 4020, 4024, 3893, 3926, 3977, 3740, 3740, 4023, 3918, 3884, 3891, 4023, 4023, 4020, 3739, 4006, 3955, 4024, 4023, 4016, 3974, 3631, 4017, 3920, 4023, 3993, 4009, 4024, 4023, 3790, 3740, 4024, 3603, 4021, 4024, 4024, 3796, 4006, 4023, 4012, 4024, 4024, 4024, 3992, 1964, 3742, 3822, 3985, 4023, 4021, 4024, 3957, 4018, 4023, 4024, 4024, 4009, 3792, 4024, 3961, 4008, 1723, 3894, 4009, 3957, 4024, 3879, 3885, 3771, 4024, 4024, 4007, 4022, 4023, 3185, 3817, 3768, 4024, 4024, 4022, 3800, 4024, 4024, 3996, 4024, 3953, 3781, 4023, 4023, 3826, 4024, 3741, 4022, 3855, 3771, 4024, 3981, 3739, 4004, 3769, 4020, 3988, 4023, 4024, 4020, 3993, 3915, 3896, 3849, 3993, 3960, 3971, 4024, 4024, 4005, 4024, 3965, 3891, 4024, 4023, 4024, 4021, 4024, 4024, 4022, 3965, 3962, 3784, 4023, 3965, 4017, 3913, 3770, 4024, 4024, 4024, 4024, 4022, 4023, 3819, 4024, 4024, 4024, 4022, 4023, 4024, 4018, 4002, 3742, 3860, 4024, 4021, 4024, 4024, 3830, 3956, 4015, 4005, 3838, 3935, 3965, 4024, 4023, 4023, 4024, 3989, 3820, 3956, 4021, 3805, 3960, 3916, 4024, 4013, 4024, 4023, 3741, 4024, 4023, 4023, 3778, 0, 4024, 4022, 3997, 4024, 3969, 2759, 4024, 3837, 4022, 4022, 4022]}, "prepare_train_sample": {"time": 0.748589277267456}, "train_eval_model": {"train_config": {"model_name": "one_block_2048_dim", "lr": 0.008, "n_epochs": 12, "milestones": [3, 7]}, "train_intermediate": [{"epoch": 0, "loss": 67.09797678987307, "eval_loss": 54.32839479201879, "train_recall": 0.5630767676767677, "val_recall": 0.6513, "lr": 0.008}, {"epoch": 1, "loss": 64.64603501865604, "eval_loss": 53.68564304938683, "train_recall": 0.5945222222222222, "val_recall": 0.6601, "lr": 0.008}, {"epoch": 2, "loss": 64.23830171437055, "eval_loss": 53.34449863433838, "train_recall": 0.6014989898989899, "val_recall": 0.6729, "lr": 0.008}, {"epoch": 3, "loss": 62.362997050306454, "eval_loss": 51.83021583312597, "train_recall": 0.6345979797979798, "val_recall": 0.6985, "lr": 0.0008}, {"epoch": 4, "loss": 62.108372670999884, "eval_loss": 51.73100189062265, "train_recall": 0.6396454545454545, "val_recall": 0.7049, "lr": 0.0008}, {"epoch": 5, "loss": 62.00267748134949, "eval_loss": 51.659239194332024, "train_recall": 0.6415545454545455, "val_recall": 0.7044, "lr": 0.0008}, {"epoch": 6, "loss": 61.941419687939124, "eval_loss": 51.595017365920235, "train_recall": 0.6429131313131313, "val_recall": 0.7045, "lr": 0.0008}, {"epoch": 7, "loss": 61.770385606058404, "eval_loss": 51.508902244078804, "train_recall": 0.6469323232323232, "val_recall": 0.7065, "lr": 8e-05}, {"epoch": 8, "loss": 61.744915158977435, "eval_loss": 51.530989659138214, "train_recall": 0.6473414141414141, "val_recall": 0.7069, "lr": 8e-05}, {"epoch": 9, "loss": 61.73112030860375, "eval_loss": 51.44376237575825, "train_recall": 0.6478939393939394, "val_recall": 0.7102, "lr": 8e-05}, {"epoch": 10, "loss": 61.726065800078, "eval_loss": 51.571025506044045, "train_recall": 0.6474464646464646, "val_recall": 0.7057, "lr": 8e-05}, {"epoch": 11, "loss": 61.719815812137256, "eval_loss": 51.45479424794515, "train_recall": 0.6482080808080808, "val_recall": 0.7076, "lr": 8e-05}], "train_total": {"correct": 641726, "final_recall": 0.6482080808080808}, "training_time": 2120.7135734558105, "eval_time": 0.014279365539550781}}, {"ins_id": 1, "dataset_partition": {"bulid_graph_time": 71.05969738960266, "save_graph_time": 49.6641104221344, "graph_partition_time": 50.625808000564575, "total_time": 171.50371718406677, "cluster_number_distribution": [3952, 4024, 3999, 4009, 4024, 3935, 4024, 4024, 3915, 3909, 0, 3738, 4024, 4021, 4024, 3977, 3950, 4024, 4024, 3910, 3787, 4024, 4021, 4019, 4024, 3930, 4024, 3939, 3972, 4021, 4024, 3454, 4024, 4024, 3869, 3958, 4024, 4022, 4024, 4024, 4020, 4023, 0, 3911, 3960, 4023, 4012, 4023, 3973, 3936, 4024, 3892, 3905, 4024, 4023, 4023, 4024, 3995, 4024, 4024, 4020, 4024, 3998, 3960, 4023, 4024, 4024, 3936, 3960, 3998, 4024, 3969, 4024, 4019, 3968, 4023, 3873, 3943, 4024, 4024, 4024, 4024, 4023, 3900, 3942, 1133, 3770, 3925, 4024, 4024, 4024, 3895, 4024, 3740, 4024, 4024, 4019, 3960, 3894, 4024, 4022, 4024, 4024, 4023, 4023, 3831, 4024, 4023, 0, 3897, 3829, 4024, 4024, 4024, 4024, 3807, 4020, 3914, 4009, 4024, 3960, 3987, 4024, 3939, 3173, 4023, 4024, 4020, 3802, 4024, 4024, 3900, 4024, 3946, 3979, 3986, 4011, 3939, 3936, 4024, 3873, 3814, 3831, 4024, 4024, 4024, 4005, 4024, 4024, 4023, 3814, 4003, 3927, 4022, 3993, 4023, 3962, 4023, 4023, 4008, 3898, 3865, 4015, 4024, 3930, 4023, 4023, 3181, 4024, 4024, 4023, 4024, 3989, 4024, 4024, 4024, 4024, 4023, 3961, 3900, 4024, 4021, 3980, 4024, 3982, 4008, 3976, 4024, 4023, 4004, 4023, 3987, 4023, 3856, 4024, 4024, 4023, 3982, 3983, 4023, 4022, 4024, 4023, 3936, 2467, 4024, 4016, 3883, 3836, 4024, 4024, 3994, 4008, 4023, 3964, 3966, 4023, 3955, 4024, 4024, 4024, 3925, 4014, 3946, 4003, 4007, 3143, 4024, 3956, 4024, 3974, 4024, 3937, 4023, 4024, 3949, 4024, 4023, 4024, 3923, 4022, 4001, 3860, 3990, 4022, 4024, 3886, 4024, 3959, 4023, 3855, 3408, 4023, 4024, 3972, 3991]}, "prepare_train_sample": {"time": 0.7842586040496826}, "train_eval_model": {"train_config": {"model_name": "one_block_2048_dim", "lr": 0.008, "n_epochs": 12, "milestones": [3, 7]}, "train_intermediate": [{"epoch": 0, "loss": 70.79899285378089, "eval_loss": 58.89355125182714, "train_recall": 0.5279080808080808, "val_recall": 0.6224, "lr": 0.008}, {"epoch": 1, "loss": 68.51715555526123, "eval_loss": 58.278937877752846, "train_recall": 0.5565030303030303, "val_recall": 0.6346, "lr": 0.008}, {"epoch": 2, "loss": 68.1178364081555, "eval_loss": 58.41701576037285, "train_recall": 0.5634383838383838, "val_recall": 0.6347, "lr": 0.008}, {"epoch": 3, "loss": 66.32052850567594, "eval_loss": 56.656608923887596, "train_recall": 0.5940040404040404, "val_recall": 0.6652, "lr": 0.0008}, {"epoch": 4, "loss": 66.07440897437918, "eval_loss": 56.60999854405721, "train_recall": 0.5989525252525253, "val_recall": 0.6647, "lr": 0.0008}, {"epoch": 5, "loss": 65.98361459915719, "eval_loss": 56.48305280391987, "train_recall": 0.6000979797979799, "val_recall": 0.6708, "lr": 0.0008}, {"epoch": 6, "loss": 65.91297911302951, "eval_loss": 56.36623561076629, "train_recall": 0.6014747474747475, "val_recall": 0.6679, "lr": 0.0008}, {"epoch": 7, "loss": 65.74207676662695, "eval_loss": 56.34826981715667, "train_recall": 0.6047919191919192, "val_recall": 0.6726, "lr": 8e-05}, {"epoch": 8, "loss": 65.71945621751763, "eval_loss": 56.32166956632565, "train_recall": 0.6048626262626262, "val_recall": 0.6711, "lr": 8e-05}, {"epoch": 9, "loss": 65.71225758106279, "eval_loss": 56.292124894949104, "train_recall": 0.605920202020202, "val_recall": 0.6739, "lr": 8e-05}, {"epoch": 10, "loss": 65.71484142076216, "eval_loss": 56.28209268129789, "train_recall": 0.605459595959596, "val_recall": 0.6718, "lr": 8e-05}, {"epoch": 11, "loss": 65.7003775691348, "eval_loss": 56.22650487606342, "train_recall": 0.6058363636363636, "val_recall": 0.6713, "lr": 8e-05}], "train_total": {"correct": 599778, "final_recall": 0.6058363636363636}, "training_time": 2117.469028234482, "eval_time": 0.012362957000732422}}, {"ins_id": 2, "dataset_partition": {"bulid_graph_time": 78.47024488449097, "save_graph_time": 48.005167961120605, "graph_partition_time": 50.737959146499634, "total_time": 177.37189388275146,