{"total_time_consume": 21792.318444252014, "preprocess": {"total_time": 0.11659598350524902}, "classifier": [{"ins_id": 0, "dataset_partition": {"bulid_graph_time": 1431.8699951171875, "save_graph_time": 28.702887773513794, "graph_partition_time": 82.83193612098694, "total_time": 1543.5877494812012, "cluster_number_distribution": [4023, 4023, 4022, 3989, 3965, 4009, 4022, 3941, 4021, 1313, 4015, 4023, 3933, 4022, 4003, 4019, 3974, 3288, 4022, 4024, 4017, 4022, 4023, 4023, 4018, 3995, 4011, 4011, 4023, 3955, 4007, 3925, 4014, 4021, 4021, 1621, 4013, 4004, 4023, 4003, 4018, 3970, 3998, 4011, 4023, 3961, 3989, 4017, 4019, 3964, 4023, 3250, 3948, 4014, 4020, 4023, 4021, 4004, 4004, 4014, 4019, 4016, 3796, 4021, 3996, 1161, 4024, 4023, 4022, 3989, 4023, 4019, 4021, 3981, 4021, 4023, 4011, 4023, 4022, 4007, 4023, 4022, 3997, 4016, 3997, 4021, 4019, 3932, 3990, 4022, 3997, 3991, 4023, 4019, 4022, 4018, 4023, 4024, 4016, 4023, 4024, 3999, 4022, 3907, 4023, 4011, 4002, 4017, 4018, 4017, 4023, 3991, 3995, 3907, 4020, 4005, 889, 3906, 4024, 4022, 4019, 4020, 4018, 4023, 4023, 4020, 4021, 3929, 4005, 4016, 4023, 4022, 4011, 4021, 4020, 3980, 3978, 4023, 4022, 4001, 3571, 4023, 4024, 2776, 3833, 3881, 4003, 4023, 3993, 3872, 2992, 3882, 3967, 3829, 3811, 4024, 3977, 3943, 4023, 4023, 4020, 4021, 3884, 3955, 4018, 3989, 4024, 3737, 3998, 4022, 1735, 2540, 4019, 4000, 4019, 3931, 3999, 3896, 4014, 4011, 4005, 3926, 4018, 4018, 2837, 3993, 4019, 3936, 3933, 4003, 3975, 4005, 4021, 4021, 4009, 4023, 4004, 4010, 4021, 3998, 4023, 4015, 4014, 4009, 4023, 4021, 3957, 4004, 4023, 4021, 4018, 3968, 4023, 4007, 4021, 3983, 4020, 4017, 876, 4022, 4022, 4022, 3988, 4022, 4014, 4011, 4016, 4012, 4022, 4017, 4023, 3982, 3930, 4022, 3987, 4023, 4019, 4023, 3990, 3852, 4022, 4018, 3892, 3956, 3952, 3958, 4020, 3919, 4018, 4021, 4022, 4003, 4023, 3948, 3982, 3985]}, "prepare_train_sample": {"time": 0.43506646156311035}, "train_eval_model": {"train_config": {"model_name": "res_net", "lr": 0.004, "n_epochs": 8, "milestones": [3, 7]}, "train_intermediate": [{"epoch": 0, "loss": 65.39672630648656, "eval_loss": 55.32053694358239, "train_recall": 0.5751616161616162, "val_recall": 0.6366, "lr": 0.004}, {"epoch": 1, "loss": 63.69340988838839, "eval_loss": 55.023347793481285, "train_recall": 0.5973010101010101, "val_recall": 0.6397, "lr": 0.004}, {"epoch": 2, "loss": 63.47067805690132, "eval_loss": 54.97867079270192, "train_recall": 0.6012989898989899, "val_recall": 0.6414, "lr": 0.004}, {"epoch": 3, "loss": 62.965185602830964, "eval_loss": 54.53182694850824, "train_recall": 0.6104949494949495, "val_recall": 0.6492, "lr": 0.0004}, {"epoch": 4, "loss": 62.91912746876425, "eval_loss": 54.59929181367923, "train_recall": 0.6108494949494949, "val_recall": 0.6488, "lr": 0.0004}, {"epoch": 5, "loss": 62.89624871839884, "eval_loss": 54.514687733772476, "train_recall": 0.6117080808080808, "val_recall": 0.6484, "lr": 0.0004}, {"epoch": 6, "loss": 62.88720773199424, "eval_loss": 54.49528946020664, "train_recall": 0.6114373737373737, "val_recall": 0.6486, "lr": 0.0004}, {"epoch": 7, "loss": 62.83141093770893, "eval_loss": 54.468423256507286, "train_recall": 0.6126060606060606, "val_recall": 0.6492, "lr": 4e-05}], "train_total": {"correct": 606480, "final_recall": 0.6126060606060606}, "training_time": 3161.428864479065, "eval_time": 0.009598970413208008}}, {"ins_id": 1, "dataset_partition": {"bulid_graph_time": 2110.6179814338684, "save_graph_time": 29.80000948905945, "graph_partition_time": 61.14732241630554, "total_time": 2201.753244161606, "cluster_number_distribution": [4023, 4021, 4023, 4018, 4021, 4024, 3981, 3999, 4023, 4022, 4005, 3798, 2001, 4022, 4019, 4021, 3970, 4021, 3043, 4023, 4023, 4005, 4020, 4016, 4021, 4021, 4018, 4013, 3985, 3769, 4009, 4021, 4020, 4023, 3863, 3974, 4015, 3952, 4023, 4022, 3941, 4023, 4018, 4024, 2156, 4024, 4022, 4022, 4014, 3821, 4010, 4004, 3863, 3963, 4023, 3947, 4021, 3603, 4017, 3855, 4021, 3877, 3978, 4022, 4022, 4014, 4020, 4014, 4009, 4002, 4019, 3980, 4023, 4003, 4022, 984, 4011, 4002, 4022, 4008, 4014, 3335, 4018, 4011, 4023, 4024, 4012, 3999, 3913, 3995, 3834, 4023, 4011, 4018, 4007, 4013, 4024, 4023, 4021, 4008, 4024, 4023, 2633, 4024, 4024, 2702, 4023, 4020, 4022, 4001, 3991, 3958, 4010, 4023, 4018, 4018, 4018, 4022, 4023, 3746, 4015, 4021, 4011, 3980, 4005, 3977, 4019, 4008, 3970, 4023, 3993, 2469, 3847, 2130, 4018, 4023, 3580, 3998, 4010, 4018, 4024, 3857, 3977, 4009, 4020, 4023, 4022, 2044, 4023, 4013, 4020, 3983, 3945, 2705, 4019, 4009, 3994, 3992, 4023, 4023, 3882, 3913, 4005, 4021, 4017, 3961, 4014, 4020, 3921, 3657, 3861, 4024, 4022, 3999, 4022, 3971, 4021, 4015, 3890, 4021, 3878, 3780, 4022, 4018, 3735, 4022, 4012, 3879, 4023, 3943, 4020, 3950, 4023, 3989, 4021, 4021, 3975, 3891, 4023, 4022, 4023, 3508, 4022, 3801, 4022, 4016, 2419, 3988, 4022, 4022, 4023, 4022, 4016, 4022, 4012, 4015, 4022, 3953, 3977, 4021, 4023, 4022, 3793, 4023, 3968, 3921, 3940, 4020, 4006, 4013, 3909, 4022, 4018, 3942, 4023, 4021, 4010, 4014, 3948, 3807, 4015, 3770, 4019, 3767, 3778, 4020, 3991, 3974, 4023, 4016, 4018, 4020, 3983, 3895, 4016, 4018]}, "prepare_train_sample": {"time": 0.5947527885437012}, "train_eval_model": {"train_config": {"model_name": "res_net", "lr": 0.004, "n_epochs": 8, "milestones": [3, 7]}, "train_intermediate": [{"epoch": 0, "loss": 68.11414216799862, "eval_loss": 57.60864359293229, "train_recall": 0.5485575757575758, "val_recall": 0.6189, "lr": 0.004}, {"epoch": 1, "loss": 66.69051690457205, "eval_loss": 57.45070853600135, "train_recall": 0.5669828282828283, "val_recall": 0.622, "lr": 0.004}, {"epoch": 2, "loss": 66.49185594230168, "eval_loss": 57.46638966829349, "train_recall": 0.5702101010101011, "val_recall": 0.6188, "lr": 0.004}, {"epoch": 3, "loss": 66.03547187220956, "eval_loss": 56.94423193809314, "train_recall": 0.5783969696969697, "val_recall": 0.6316, "lr": 0.0004}, {"epoch": 4, "loss": 65.97877638595162, "eval_loss": 56.954943253443794, "train_recall": 0.5795585858585859, "val_recall": 0.6293, "lr": 0.0004}, {"epoch": 5, "loss": 65.9607559918286, "eval_loss": 56.953021550789856, "train_recall": 0.5804919191919192, "val_recall": 0.6302, "lr": 0.0004}, {"epoch": 6, "loss": 65.95536061136586, "eval_loss": 56.97267317160582, "train_recall": 0.5803343434343434, "val_recall": 0.628, "lr": 0.0004}, {"epoch": 7, "loss": 65.90624564917113, "eval_loss": 56.90551952215341, "train_recall": 0.580830303030303, "val_recall": 0.6295, "lr": 4e-05}], "train_total": {"correct": 575022, "final_recall": 0.580830303030303}, "training_time": 3287.2538731098175, "eval_time": 0.04408740997314453}}, {"ins_id": 2, "dataset_partition": {"bulid_graph_time": 2149.8707344532013, "save_graph_time": 30.32670259475708, "graph_partition_time": 68.77389979362488, "total_time": 2249.1614558696747,