{"total_time_consume": 4159.593337059021, "preprocess": {"total_time": 0.04464888572692871}, "classifier": [{"ins_id": 0, "dataset_partition": {"bulid_graph_time": 1002.2468724250793, "save_graph_time": 26.035304307937622, "graph_partition_time": 65.81268858909607, "total_time": 1094.2527582645416, "cluster_number_distribution": [4020, 4043, 4042, 4003, 4042, 4041, 2916, 4043, 4042, 4031, 4038, 4035, 4030, 4041, 3999, 4026, 3997, 4028, 4027, 3926, 4031, 3987, 4018, 4042, 4040, 4036, 4040, 4042, 4028, 3968, 3982, 4035, 4042, 3979, 4042, 4005, 3999, 1020, 4030, 2439, 4034, 4030, 4031, 4042, 4040, 3947, 4042, 4041, 4024, 3920, 4036, 3994, 2191, 4015, 4042, 4041, 4042, 4012, 4041, 4039, 3977, 3299, 3982, 4042, 4032, 3978, 4016, 4042, 4041, 4030, 4041, 4034, 4040, 4040, 4007, 4032, 4038, 4040, 4036, 4013, 3973, 4031, 3892, 4042, 4042, 4040, 3663, 4017, 4041, 4034, 2498, 4041, 4039, 4042, 3374, 3971, 4027, 4032, 4042, 4042, 4005, 3975, 4026, 4018, 4008, 4042, 4033, 3935, 4005, 4042, 4032, 3860, 4033, 4040, 3724, 4042, 3396, 4027, 4042, 4042, 4039, 3968, 4023, 3989, 3934, 3386, 3947, 4025, 3981, 3857, 3956, 4028, 4033, 3791, 4030, 3927, 3987, 3965, 3979, 3976, 4037, 4038, 2228, 3921, 4021, 3945, 4039, 4018, 3976, 4021, 4027, 4042, 4025, 4040, 3958, 4042, 4042, 2882, 4042, 4042, 4042, 4033, 4037, 4038, 4042, 4028, 3985, 4038, 4042, 4042, 3946, 3984, 3976, 3974, 3981, 2806, 3947, 3929, 3979, 3984, 3805, 3963, 3984, 3980, 3789, 3984, 3959, 3972, 3951, 3963, 3758, 3969, 3984, 3984, 1638, 3984, 3782, 3982, 3983, 3979, 3972, 3982, 3960, 3937, 3975, 3971, 3972, 3980, 3981, 3985, 3233, 3973, 3968, 3984, 3984, 3951, 3984, 3971, 3978, 3984, 3956, 3933, 3974, 3984, 3964, 3979, 3984, 3979, 3947, 3779, 3983, 3361, 3976, 3983, 3985, 3984, 3976, 3984, 3982, 3984, 3984, 3967, 3984, 3984, 3973, 3974, 3978, 3963, 3973, 3984, 3935, 3984, 3722, 3975, 3976, 1060]}, "prepare_train_sample": {"time": 0.5008375644683838}, "train_eval_model": {"train_intermediate": [{"epoch": 0, "loss": 58.64296926001554, "eval_loss": 52.87785896888146, "train_recall": 0.6187414141414141, "val_recall": 0.6931, "lr": 0.008}, {"epoch": 1, "loss": 55.85718711075957, "eval_loss": 52.1787756284078, "train_recall": 0.6546464646464647, "val_recall": 0.7056, "lr": 0.008}, {"epoch": 2, "loss": 55.30611656103391, "eval_loss": 52.01463564848289, "train_recall": 0.6630323232323232, "val_recall": 0.7087, "lr": 0.008}, {"epoch": 3, "loss": 53.69659146625393, "eval_loss": 50.81373590078109, "train_recall": 0.6898222222222222, "val_recall": 0.7345, "lr": 0.0008}, {"epoch": 4, "loss": 53.47691798756541, "eval_loss": 50.74270275311592, "train_recall": 0.693590909090909, "val_recall": 0.7345, "lr": 0.0008}, {"epoch": 5, "loss": 53.39063000878617, "eval_loss": 50.710844235542496, "train_recall": 0.6952080808080808, "val_recall": 0.7334, "lr": 0.0008}, {"epoch": 6, "loss": 53.35108756088088, "eval_loss": 50.6688626851791, "train_recall": 0.6956565656565656, "val_recall": 0.737, "lr": 0.0008}, {"epoch": 7, "loss": 53.206506421910724, "eval_loss": 50.61835828194251, "train_recall": 0.6984222222222223, "val_recall": 0.7393, "lr": 8e-05}, {"epoch": 8, "loss": 53.18624256446119, "eval_loss": 50.56185922867213, "train_recall": 0.6989787878787879, "val_recall": 0.7372, "lr": 8e-05}, {"epoch": 9, "loss": 53.18392761992003, "eval_loss": 50.613264475113304, "train_recall": 0.6987333333333333, "val_recall": 0.738, "lr": 8e-05}, {"epoch": 10, "loss": 53.1765299339996, "eval_loss": 50.523469558128944, "train_recall": 0.6989090909090909, "val_recall": 0.7399, "lr": 8e-05}, {"epoch": 11, "loss": 53.16481483482407, "eval_loss": 50.60538886143611, "train_recall": 0.6989070707070707, "val_recall": 0.7363, "lr": 8e-05}], "train_total": {"correct": 691918, "final_recall": 0.6989070707070707}, "training_time": 2798.5861880779266, "eval_time": 0.005402565002441406}}], "integrate": {"time": 128.57369089126587}, "count_recall": {"time": 128.46537518501282}}