{"total_time_consume": 3580.8580322265625, "preprocess": {"total_time": 0.0685417652130127}, "classifier": [{"ins_id": 0, "dataset_partition": {"bulid_graph_time": 68.46645951271057, "save_graph_time": 40.12399673461914, "graph_partition_time": 152.21239042282104, "total_time": 260.99013447761536, "cluster_number_distribution": [4023, 2488, 4024, 4024, 4023, 4024, 3968, 3858, 4022, 3924, 4023, 3740, 3959, 4023, 3849, 3760, 4024, 4014, 4012, 4017, 3482, 3928, 4021, 3842, 4022, 4023, 3892, 3921, 3931, 3964, 3755, 4024, 3992, 4007, 4023, 4023, 4023, 3978, 4006, 3970, 4024, 4021, 4024, 3867, 4024, 3921, 3959, 4024, 3814, 4023, 3979, 4004, 4022, 4023, 4023, 4022, 4024, 4024, 4023, 4023, 3948, 3964, 3960, 4023, 3974, 4024, 4021, 3928, 4024, 4024, 4019, 4022, 4002, 3957, 4022, 3232, 4022, 3930, 3975, 4024, 4021, 4022, 3198, 4022, 4017, 4024, 4024, 3960, 4019, 3578, 3969, 3387, 4024, 4024, 3982, 3918, 4023, 4021, 3945, 4023, 4017, 4023, 4011, 4016, 4024, 4015, 4023, 3947, 4003, 4023, 4024, 3935, 4024, 3971, 3811, 4023, 4014, 3493, 4024, 4013, 4024, 3979, 4023, 4018, 3914, 3905, 4023, 4024, 4024, 3969, 4023, 3939, 4023, 3893, 4023, 3985, 4009, 3983, 2740, 3977, 3934, 3738, 3872, 3902, 4024, 2747, 4023, 3294, 3920, 4023, 4024, 3804, 3821, 3949, 3766, 4023, 3942, 3940, 3358, 4021, 3065, 4001, 4023, 4024, 4024, 4023, 3874, 4023, 4024, 4023, 3847, 4020, 4024, 4021, 3954, 3900, 3836, 4023, 4024, 3770, 4022, 3944, 4015, 3996, 4024, 4023, 4024, 3946, 3988, 4022, 4023, 3920, 4023, 3852, 4024, 3865, 4024, 4023, 3408, 3612, 4019, 4019, 3977, 3739, 4024, 3988, 3886, 3931, 3937, 3973, 4023, 4017, 4024, 3953, 4018, 4022, 4009, 3931, 3995, 3935, 3982, 4000, 3967, 3550, 4018, 3921, 2529, 4020, 4023, 3964, 4022, 4024, 4023, 3899, 3937, 4024, 2051, 4024, 3712, 2980, 4023, 4016, 3827, 3372, 3059, 3987, 3954, 3918, 3894, 3867, 4024, 3729, 3957, 3956, 4024, 3155]}, "prepare_train_sample": {"time": 0.7028837203979492}, "train_eval_model": {"train_intermediate": [{"epoch": 0, "loss": 126.18825599686933, "eval_loss": 118.86606749510153, "train_recall": 0.15556161616161615, "val_recall": 0.1753, "lr": 0.004}, {"epoch": 1, "loss": 125.01327696770423, "eval_loss": 117.40393807337834, "train_recall": 0.1648161616161616, "val_recall": 0.1909, "lr": 0.004}, {"epoch": 2, "loss": 118.0100246397014, "eval_loss": 110.63531171358548, "train_recall": 0.2214050505050505, "val_recall": 0.2532, "lr": 0.00084}, {"epoch": 3, "loss": 117.70749661865194, "eval_loss": 110.30962606576773, "train_recall": 0.22526060606060605, "val_recall": 0.2579, "lr": 0.00084}, {"epoch": 4, "loss": 117.59245920050263, "eval_loss": 110.60461777907152, "train_recall": 0.22542929292929292, "val_recall": 0.2625, "lr": 0.00084}, {"epoch": 5, "loss": 117.49419231262513, "eval_loss": 109.87578731928116, "train_recall": 0.2269878787878788, "val_recall": 0.2629, "lr": 0.00084}, {"epoch": 6, "loss": 114.94915403787854, "eval_loss": 105.6812379299066, "train_recall": 0.24925555555555556, "val_recall": 0.2969, "lr": 0.0001764}, {"epoch": 7, "loss": 113.46476934755859, "eval_loss": 103.47106476319142, "train_recall": 0.26055555555555554, "val_recall": 0.3088, "lr": 0.0001764}, {"epoch": 8, "loss": 112.54009766064954, "eval_loss": 103.04292006370349, "train_recall": 0.2687323232323232, "val_recall": 0.3213, "lr": 0.0001764}, {"epoch": 9, "loss": 111.82778388737098, "eval_loss": 102.17478632315611, "train_recall": 0.27674242424242423, "val_recall": 0.3229, "lr": 0.0001764}, {"epoch": 10, "loss": 111.18537275133873, "eval_loss": 101.48896114642804, "train_recall": 0.2833727272727273, "val_recall": 0.3354, "lr": 0.0001764}, {"epoch": 11, "loss": 110.68525884408628, "eval_loss": 101.27340536851149, "train_recall": 0.2891040404040404, "val_recall": 0.339, "lr": 0.0001764}], "train_total": {"correct": 286213, "final_recall": 0.2891040404040404}, "training_time": 3054.5767142772675, "eval_time": 0.005850315093994141}}], "integrate": {"time": 127.489328622818}, "count_recall": {"time": 126.71405935287476}}