{"total_time_consume": 36417.01439547539, "preprocess": {"total_time": 0.096466064453125}, "classifier": [{"ins_id": 0, "dataset_partition": {"bulid_graph_time": 73.85312294960022, "save_graph_time": 46.88897252082825, "graph_partition_time": 72.82833313941956, "total_time": 193.76381301879883, "cluster_number_distribution": [4021, 4019, 4023, 4024, 3846, 4020, 3789, 4024, 3847, 3964, 3897, 4022, 4023, 4023, 4024, 3829, 4022, 3994, 4024, 4013, 3891, 3890, 4020, 3958, 4020, 4024, 4023, 3763, 3940, 3829, 3990, 4024, 4023, 4023, 4021, 3928, 3992, 3988, 3935, 4024, 3852, 3734, 4022, 4017, 3804, 4024, 4024, 4021, 3943, 3880, 3827, 3944, 4023, 3938, 4023, 4023, 3995, 3949, 3997, 4015, 4023, 4024, 4009, 4017, 4003, 3817, 4020, 4020, 4021, 4002, 4001, 4024, 4016, 4016, 4024, 4022, 3866, 3189, 3989, 4018, 4005, 3969, 4000, 3986, 3964, 4017, 3911, 4019, 0, 4022, 4022, 4023, 4024, 3842, 3466, 3796, 4022, 4024, 3888, 3982, 2447, 3961, 3903, 3877, 4024, 3400, 4006, 4024, 3901, 3988, 4021, 4015, 3959, 3962, 4024, 3874, 3950, 3930, 3960, 4022, 4023, 4024, 3869, 4004, 3848, 3924, 4024, 4023, 4008, 3930, 4022, 4024, 4024, 3759, 3863, 3889, 4021, 3957, 3966, 4023, 4023, 3967, 3984, 3942, 3978, 4024, 4024, 4024, 4000, 3990, 4021, 4006, 3967, 4006, 4024, 3874, 3922, 4022, 3203, 4024, 0, 3948, 4024, 4024, 4024, 4024, 4024, 4024, 4017, 4023, 3959, 4021, 3876, 4024, 3744, 4024, 3882, 3791, 3940, 3933, 3105, 4017, 4019, 4013, 4024, 4023, 3898, 4021, 4017, 3780, 4023, 4024, 4024, 4024, 4019, 4024, 4023, 4024, 4011, 4007, 3950, 4020, 3957, 3889, 4023, 3914, 3948, 3890, 4004, 4006, 3960, 3916, 4016, 3987, 4024, 0, 3963, 3887, 3827, 4023, 3886, 3908, 3859, 3897, 3813, 3979, 4024, 3939, 4024, 4024, 3913, 4022, 4010, 3995, 4009, 3928, 3989, 3984, 3996, 3992, 4018, 4024, 4024, 4020, 4024, 3886, 4024, 3872, 4019, 4023, 4020, 4017, 4024, 3854, 3993, 3907]}, "prepare_train_sample": {"time": 0.7357046604156494}, "train_eval_model": {"train_config": {"model_name": "one_block_8192_dim", "lr": 0.001, "n_epochs": 12, "milestones": [3, 7]}, "train_intermediate": [{"epoch": 0, "loss": 63.285036889938844, "eval_loss": 50.19156938944108, "train_recall": 0.635310101010101, "val_recall": 0.7304, "lr": 0.001}, {"epoch": 1, "loss": 59.20003031676305, "eval_loss": 49.45980170445564, "train_recall": 0.6936555555555556, "val_recall": 0.752, "lr": 0.001}, {"epoch": 2, "loss": 58.56399341335038, "eval_loss": 49.23427770076654, "train_recall": 0.7095585858585859, "val_recall": 0.7566, "lr": 0.001}, {"epoch": 3, "loss": 57.6596697887368, "eval_loss": 48.64579549202552, "train_recall": 0.7355363636363637, "val_recall": 0.7686, "lr": 0.0001}, {"epoch": 4, "loss": 57.50549896200283, "eval_loss": 48.57987163005731, "train_recall": 0.7407373737373737, "val_recall": 0.7744, "lr": 0.0001}, {"epoch": 5, "loss": 57.43338952281994, "eval_loss": 48.47418613922902, "train_recall": 0.7426070707070707, "val_recall": 0.7777, "lr": 0.0001}, {"epoch": 6, "loss": 57.38725883589189, "eval_loss": 48.45063936404693, "train_recall": 0.7444323232323232, "val_recall": 0.7771, "lr": 0.0001}, {"epoch": 7, "loss": 57.28489525341188, "eval_loss": 48.456617771050865, "train_recall": 0.7476878787878788, "val_recall": 0.7792, "lr": 1e-05}, {"epoch": 8, "loss": 57.277446687269695, "eval_loss": 48.446233297005676, "train_recall": 0.747669696969697, "val_recall": 0.7768, "lr": 1e-05}, {"epoch": 9, "loss": 57.26298862100553, "eval_loss": 48.43132436581147, "train_recall": 0.747989898989899, "val_recall": 0.7788, "lr": 1e-05}, {"epoch": 10, "loss": 57.26265783248592, "eval_loss": 48.45975929040175, "train_recall": 0.7479616161616162, "val_recall": 0.7793, "lr": 1e-05}, {"epoch": 11, "loss": 57.25574412569223, "eval_loss": 48.432189525702064, "train_recall": 0.747890909090909, "val_recall": 0.7817, "lr": 1e-05}], "train_total": {"correct": 740412, "final_recall": 0.747890909090909}, "training_time": 8831.513346910477, "eval_time": 0.1742076873779297}}, {"ins_id": 1, "dataset_partition": {"bulid_graph_time": 65.87128281593323, "save_graph_time": 44.76396822929382, "graph_partition_time": 43.228781938552856, "total_time": 154.05753588676453, "cluster_number_distribution": [4024, 4024, 3925, 4022, 3966, 4016, 3947, 3838, 4023, 4013, 4023, 3947, 3865, 3877, 4024, 4005, 4022, 4017, 3981, 4024, 3925, 3741, 4011, 3992, 4019, 4007, 4024, 3776, 4024, 3995, 4023, 3742, 3797, 4024, 3941, 4009, 3891, 0, 3836, 4024, 3991, 3932, 3944, 4023, 3969, 3944, 4024, 3765, 4022, 4022, 3982, 3866, 3981, 4007, 4024, 3996, 3930, 4024, 4022, 3941, 3971, 4012, 3977, 4022, 4024, 3956, 4013, 3936, 4002, 3976, 4005, 3980, 3967, 3871, 4018, 3966, 3983, 4024, 4021, 3992, 3979, 4008, 3865, 4024, 3952, 3912, 4008, 3987, 3957, 4023, 4020, 3951, 3945, 4012, 3973, 3993, 3954, 3947, 3944, 3807, 4024, 3945, 3994, 4024, 4005, 4024, 4024, 3996, 4021, 4024, 3919, 4022, 4024, 3961, 3993, 4021, 4024, 3984, 4022, 4022, 4024, 3795, 4023, 4007, 4024, 2482, 3910, 3959, 3930, 3965, 3937, 4016, 3828, 3979, 4024, 4024, 4021, 4023, 3911, 3423, 4013, 3979, 3989, 4024, 4011, 3990, 4002, 3952, 2840, 4018, 3948, 4024, 3770, 3933, 4013, 4024, 4004, 3897, 4016, 4023, 4020, 4009, 3915, 4024, 4023, 3983, 4021, 4024, 4024, 3949, 4018, 3968, 4014, 4017, 4013, 4021, 3887, 3995, 3873, 3778, 0, 4020, 4003, 3989, 3974, 4023, 4002, 3837, 3956, 0, 3985, 4002, 3788, 4022, 3973, 4024, 4023, 4022, 4024, 2036, 4010, 4024, 4021, 3838, 4021, 3917, 4021, 3969, 4005, 4015, 3110, 3993, 3943, 3887, 4023, 3985, 4023, 4007, 3986, 3866, 4024, 3997, 3934, 3903, 4024, 3915, 4023, 4023, 4024, 4022, 4003, 4023, 4020, 3744, 4023, 3979, 4024, 4017, 3784, 3848, 4022, 4013, 4018, 4015, 3988, 3908, 4019, 4022, 3979, 3989, 3993, 4024, 4024, 4024, 4024, 4023]}, "prepare_train_sample": {"time": 0.8061518669128418}, "train_eval_model": {"train_config": {"model_name": "one_block_8192_dim", "lr": 0.001, "n_epochs": 12, "milestones": [3, 7]}, "train_intermediate": [{"epoch": 0, "loss": 69.67276311225126, "eval_loss": 58.49034182230631, "train_recall": 0.5599191919191919, "val_recall": 0.6444, "lr": 0.001}, {"epoch": 1, "loss": 65.71762404753333, "eval_loss": 57.73542730624859, "train_recall": 0.6125626262626263, "val_recall": 0.6646, "lr": 0.001}, {"epoch": 2, "loss": 65.07717445776251, "eval_loss": 57.47902069336329, "train_recall": 0.6274121212121212, "val_recall": 0.6672, "lr": 0.001}, {"epoch": 3, "loss": 64.12711357163309, "eval_loss": 56.818552640768196, "train_recall": 0.6514505050505051, "val_recall": 0.6881, "lr": 0.0001}, {"epoch": 4, "loss": 63.978811864473435, "eval_loss": 56.72831952266204, "train_recall": 0.655779797979798, "val_recall": 0.6906, "lr": 0.0001}, {"epoch": 5, "loss": 63.912819469360784, "eval_loss": 56.727826411907486, "train_recall": 0.6573424242424243, "val_recall": 0.6881, "lr": 0.0001}, {"epoch": 6, "loss": 63.845707002952906, "eval_loss": 56.61514527981098, "train_recall": 0.659779797979798, "val_recall": 0.6922, "lr": 0.0001}, {"epoch": 7, "loss": 63.75442529149303, "eval_loss": 56.57398748397827, "train_recall": 0.6621949494949495, "val_recall": 0.6924, "lr": 1e-05}, {"epoch": 8, "loss": 63.73570494462675, "eval_loss": 56.60587439170251, "train_recall": 0.6629989898989899, "val_recall": 0.6934, "lr": 1e-05}, {"epoch": 9, "loss": 63.72835039202358, "eval_loss": 56.54864449378772, "train_recall": 0.6633010101010101, "val_recall": 0.695, "lr": 1e-05}, {"epoch": 10, "loss": 63.716509749887294, "eval_loss": 56.56939433171199, "train_recall": 0.6629979797979798, "val_recall": 0.6908, "lr": 1e-05}, {"epoch": 11, "loss": 63.71231633605671, "eval_loss": 56.59680453324929, "train_recall": 0.6630131313131313, "val_recall": 0.689, "lr": 1e-05}], "train_total": {"correct": 656383, "final_recall": 0.6630131313131313}, "training_time": 8949.056432962418, "eval_time": 0.16443300247192383}}, {"ins_id": 2, "dataset_partition": {"bulid_graph_time": 79.970370054245, "save_graph_time": 48.15744137763977, "graph_partition_time": 41.39228963851929, "total_time": 169.70617699623108,