{"total_time_consume": 429.51623344421387, "preprocess": {"total_time": 0.2254810333251953}, "classifier": [{"ins_id": 1, "dataset_partition": {"time": 5.14450740814209, "cluster_number_distribution": [722258, 274668, 1018, 0, 0, 0, 0, 0, 0, 0, 0, 0, 0, 0, 0, 2056]}, "predict": {"time": 0.009448766708374023}}, {"ins_id": 2, "dataset_partition": {"time": 1.9446907043457031, "cluster_number_distribution": [963431, 30897, 134, 0, 0, 0, 0, 0, 0, 0, 0, 0, 0, 0, 2, 5536]}, "predict": {"time": 0.004083395004272461}}, {"ins_id": 3, "dataset_partition": {"time": 1.6614258289337158, "cluster_number_distribution": [653644, 8998, 157, 0, 0, 0, 0, 0, 0, 0, 0, 0, 0, 0, 0, 337201]}, "predict": {"time": 0.00038695335388183594}}, {"ins_id": 4, "dataset_partition": {"time": 1.7181403636932373, "cluster_number_distribution": [956021, 6838, 5, 0, 0, 0, 0, 0, 0, 0, 0, 0, 0, 0, 2, 37134]}, "predict": {"time": 0.0008544921875}}], "integrate": {"time": 384.18833780288696}, "count_recall": {"time": 25.598569631576538}}