{"total_time_consume": 16076.252560377121, "preprocess": {"total_time": 0.2005925178527832}, "classifier": [{"ins_id": 0, "dataset_partition": {"bulid_graph_time": 1025.0389268398285, "save_graph_time": 27.88978147506714, "graph_partition_time": 131.72216987609863, "total_time": 1184.81361079216, "cluster_number_distribution": [4018, 4017, 3943, 4016, 4017, 4018, 4018, 3999, 4018, 4018, 3999, 4018, 4018, 4006, 4018, 4018, 4018, 4018, 4018, 4018, 4018, 4013, 4017, 4017, 4011, 4018, 4017, 4018, 4006, 3935, 4018, 3961, 4018, 4018, 4018, 3110, 3662, 4012, 4014, 4018, 4016, 4018, 4016, 4014, 4018, 4018, 4018, 3993, 4003, 3982, 4002, 3139, 2662, 3786, 4018, 4015, 3854, 3991, 4018, 4018, 4018, 4018, 3975, 3822, 4014, 4017, 3979, 4018, 3393, 3999, 4012, 3978, 4018, 3668, 4017, 4012, 4010, 3818, 2296, 4007, 3972, 4015, 4017, 3264, 4002, 3123, 4016, 3532, 3357, 4017, 3451, 4005, 3885, 3937, 3296, 3929, 4018, 3650, 3972, 3993, 3992, 3885, 3928, 4017, 4017, 4017, 3954, 4002, 4002, 3996, 4018, 4016, 4014, 3958, 4015, 4002, 4018, 3928, 4018, 3923, 4018, 4017, 2407, 4014, 4018, 4018, 3970, 3984, 3669, 4016, 4028, 4022, 2711, 4019, 4021, 4025, 4022, 3981, 4028, 4028, 3844, 4028, 4020, 4028, 2911, 4028, 4027, 4026, 3952, 4028, 3907, 4024, 4026, 2996, 4028, 4028, 4028, 4028, 4028, 4028, 3835, 4020, 4028, 4027, 4009, 3869, 4027, 4025, 4028, 4028, 4028, 4018, 4025, 4028, 4009, 4018, 4020, 4028, 4016, 4028, 4014, 4012, 4028, 4025, 4028, 4025, 4028, 4024, 4028, 4028, 4028, 4015, 4028, 4028, 4027, 4028, 4027, 4028, 4026, 4002, 4029, 4024, 4008, 4027, 3200, 4017, 4028, 3215, 4008, 4029, 4022, 4028, 3907, 4028, 4028, 2638, 4027, 3363, 4027, 4026, 4023, 4028, 4028, 3343, 3469, 4029, 4022, 4028, 3946, 4028, 4028, 3773, 4026, 4021, 4027, 3946, 2738, 4028, 3674, 3534, 4027, 4027, 3815, 3943, 4028, 4025, 4019, 4028, 4028, 3326, 4026, 4028, 3196, 3381, 4028, 4028]}, "prepare_train_sample": {"time": 0.5712156295776367}, "train_eval_model": {"train_config": {"model_name": "one_block_2048_dim", "lr": 0.004, "n_epochs": 12, "milestones": [3, 7]}, "train_intermediate": [{"epoch": 0, "loss": 90.56548410424219, "eval_loss": 85.5683114467523, "train_recall": 0.3463272727272727, "val_recall": 0.3898, "lr": 0.004}, {"epoch": 1, "loss": 87.74218819433236, "eval_loss": 85.22109462053348, "train_recall": 0.36997878787878785, "val_recall": 0.4009, "lr": 0.004}, {"epoch": 2, "loss": 87.22861577495252, "eval_loss": 85.1135751039554, "train_recall": 0.37552121212121214, "val_recall": 0.3927, "lr": 0.004}, {"epoch": 3, "loss": 85.9665970004984, "eval_loss": 84.22134211124518, "train_recall": 0.39194747474747477, "val_recall": 0.4025, "lr": 0.0004}, {"epoch": 4, "loss": 85.76660746833251, "eval_loss": 84.01107042263716, "train_recall": 0.39423535353535355, "val_recall": 0.4047, "lr": 0.0004}, {"epoch": 5, "loss": 85.67713830034614, "eval_loss": 83.86084294930482, "train_recall": 0.39545757575757573, "val_recall": 0.4079, "lr": 0.0004}, {"epoch": 6, "loss": 85.61329566538055, "eval_loss": 83.96594543946095, "train_recall": 0.3972505050505051, "val_recall": 0.4082, "lr": 0.0004}, {"epoch": 7, "loss": 85.47852173058716, "eval_loss": 83.8019648576394, "train_recall": 0.39872121212121214, "val_recall": 0.4127, "lr": 4e-05}, {"epoch": 8, "loss": 85.46944869046652, "eval_loss": 83.66867302625607, "train_recall": 0.3996323232323232, "val_recall": 0.414, "lr": 4e-05}, {"epoch": 9, "loss": 85.45875876852378, "eval_loss": 83.78331426473764, "train_recall": 0.3995131313131313, "val_recall": 0.4079, "lr": 4e-05}, {"epoch": 10, "loss": 85.44713536363714, "eval_loss": 83.76898061312161, "train_recall": 0.39986767676767676, "val_recall": 0.4099, "lr": 4e-05}, {"epoch": 11, "loss": 85.44373738453214, "eval_loss": 83.88190330603184, "train_recall": 0.399920202020202, "val_recall": 0.411, "lr": 4e-05}], "train_total": {"correct": 395921, "final_recall": 0.399920202020202}, "training_time": 2345.991219520569, "eval_time": 0.02448439598083496}}, {"ins_id": 1, "dataset_partition": {"bulid_graph_time": 1490.8214287757874, "save_graph_time": 28.12619113922119, "graph_partition_time": 124.34540677070618, "total_time": 1643.4514319896698, "cluster_number_distribution": [4013, 4016, 4014, 4020, 4014, 4013, 2235, 3981, 4013, 4013, 4019, 4013, 4019, 4018, 4013, 4012, 4018, 4016, 4018, 2965, 4020, 4014, 4012, 4013, 4014, 4014, 4015, 4013, 4014, 3977, 4018, 4021, 4014, 4013, 4016, 4015, 4014, 4013, 4013, 4018, 4018, 4016, 4002, 4015, 4014, 4016, 4016, 4015, 4014, 4016, 4014, 3669, 3833, 4015, 4012, 4013, 4014, 4014, 4016, 4015, 4015, 4013, 4015, 4001, 4013, 3879, 4014, 4014, 4013, 2862, 3598, 4015, 4017, 4015, 3614, 4013, 4014, 1764, 4013, 4014, 4012, 4015, 4014, 4013, 4015, 4013, 4013, 4017, 4017, 4011, 4013, 3022, 3866, 4003, 4014, 4013, 4013, 4014, 3487, 4014, 3555, 3655, 3712, 3686, 4013, 3243, 4014, 4016, 4013, 4015, 4018, 2540, 4014, 4015, 4013, 4015, 4014, 4013, 4015, 4013, 3624, 3586, 4013, 2749, 4016, 4015, 4013, 4011, 4019, 4018, 3504, 4029, 4033, 3196, 4008, 3981, 4034, 4033, 4027, 4033, 4033, 4021, 4032, 4033, 4031, 4020, 4028, 4031, 4028, 4033, 4033, 4032, 4005, 4033, 4033, 2381, 4029, 4033, 4033, 4033, 4033, 4033, 4022, 4033, 4033, 4033, 4032, 4033, 4028, 3925, 4033, 4027, 4033, 4032, 4014, 4033, 3792, 4033, 4028, 4034, 4034, 4032, 4028, 4033, 4033, 4033, 4031, 4033, 3994, 4032, 3863, 4033, 4033, 3677, 4034, 4033, 4024, 4033, 4033, 3383, 3167, 3843, 4020, 3705, 4033, 2413, 4032, 4033, 4033, 4003, 4033, 4033, 4029, 2729, 4033, 4033, 4030, 4032, 4015, 4031, 3587, 3673, 4034, 4031, 4031, 3751, 4033, 4004, 3170, 4033, 4005, 4030, 4033, 4032, 4001, 4013, 4020, 3405, 3981, 2831, 4033, 3522, 4033, 3987, 4022, 4025, 4033, 4033, 3992, 4027, 4033, 4014, 4032, 4032, 3489, 3577]}, "prepare_train_sample": {"time": 0.8487827777862549}, "train_eval_model": {"train_config": {"model_name": "one_block_2048_dim", "lr": 0.004, "n_epochs": 12, "milestones": [3, 7]}, "train_intermediate": [{"epoch": 0, "loss": 90.71741542698406, "eval_loss": 85.78959746238513, "train_recall": 0.34962727272727273, "val_recall": 0.3927, "lr": 0.004}, {"epoch": 1, "loss": 87.90109607296901, "eval_loss": 85.57976414607121, "train_recall": 0.3735191919191919, "val_recall": 0.3968, "lr": 0.004}, {"epoch": 2, "loss": 87.36677360047612, "eval_loss": 85.30907347263434, "train_recall": 0.37922323232323235, "val_recall": 0.3953, "lr": 0.004}, {"epoch": 3, "loss": 86.12006390615336, "eval_loss": 84.34663307972444, "train_recall": 0.3966636363636364, "val_recall": 0.4129, "lr": 0.0004}, {"epoch": 4, "loss": 85.90845145122472, "eval_loss": 84.09870538956079, "train_recall": 0.39924747474747474, "val_recall": 0.4149, "lr": 0.0004}, {"epoch": 5, "loss": 85.82053761189852, "eval_loss": 84.20381854130672, "train_recall": 0.40138989898989896, "val_recall": 0.4135, "lr": 0.0004}, {"epoch": 6, "loss": 85.7398716933079, "eval_loss": 84.14501911554581, "train_recall": 0.4022131313131313, "val_recall": 0.4169, "lr": 0.0004}, {"epoch": 7, "loss": 85.63234778893542, "eval_loss": 83.97996034377661, "train_recall": 0.40402727272727273, "val_recall": 0.4149, "lr": 4e-05}, {"epoch": 8, "loss": 85.6046461999372, "eval_loss": 84.14545095883884, "train_recall": 0.4046666666666667, "val_recall": 0.4176, "lr": 4e-05}, {"epoch": 9, "loss": 85.59565983175573, "eval_loss": 83.97158874609532, "train_recall": 0.40404444444444443, "val_recall": 0.4179, "lr": 4e-05}, {"epoch": 10, "loss": 85.5997097764954, "eval_loss": 84.1693730476575, "train_recall": 0.4051585858585859, "val_recall": 0.4155, "lr": 4e-05}, {"epoch": 11, "loss": 85.58562545056265, "eval_loss": 84.01576039729974, "train_recall": 0.4042929292929293, "val_recall": 0.4121, "lr": 4e-05}], "train_total": {"correct": 400250, "final_recall": 0.4042929292929293}, "training_time": 2310.9552161693573, "eval_time": 0.023067474365234375}}, {"ins_id": 2, "dataset_partition": {"bulid_graph_time": 1510.1772999763489, "save_graph_time": 29.832051753997803, "graph_partition_time": 127.21804237365723, "total_time": 1667.3838200569153,