{"total_time_consume": 15430.482556581497, "preprocess": {"kmeans_time": 5741.16885972023, "random_projection_time": 0.01794910430908203, "total_time": 5741.4580273628235}, "classifier": [{"ins_id": 0, "dataset_partition": {"count_label_time": 197.45314478874207, "total_time": 197.59882402420044, "cluster_number_distribution": [7618, 4576, 4730, 2926, 3200, 4096, 2320, 1517, 1858, 4718, 4246, 3077, 2820, 3967, 3660, 3156, 2547, 5391, 3267, 2751, 3477, 5184, 2958, 2916, 4585, 3553, 5122, 5608, 3560, 3985, 4744, 2484, 8955, 6653, 3324, 3087, 3407, 3056, 3645, 3464, 2192, 4393, 4261, 5993, 3318, 5692, 2467, 4904, 2746, 4425, 6286, 3543, 1416, 3537, 5736, 3700, 2671, 3404, 2633, 2163, 2631, 4364, 4244, 6903, 5861, 5632, 1357, 2866, 2529, 3436, 3888, 5458, 5070, 2704, 3148, 1184, 3221, 3940, 4578, 3226, 4774, 6647, 5168, 2411, 5668, 4053, 4888, 3060, 7684, 4439, 5187, 3216, 6221, 9624, 3555, 3359, 4434, 3139, 4140, 3712, 3195, 3679, 2884, 5053, 4570, 1822, 3490, 3844, 2610, 4864, 3655, 3103, 4273, 6012, 3642, 2622, 4065, 3013, 2162, 3672, 3388, 1643, 4937, 2432, 1782, 3725, 3278, 4313, 3214, 6804, 3307, 5372, 4391, 3930, 8256, 6878, 5256, 3828, 4885, 5879, 6453, 3597, 3106, 1238, 1367, 1756, 2971, 3028, 2573, 2674, 2964, 3251, 2023, 6135, 2734, 4278, 2671, 2071, 5220, 3697, 2918, 3305, 2886, 3181, 1558, 5844, 4869, 2724, 4856, 3958, 3763, 3500, 4916, 1750, 1553, 3591, 3837, 3534, 2052, 4714, 3666, 2669, 2872, 4674, 4308, 5422, 5440, 4403, 3032, 6756, 3918, 3333, 4653, 2276, 3185, 6380, 2631, 2925, 2570, 3916, 3633, 2945, 2643, 5756, 2895, 1285, 4116, 3575, 2093, 3819, 4935, 2802, 3584, 5026, 10866, 4748, 6685, 3339, 3303, 3145, 6393, 4034, 3062, 3797, 7141, 5413, 4707, 4054, 2623, 11063, 1423, 3757, 3008, 3532, 2571, 2303, 5391, 4863, 2168, 2853, 3848, 3783, 3763, 3441, 4600, 3601, 3297, 4279, 3088, 3430, 4260, 1008, 3568, 3946, 3589, 5970]}, "prepare_train_sample": {"time": 0.5562748908996582}, "train_eval_model": {"train_config": {"model_name": "one_block_2048_dim", "lr": 0.008, "n_epochs": 12, "milestones": [3, 7]}, "train_intermediate": [{"epoch": 0, "loss": 61.13092673806293, "eval_loss": 49.852032227393906, "train_recall": 0.6347383838383839, "val_recall": 0.7419, "lr": 0.008}, {"epoch": 1, "loss": 59.23108476781273, "eval_loss": 49.60255645482968, "train_recall": 0.6571565656565657, "val_recall": 0.7397, "lr": 0.008}, {"epoch": 2, "loss": 58.96398228427906, "eval_loss": 49.52244671797141, "train_recall": 0.6603939393939394, "val_recall": 0.7422, "lr": 0.008}, {"epoch": 3, "loss": 57.53163717506459, "eval_loss": 48.4834796954424, "train_recall": 0.688310101010101, "val_recall": 0.7607, "lr": 0.0008}, {"epoch": 4, "loss": 57.36660177707595, "eval_loss": 48.44188157106057, "train_recall": 0.6907333333333333, "val_recall": 0.7621, "lr": 0.0008}, {"epoch": 5, "loss": 57.30179980659923, "eval_loss": 48.37501274011074, "train_recall": 0.6915585858585859, "val_recall": 0.765, "lr": 0.0008}, {"epoch": 6, "loss": 57.2522784071964, "eval_loss": 48.40396208640857, "train_recall": 0.6919848484848485, "val_recall": 0.7563, "lr": 0.0008}, {"epoch": 7, "loss": 57.12936026531288, "eval_loss": 48.27904758697901, "train_recall": 0.694179797979798, "val_recall": 0.7675, "lr": 8e-05}, {"epoch": 8, "loss": 57.10855679953303, "eval_loss": 48.31733830769857, "train_recall": 0.6959585858585858, "val_recall": 0.768, "lr": 8e-05}, {"epoch": 9, "loss": 57.10353374323987, "eval_loss": 48.25641045203576, "train_recall": 0.6953181818181818, "val_recall": 0.7606, "lr": 8e-05}, {"epoch": 10, "loss": 57.09571468277932, "eval_loss": 48.38454730694111, "train_recall": 0.6950757575757576, "val_recall": 0.7651, "lr": 8e-05}, {"epoch": 11, "loss": 57.09337382204536, "eval_loss": 48.25949163925954, "train_recall": 0.6953959595959596, "val_recall": 0.7623, "lr": 8e-05}], "train_total": {"correct": 688442, "final_recall": 0.6953959595959596}, "training_time": 2070.0332357883453, "eval_time": 0.021279335021972656}}, {"ins_id": 1, "dataset_partition": {"count_label_time": 184.4004406929016, "total_time": 184.55685448646545, "cluster_number_distribution": [5327, 2343, 9501, 6666, 3018, 3038, 5385, 3038, 2343, 3983, 4202, 2198, 3520, 2679, 6390, 5464, 2816, 3120, 3016, 2160, 4714, 12124, 2993, 5640, 3817, 3924, 3812, 3101, 3862, 3036, 4524, 4612, 3291, 3169, 8648, 1162, 4222, 3711, 2796, 2247, 2493, 3006, 4808, 3202, 5833, 3549, 2918, 3810, 5149, 8585, 5056, 2374, 4880, 2634, 4743, 3991, 3657, 10461, 2101, 4545, 6721, 3739, 4791, 4521, 3422, 2507, 1415, 3021, 3861, 2244, 5603, 4047, 2942, 2286, 2412, 2286, 2933, 4561, 4646, 2026, 1536, 2016, 2359, 2116, 3024, 3816, 2403, 4963, 4857, 4520, 1455, 4503, 3018, 3145, 5932, 4001, 2136, 3266, 1820, 6140, 2426, 2829, 1406, 3059, 6760, 2959, 5358, 4361, 4312, 3938, 4035, 3556, 3584, 4343, 4484, 4093, 2976, 7136, 4243, 2339, 6431, 2033, 4367, 3111, 2411, 2763, 5856, 10490, 1642, 3289, 3730, 4811, 2388, 2316, 4896, 2341, 2706, 3018, 3755, 2962, 1141, 3070, 1386, 1220, 4199, 2592, 3828, 2271, 5333, 4556, 4798, 3543, 9932, 4997, 3058, 5697, 4761, 5015, 1619, 2865, 2464, 2029, 2235, 3581, 1760, 4126, 2649, 2948, 1829, 2180, 4167, 2673, 5962, 3089, 4428, 5657, 6413, 2591, 2465, 3243, 3951, 4729, 3530, 3500, 1741, 5437, 3819, 2250, 3552, 5467, 3144, 5339, 4402, 3794, 2450, 919, 5801, 3563, 4141, 3114, 1823, 4398, 2929, 7994, 2904, 1358, 6119, 3438, 2170, 5435, 7249, 4098, 2946, 5359, 2241, 4732, 8029, 4300, 3736, 8761, 1526, 3043, 5744, 3044, 2808, 5566, 2948, 1894, 1375, 2911, 7176, 6028, 4237, 4281, 4716, 6097, 2515, 5006, 2206, 6532, 4169, 2736, 1621, 4967, 2427, 5850, 4023, 2680, 4126, 6695, 1618, 3049, 4315, 3626, 4136, 13347]}, "prepare_train_sample": {"time": 0.5310606956481934}, "train_eval_model": {"train_config": {"model_name": "one_block_2048_dim", "lr": 0.008, "n_epochs": 12, "milestones": [3, 7]}, "train_intermediate": [{"epoch": 0, "loss": 60.51408501853885, "eval_loss": 50.003773224659454, "train_recall": 0.6330515151515151, "val_recall": 0.73, "lr": 0.008}, {"epoch": 1, "loss": 58.63521208206553, "eval_loss": 49.522736983421524, "train_recall": 0.6550272727272727, "val_recall": 0.7314, "lr": 0.008}, {"epoch": 2, "loss": 58.36144910701958, "eval_loss": 49.443943879543205, "train_recall": 0.6582575757575757, "val_recall": 0.7327, "lr": 0.008}, {"epoch": 3, "loss": 56.94415427051133, "eval_loss": 48.43927472065656, "train_recall": 0.6860868686868686, "val_recall": 0.7563, "lr": 0.0008}, {"epoch": 4, "loss": 56.77842598936771, "eval_loss": 48.45638648057595, "train_recall": 0.6884070707070707, "val_recall": 0.7554, "lr": 0.0008}, {"epoch": 5, "loss": 56.71776268823379, "eval_loss": 48.40400632222494, "train_recall": 0.6890010101010101, "val_recall": 0.7561, "lr": 0.0008}, {"epoch": 6, "loss": 56.66996439474988, "eval_loss": 48.299819603944435, "train_recall": 0.6893131313131313, "val_recall": 0.7657, "lr": 0.0008}, {"epoch": 7, "loss": 56.53606537323437, "eval_loss": 48.30833773735242, "train_recall": 0.6919474747474748, "val_recall": 0.7697, "lr": 8e-05}, {"epoch": 8, "loss": 56.52876360123485, "eval_loss": 48.31903276076684, "train_recall": 0.6924707070707071, "val_recall": 0.7662, "lr": 8e-05}, {"epoch": 9, "loss": 56.51593582920773, "eval_loss": 48.28099863345806, "train_recall": 0.6928757575757576, "val_recall": 0.7669, "lr": 8e-05}, {"epoch": 10, "loss": 56.52475621989515, "eval_loss": 48.300874697856415, "train_recall": 0.6928606060606061, "val_recall": 0.7651, "lr": 8e-05}, {"epoch": 11, "loss": 56.51427196829815, "eval_loss": 48.238993491881935, "train_recall": 0.6917262626262626, "val_recall": 0.762, "lr": 8e-05}], "train_total": {"correct": 684809, "final_recall": 0.6917262626262626}, "training_time": 2079.9998269081116, "eval_time": 0.0072536468505859375}}, {"ins_id": 2, "dataset_partition": {"count_label_time": 179.60866141319275, "total_time": 179.75843954086304,