{"total_time_consume": 36137.409083127975, "preprocess": {"total_time": 0.08338475227355957}, "classifier": [{"ins_id": 0, "dataset_partition": {"bulid_graph_time": 74.46271252632141, "save_graph_time": 44.58126258850098, "graph_partition_time": 73.97060036659241, "total_time": 193.2016477584839, "cluster_number_distribution": [4017, 4023, 4023, 3912, 4022, 3951, 4024, 3966, 0, 4009, 3987, 3851, 4024, 4024, 3989, 2674, 4024, 3972, 4024, 4024, 3906, 4024, 4024, 3742, 4023, 4024, 3702, 4023, 3923, 3978, 3876, 4018, 4023, 3889, 4024, 4022, 3865, 3959, 4024, 3940, 4020, 4021, 3832, 4024, 3995, 4024, 3857, 3953, 2105, 3991, 4020, 4022, 3966, 4024, 4023, 3955, 3764, 3984, 4016, 4021, 4024, 4024, 4019, 3910, 3707, 3895, 4024, 3840, 4011, 4024, 4009, 4024, 4019, 3890, 4024, 3854, 3850, 3986, 4024, 4024, 4022, 3999, 4024, 4023, 4020, 4024, 4023, 3950, 4017, 4024, 3945, 3960, 3180, 4024, 4024, 3819, 4014, 3979, 3990, 3805, 4024, 4024, 4023, 4024, 4018, 3981, 3955, 4024, 3895, 3734, 3901, 4024, 4024, 4024, 4015, 3898, 3957, 3832, 4002, 4006, 4022, 4024, 4024, 4020, 4014, 4024, 2937, 3720, 3935, 4002, 4023, 4021, 3735, 4024, 3823, 4024, 4022, 3861, 4024, 4024, 4024, 3943, 3970, 3968, 4024, 4023, 4023, 4024, 4023, 3732, 3898, 3823, 4023, 4022, 3840, 3851, 4024, 3979, 4023, 3879, 4023, 4014, 3881, 4005, 4023, 3976, 4022, 3931, 3993, 4021, 4023, 4023, 4024, 4023, 4024, 4024, 4024, 4023, 4023, 3829, 3920, 3982, 4023, 3944, 3740, 3903, 3870, 3998, 3889, 3919, 4023, 4024, 4020, 3877, 4023, 4021, 4023, 4024, 4022, 4024, 4024, 3962, 3925, 4024, 4024, 3952, 3898, 3719, 4024, 4023, 4017, 3741, 3937, 3758, 4000, 1620, 4018, 4024, 4022, 3936, 3998, 3745, 3326, 3741, 3996, 3969, 3965, 3871, 4024, 4024, 3882, 4024, 4024, 0, 4024, 4024, 4024, 3841, 4024, 4024, 3971, 3950, 4024, 4024, 4022, 4023, 4020, 3952, 4023, 4023, 3976, 3842, 4023, 3966, 3724, 4023]}, "prepare_train_sample": {"time": 0.626457691192627}, "train_eval_model": {"train_config": {"model_name": "one_block_8192_dim", "lr": 0.001, "n_epochs": 12, "milestones": [3, 7]}, "train_intermediate": [{"epoch": 0, "loss": 62.75540830619149, "eval_loss": 50.0489472364768, "train_recall": 0.6428454545454545, "val_recall": 0.7343, "lr": 0.001}, {"epoch": 1, "loss": 58.68897993262431, "eval_loss": 49.33488883727636, "train_recall": 0.7024080808080808, "val_recall": 0.7504, "lr": 0.001}, {"epoch": 2, "loss": 58.06402831480322, "eval_loss": 49.033100861769455, "train_recall": 0.7185303030303031, "val_recall": 0.7635, "lr": 0.001}, {"epoch": 3, "loss": 57.17427879442251, "eval_loss": 48.44389692942301, "train_recall": 0.7446181818181818, "val_recall": 0.7834, "lr": 0.0001}, {"epoch": 4, "loss": 57.023364520995415, "eval_loss": 48.389051272318916, "train_recall": 0.7496313131313131, "val_recall": 0.7852, "lr": 0.0001}, {"epoch": 5, "loss": 56.94959539626832, "eval_loss": 48.31486109586862, "train_recall": 0.7510393939393939, "val_recall": 0.7884, "lr": 0.0001}, {"epoch": 6, "loss": 56.90641616146562, "eval_loss": 48.312299489974976, "train_recall": 0.7526666666666667, "val_recall": 0.7896, "lr": 0.0001}, {"epoch": 7, "loss": 56.80742037060088, "eval_loss": 48.30072881013919, "train_recall": 0.7561555555555556, "val_recall": 0.7867, "lr": 1e-05}, {"epoch": 8, "loss": 56.7986118060052, "eval_loss": 48.26157816862449, "train_recall": 0.7564838383838384, "val_recall": 0.789, "lr": 1e-05}, {"epoch": 9, "loss": 56.78557395509655, "eval_loss": 48.26260921893976, "train_recall": 0.7564717171717171, "val_recall": 0.7879, "lr": 1e-05}, {"epoch": 10, "loss": 56.78694773575768, "eval_loss": 48.28515065022004, "train_recall": 0.7565636363636363, "val_recall": 0.7882, "lr": 1e-05}, {"epoch": 11, "loss": 56.78089305718498, "eval_loss": 48.27514863014221, "train_recall": 0.7571040404040404, "val_recall": 0.7907, "lr": 1e-05}], "train_total": {"correct": 749533, "final_recall": 0.7571040404040404}, "training_time": 8508.49533200264, "eval_time": 0.18275237083435059}}, {"ins_id": 1, "dataset_partition": {"bulid_graph_time": 80.94998860359192, "save_graph_time": 53.78763747215271, "graph_partition_time": 46.99755239486694, "total_time": 181.91752743721008, "cluster_number_distribution": [3894, 3992, 3999, 3976, 4010, 3917, 4014, 3895, 4013, 4021, 0, 4013, 3878, 4024, 4024, 4022, 4023, 3831, 3932, 4004, 3994, 4022, 3936, 3952, 3860, 4013, 4021, 3946, 3984, 3958, 3905, 4024, 3972, 4012, 4024, 3975, 4010, 3907, 3943, 3975, 4024, 3998, 4024, 4010, 3950, 3920, 3991, 4004, 3993, 4024, 4021, 4023, 3971, 3992, 3946, 4024, 1295, 837, 3932, 4022, 3887, 4024, 4023, 3979, 4017, 4018, 3961, 4024, 3895, 3911, 3875, 4016, 4019, 3991, 4023, 3994, 4021, 4012, 4016, 3921, 4023, 3993, 3980, 4023, 3987, 4022, 3975, 3969, 3904, 4007, 3899, 4021, 4002, 4022, 3963, 4023, 3976, 3946, 3996, 4024, 4020, 3976, 4008, 4014, 4023, 3804, 3898, 3920, 4023, 3991, 4021, 4016, 4023, 4024, 4024, 4024, 3957, 4023, 4021, 3992, 3905, 3973, 3904, 4022, 4021, 3953, 3974, 4020, 4024, 3968, 4023, 3938, 4022, 4009, 4023, 4023, 4020, 3895, 4024, 4023, 3978, 3793, 4008, 4005, 4024, 4011, 4023, 3977, 3872, 4023, 4011, 0, 3967, 4018, 4015, 4008, 4024, 4000, 4021, 3930, 3245, 4023, 3978, 3806, 4023, 3977, 4023, 3961, 3947, 3895, 3952, 3955, 4024, 3822, 4023, 4021, 3918, 3220, 4010, 3934, 3969, 4024, 3925, 4014, 4023, 4023, 3991, 3957, 4021, 3969, 3933, 4024, 3915, 4017, 3972, 4015, 3843, 3913, 4023, 3899, 3966, 4021, 3992, 3883, 4016, 4023, 4023, 3985, 3940, 4024, 3962, 4024, 3965, 4023, 3862, 3986, 3780, 4000, 3972, 4024, 3914, 3912, 4016, 4015, 3978, 3994, 4024, 4021, 3957, 3985, 0, 3998, 4024, 4024, 4016, 4024, 3939, 4024, 4023, 4022, 3997, 4023, 3994, 4024, 4022, 4015, 4021, 3854, 4024, 4021, 4006, 3997, 3918, 3970, 3934, 4000]}, "prepare_train_sample": {"time": 0.6810038089752197}, "train_eval_model": {"train_config": {"model_name": "one_block_8192_dim", "lr": 0.001, "n_epochs": 12, "milestones": [3, 7]}, "train_intermediate": [{"epoch": 0, "loss": 70.77243318405766, "eval_loss": 59.756285190582275, "train_recall": 0.5461161616161616, "val_recall": 0.6322, "lr": 0.001}, {"epoch": 1, "loss": 66.78789984150687, "eval_loss": 58.99855381403214, "train_recall": 0.5988353535353536, "val_recall": 0.6491, "lr": 0.001}, {"epoch": 2, "loss": 66.13773139275187, "eval_loss": 58.71479038091806, "train_recall": 0.6135545454545455, "val_recall": 0.6553, "lr": 0.001}, {"epoch": 3, "loss": 65.16434872264094, "eval_loss": 57.991943640586655, "train_recall": 0.6379303030303031, "val_recall": 0.6715, "lr": 0.0001}, {"epoch": 4, "loss": 65.01187029965968, "eval_loss": 57.88744719823202, "train_recall": 0.6428616161616162, "val_recall": 0.677, "lr": 0.0001}, {"epoch": 5, "loss": 64.94539604540898, "eval_loss": 57.88081802465977, "train_recall": 0.6441585858585859, "val_recall": 0.6738, "lr": 0.0001}, {"epoch": 6, "loss": 64.87245304721603, "eval_loss": 57.78739056831751, "train_recall": 0.6462484848484848, "val_recall": 0.6771, "lr": 0.0001}, {"epoch": 7, "loss": 64.7795472284878, "eval_loss": 57.76172208786011, "train_recall": 0.6487626262626263, "val_recall": 0.6792, "lr": 1e-05}, {"epoch": 8, "loss": 64.76055635143452, "eval_loss": 57.76638104365422, "train_recall": 0.6496252525252525, "val_recall": 0.6773, "lr": 1e-05}, {"epoch": 9, "loss": 64.75624544833138, "eval_loss": 57.72731868426005, "train_recall": 0.650219191919192, "val_recall": 0.677, "lr": 1e-05}, {"epoch": 10, "loss": 64.74383581247628, "eval_loss": 57.76117201951834, "train_recall": 0.6498383838383839, "val_recall": 0.6811, "lr": 1e-05}, {"epoch": 11, "loss": 64.74081258246365, "eval_loss": 57.7772818284157, "train_recall": 0.6497616161616162, "val_recall": 0.6782, "lr": 1e-05}], "train_total": {"correct": 643264, "final_recall": 0.6497616161616162}, "training_time": 8786.316101074219, "eval_time": 0.14218449592590332}}, {"ins_id": 2, "dataset_partition": {"bulid_graph_time": 85.90761113166809, "save_graph_time": 54.31797790527344, "graph_partition_time": 47.71899700164795, "total_time": 188.1376075744629,