{"total_time_consume": 6019.3787753582, "preprocess": {"kmeans_time": 5418.220559597015, "random_projection": 2.021841287612915, "total_time": 5420.328855752945}, "classifier": [{"ins_id": 1, "dataset_partition": {"time": 112.30401611328125, "cluster_number_distribution": [5185, 3218, 3882, 3884, 1744, 8222, 1759, 11231, 3583, 4795, 8033, 3525, 2002, 4831, 3645, 3211, 3002, 3240, 3461, 3567, 2896, 5580, 4021, 4044, 2757, 5295, 2863, 2763, 3502, 2545, 2474, 2873, 5409, 3922, 3384, 1657, 5621, 3310, 3751, 3537, 2641, 3353, 3576, 4180, 3053, 3621, 2421, 3421, 2407, 5795, 3330, 5439, 4193, 4417, 5012, 2982, 8404, 3957, 5485, 2788, 2216, 5084, 2888, 3349, 5603, 3141, 5290, 5207, 3617, 5318, 3473, 8553, 3018, 3109, 978, 2730, 2636, 3703, 3570, 1821, 3561, 1753, 1688, 7507, 4344, 2965, 3677, 5435, 2840, 4823, 2638, 3112, 3145, 6572, 4716, 4993, 7702, 4651, 4099, 2400, 788, 3887, 6297, 4674, 1152, 8866, 4014, 2422, 3162, 5359, 4761, 4169, 1034, 4915, 12101, 3813, 6434, 3413, 2551, 3276, 3883, 2380, 3261, 4121, 2560, 2941, 5601, 3098, 2624, 2401, 4538, 2817, 4412, 2294, 2995, 4847, 3885, 1933, 5804, 2900, 2304, 2894, 2683, 2266, 2024, 2970, 3717, 2997, 2631, 1959, 2179, 4012, 4984, 2979, 3185, 4173, 3471, 2607, 3065, 1247, 3580, 2797, 2953, 4427, 3781, 3000, 4956, 4454, 4812, 4953, 4356, 4640, 629, 1407, 8316, 3482, 3812, 2962, 2783, 4083, 6390, 2725, 2609, 2384, 3097, 3760, 3643, 3738, 9392, 4465, 3695, 5388, 3918, 4792, 5213, 2681, 4253, 5884, 3106, 14266, 2105, 7207, 2974, 4565, 5983, 3241, 6626, 2920, 6518, 4088, 3702, 3846, 4435, 2425, 2043, 2637, 5383, 2137, 3314, 2646, 4887, 8560, 3813, 2910, 5064, 3809, 2061, 6970, 5126, 2568, 3087, 3061, 1849, 2232, 1224, 1672, 3958, 4028, 4305, 5343, 5713, 3331, 6773, 2801, 3067, 6089, 3793, 4179, 2724, 2429, 3280, 1921, 5793, 1293, 7082, 1474]}, "predict": {"time": 1.3822755813598633}}, {"ins_id": 2, "dataset_partition": {"time": 108.33831834793091, "cluster_number_distribution": [3659, 5403, 8050, 4472, 4259, 9223, 4159, 3871, 4430, 4584, 4112, 7982, 5379, 4503, 3392, 5747, 8585, 5508, 7513, 4730, 3222, 3683, 2065, 2573, 5814, 5912, 3244, 1421, 2553, 1620, 1951, 2487, 8461, 4276, 3244, 3100, 6113, 2903, 2860, 4664, 4632, 6202, 1032, 3441, 2472, 2894, 12903, 10702, 2372, 4990, 3066, 2292, 4432, 5071, 4245, 3795, 1759, 3803, 1670, 3796, 5756, 3381, 2061, 5091, 3888, 3904, 2873, 2473, 5972, 3076, 3842, 1843, 4583, 3854, 2387, 1875, 4860, 4232, 3822, 7210, 3393, 2876, 5964, 2187, 2672, 4197, 4689, 2071, 3103, 3246, 3915, 4011, 3295, 3242, 1715, 6679, 4148, 3491, 2090, 2771, 2295, 2875, 3427, 3335, 11752, 1994, 3709, 5490, 5847, 4460, 3446, 3733, 3280, 2114, 2460, 2523, 4720, 4877, 3347, 3632, 2705, 5101, 3606, 4761, 2765, 2802, 3926, 4939, 3148, 2262, 2338, 3378, 8611, 3261, 2836, 2544, 4063, 4498, 3822, 3918, 1231, 2999, 1874, 7449, 1783, 6623, 1250, 4856, 3824, 2904, 4251, 4136, 3021, 3135, 1724, 4768, 3436, 3217, 3255, 1885, 2892, 2036, 3166, 1600, 2105, 3521, 1827, 3204, 3727, 4791, 6505, 3651, 4115, 3681, 8593, 3233, 4646, 2058, 4924, 3090, 3697, 3469, 2966, 2994, 6102, 6412, 5015, 3596, 4726, 4101, 2046, 3594, 4225, 4032, 2521, 1817, 3586, 2537, 2766, 3157, 3066, 5299, 3781, 3018, 2747, 4323, 2331, 5473, 1839, 3315, 2825, 3897, 2761, 3211, 6510, 2167, 4320, 2479, 1139, 3372, 5659, 2881, 3272, 5635, 6097, 3162, 2884, 2574, 6514, 2557, 3087, 8053, 3532, 4582, 1939, 4507, 1850, 2971, 5059, 2729, 1008, 4117, 3534, 3139, 2499, 4591, 11115, 1989, 2924, 3837, 8979, 4072, 3051, 3538, 6278, 4933]}, "predict": {"time": 1.3396618366241455}}, {"ins_id": 3, "dataset_partition": {"time": 109.89030504226685, "cluster_number_distribution": [2669, 4055, 3456, 7365, 3749, 3856, 7190, 3425, 2483, 5212, 6612, 4950, 4696, 5532, 4033, 2992, 4326, 6730, 2335, 5897, 3967, 1768, 4618, 854, 1783, 3425, 3559, 4547, 4362, 6823, 3898, 3050, 4950, 3699, 2138, 5401, 881, 7012, 4624, 5921, 2750, 715, 6726, 4879, 6103, 5772, 3424, 3045, 3244, 5314, 8136, 3701, 4786, 4316, 1724, 4707, 1724, 6613, 2154, 1490, 4801, 2207, 3395, 1933, 2576, 4526, 2285, 1930, 2396, 2825, 4420, 6678, 7840, 5154, 4259, 3497, 7100, 4279, 1750, 4380, 2561, 2641, 7755, 3730, 1370, 4896, 4633, 2971, 7005, 2584, 3621, 4540, 2802, 3961, 4677, 3335, 3868, 2496, 2635, 5605, 4540, 3886, 2216, 3078, 4395, 608, 2176, 2666, 4694, 1894, 5973, 5751, 1955, 6481, 2783, 3188, 6036, 2835, 3870, 5420, 2452, 4005, 6152, 7520, 5016, 2378, 2886, 6560, 4311, 995, 4003, 4290, 3332, 5652, 2171, 2834, 3988, 2749, 7044, 4786, 3451, 2744, 2438, 1645, 1639, 4599, 3867, 2123, 2923, 5638, 4213, 1862, 4230, 1728, 2507, 2559, 2808, 1685, 3855, 2065, 2068, 1663, 3331, 6697, 3746, 3405, 2691, 5940, 3365, 2219, 3798, 3331, 3829, 3310, 2380, 2659, 5398, 3677, 2446, 3281, 1519, 5047, 6002, 4398, 3127, 5400, 2151, 5739, 6186, 3259, 6974, 3305, 3424, 5099, 1757, 3031, 2491, 3141, 3369, 3624, 4440, 3412, 4766, 2238, 3318, 3838, 5418, 3325, 4861, 5980, 3939, 5241, 3929, 2657, 2989, 4225, 5266, 3257, 4897, 3228, 4995, 1476, 1630, 7043, 6045, 4331, 2371, 5430, 2208, 7405, 2161, 2227, 3945, 3168, 3881, 2514, 2509, 1835, 7825, 4551, 3913, 5349, 3437, 3968, 6332, 6218, 5918, 3431, 5081, 3846, 2418, 2374, 4925, 6612, 2582, 4314]}, "predict": {"time": 1.4871041774749756}}, {"ins_id": 4, "dataset_partition": {"time": 110.58871603012085, "cluster_number_distribution": [2125, 4475, 3051, 4963, 3359, 4461, 7981, 4074, 2796, 3105, 3104, 2141, 2576, 1929, 2391, 2870, 3252, 2596, 3408, 4343, 4557, 11631, 1654, 2156, 4673, 3034, 3176, 5257, 5033, 4241, 3577, 3146, 5850, 1726, 2934, 4438, 3904, 5470, 14263, 3365, 4567, 4936, 4368, 2664, 4162, 4780, 6972, 4476, 4244, 2249, 4551, 1697, 5089, 6372, 4823, 4948, 3002, 2258, 1207, 5252, 2697, 2787, 4174, 4616, 2268, 9202, 2666, 2693, 5816, 3339, 3893, 3694, 7120, 4820, 3180, 14245, 6662, 3783, 5203, 3431, 2247, 3350, 6436, 1950, 4335, 2477, 7528, 1262, 2438, 2948, 2890, 5396, 2612, 4501, 2668, 2375, 3862, 3742, 3186, 3296, 2866, 3729, 2968, 7612, 5466, 2428, 3249, 3215, 2406, 3425, 2227, 2182, 1164, 3557, 3691, 5414, 2891, 3606, 1152, 3963, 5496, 2401, 5893, 4715, 5063, 2254, 3770, 9777, 8402, 3180, 5766, 4909, 1527, 7196, 1674, 2174, 3182, 4143, 2069, 3492, 2737, 3602, 1691, 1619, 4241, 6692, 1706, 2772, 4143, 4205, 3365, 135, 2092, 4029, 2500, 5135, 1958, 4035, 4413, 2397, 1776, 4570, 2642, 2234, 3653, 3620, 3248, 1919, 2787, 3343, 1649, 4478, 3126, 2002, 2165, 4769, 4532, 7369, 1614, 5455, 4248, 4708, 2109, 2315, 3763, 3335, 1350, 4195, 3576, 6322, 3643, 6813, 3365, 2336, 3865, 5601, 3862, 5664, 2361, 4633, 3369, 4776, 5140, 5112, 4888, 3572, 6677, 3237, 4293, 2492, 3263, 2970, 3568, 3222, 5330, 4570, 4962, 2721, 2765, 2759, 2994, 3949, 3916, 3629, 2633, 4394, 3834, 8314, 2828, 4456, 2351, 5057, 4131, 5910, 3169, 3196, 2164, 2881, 2234, 4526, 3542, 5763, 2660, 5715, 4267, 3118, 3171, 6825, 5802, 3164, 5088, 3620, 5097, 5015, 3120, 3515]}, "predict": {"time": 1.3420464992523193}}], "integrate": {"time": 78.47124409675598}, "count_recall": {"time": 73.25975966453552}}