{"total_time_consume": 4458.219611644745, "preprocess": {"total_time": 0.052137136459350586}, "classifier": [{"ins_id": 0, "dataset_partition": {"bulid_graph_time": 978.7411043643951, "save_graph_time": 28.888376235961914, "graph_partition_time": 140.2486755847931, "total_time": 1148.037965297699, "cluster_number_distribution": [4003, 4003, 3827, 3998, 3988, 4003, 3986, 3983, 4003, 3994, 3990, 4003, 2079, 4003, 4003, 4002, 3249, 3993, 4000, 3832, 3940, 3927, 3918, 3990, 3924, 3606, 3926, 3969, 4003, 2868, 3985, 4002, 3994, 3999, 4004, 4001, 4003, 4003, 4001, 4003, 3974, 3969, 4003, 4003, 2488, 3930, 3130, 3001, 3985, 4003, 3435, 3985, 3930, 3988, 4003, 4003, 3990, 4003, 3920, 4003, 3988, 4003, 3997, 3915, 4003, 4002, 4003, 4001, 3972, 3976, 4003, 4003, 4004, 4003, 4003, 3992, 4001, 4003, 4003, 4002, 3999, 4003, 4003, 4003, 3999, 3365, 3995, 3954, 3957, 4001, 4003, 3994, 3839, 4003, 4003, 3935, 4002, 3351, 3479, 4004, 3961, 3997, 4037, 4040, 2435, 4036, 4043, 4042, 4040, 3241, 4048, 4036, 4036, 4039, 4035, 4042, 4042, 4033, 4039, 4036, 4036, 4037, 4036, 4036, 4038, 4042, 4038, 4036, 4041, 4036, 4042, 3760, 4038, 4037, 4040, 4038, 4034, 4038, 3409, 4038, 4037, 4035, 4046, 4045, 4048, 4036, 4041, 4040, 4036, 4039, 4038, 4037, 4035, 2799, 3167, 4037, 4034, 4036, 4037, 4036, 4036, 4041, 4037, 4035, 4037, 4037, 4043, 3691, 4037, 4038, 4043, 4045, 4042, 4036, 4039, 4037, 4038, 4036, 4036, 4041, 2321, 4037, 4036, 4040, 4037, 4037, 4039, 4041, 1567, 3755, 4039, 3794, 4036, 4042, 4039, 4036, 4035, 3574, 4038, 4040, 4037, 4036, 4036, 4040, 4038, 4037, 4040, 4044, 2535, 4041, 4045, 4046, 4037, 4039, 3311, 4041, 4036, 4036, 4036, 3534, 3720, 4039, 3431, 4038, 3272, 4038, 4037, 4035, 3372, 3821, 3684, 4036, 4036, 4036, 4035, 4037, 3883, 4039, 4039, 4032, 4036, 4040, 4037, 4036, 3086, 4037, 4036, 3708, 4036, 4039, 4040, 4039, 4040, 3718, 4036, 4033]}, "prepare_train_sample": {"time": 0.7663741111755371}, "train_eval_model": {"train_intermediate": [{"epoch": 0, "loss": 87.32756494147925, "eval_loss": 80.63963040327414, "train_recall": 0.47856868686868687, "val_recall": 0.5427, "lr": 0.008}, {"epoch": 1, "loss": 84.05932479973319, "eval_loss": 79.60430980340028, "train_recall": 0.5152535353535354, "val_recall": 0.5568, "lr": 0.008}, {"epoch": 2, "loss": 83.37504191012829, "eval_loss": 79.33683732839731, "train_recall": 0.5233626262626263, "val_recall": 0.5535, "lr": 0.008}, {"epoch": 3, "loss": 81.49402791824832, "eval_loss": 78.05993523964516, "train_recall": 0.5474616161616161, "val_recall": 0.5761, "lr": 0.0008}, {"epoch": 4, "loss": 81.20597242002755, "eval_loss": 77.93478959645981, "train_recall": 0.5518969696969697, "val_recall": 0.5733, "lr": 0.0008}, {"epoch": 5, "loss": 81.09089854986075, "eval_loss": 77.89216442597218, "train_recall": 0.553989898989899, "val_recall": 0.5752, "lr": 0.0008}, {"epoch": 6, "loss": 81.03685726663062, "eval_loss": 77.75022070224469, "train_recall": 0.5542131313131313, "val_recall": 0.5772, "lr": 0.0008}, {"epoch": 7, "loss": 80.85649708532912, "eval_loss": 77.68484915219821, "train_recall": 0.5566747474747474, "val_recall": 0.5771, "lr": 8e-05}, {"epoch": 8, "loss": 80.85030374916315, "eval_loss": 77.67832987125104, "train_recall": 0.5575373737373738, "val_recall": 0.5777, "lr": 8e-05}, {"epoch": 9, "loss": 80.83891700963866, "eval_loss": 77.74759572591537, "train_recall": 0.5573323232323232, "val_recall": 0.58, "lr": 8e-05}, {"epoch": 10, "loss": 80.83143330640713, "eval_loss": 77.67146023725851, "train_recall": 0.5574262626262626, "val_recall": 0.5808, "lr": 8e-05}, {"epoch": 11, "loss": 80.81688419382363, "eval_loss": 77.63798771149072, "train_recall": 0.5579282828282828, "val_recall": 0.5809, "lr": 8e-05}], "train_total": {"correct": 552349, "final_recall": 0.5579282828282828}, "training_time": 3042.9348027706146, "eval_time": 0.007062435150146484}}], "integrate": {"time": 129.83690738677979}, "count_recall": {"time": 127.34512662887573}}