{"total_time_consume": 51206.59395027161, "preprocess": {"kmeans_time": 49172.11394906044, "random_projection": 3.4079651832580566, "total_time": 49175.6646668911}, "classifier": [{"ins_id": 1, "dataset_partition": {"time": 475.74956727027893, "cluster_number_distribution": [4310, 5341, 5313, 5801, 985, 1252, 3146, 261, 5090, 5876, 6430, 2198, 898, 12416, 4673, 7229, 3156, 10319, 2478, 1205, 2909, 5857, 5218, 2765, 7853, 6174, 6011, 5244, 4352, 4318, 11749, 8053, 370, 6167, 896, 2307, 1268, 4847, 3534, 2472, 6989, 3255, 6083, 1007, 2600, 2352, 7030, 3155, 6715, 1576, 1440, 1506, 4208, 4001, 9844, 2070, 2078, 2556, 5826, 2564, 4049, 1911, 2808, 923, 5152, 2883, 6638, 2667, 2002, 3383, 3781, 1894, 4598, 1001, 1378, 2386, 2322, 9432, 656, 4669, 7782, 1181, 1798, 1836, 1870, 6003, 1962, 7955, 4441, 1066, 9628, 1399, 759, 6213, 3907, 5383, 21432, 1837, 405, 4412, 3222, 3231, 8532, 7357, 176, 4164, 6902, 251, 1873, 3670, 6481, 2351, 3138, 1616, 7243, 2076, 5183, 3336, 1065, 5250, 6963, 15197, 2573, 3868, 377, 477, 5069, 11059, 3778, 175, 2773, 2227, 445, 5479, 3340, 8996, 4809, 837, 8177, 2316, 10178, 481, 3390, 1085, 3762, 123, 6377, 674, 2115, 1850, 6270, 1363, 7302, 567, 3608, 3895, 1072, 1805, 3953, 7044, 862, 2848, 2877, 4705, 2515, 9560, 5427, 4527, 3179, 1922, 3952, 2100, 4027, 7069, 5715, 3109, 168, 3918, 2977, 12615, 1076, 859, 5804, 3393, 3776, 4053, 7098, 4857, 860, 1952, 9973, 3856, 4974, 3024, 2132, 7742, 1380, 2108, 2176, 263, 4092, 1346, 6577, 5172, 3669, 3905, 6071, 8291, 3264, 1133, 1844, 3839, 3246, 6474, 1157, 3365, 1037, 3128, 5371, 1463, 4971, 7120, 3660, 1827, 3838, 6709, 2728, 1681, 1249, 3588, 5749, 2423, 6420, 146, 2149, 2091, 1080, 987, 1146, 303, 4749, 3960, 1735, 6341, 3056, 3562, 1642, 846, 2983, 10660, 3533, 8324, 4001, 2029, 2562, 3916]}, "predict": {"time": 1.5717923641204834}}, {"ins_id": 2, "dataset_partition": {"time": 471.4383637905121, "cluster_number_distribution": [6194, 2877, 7824, 2895, 4973, 13226, 4310, 11261, 2342, 2834, 4014, 873, 4356, 10937, 5301, 1450, 5485, 5442, 1086, 5661, 7142, 1778, 3637, 1647, 864, 3498, 2507, 8632, 8557, 32354, 7712, 5247, 3686, 3788, 3648, 4327, 3808, 2998, 2354, 1959, 83, 1634, 3476, 5463, 3992, 4625, 1588, 50, 5486, 2867, 1016, 1383, 672, 3701, 5229, 897, 3146, 6554, 652, 2130, 3826, 3480, 1002, 913, 928, 6432, 2087, 4880, 866, 2377, 3453, 9570, 8763, 8001, 2019, 1359, 12253, 3630, 6319, 3754, 1300, 4074, 3002, 5027, 2707, 627, 4811, 4011, 2895, 4793, 1767, 2643, 673, 1949, 3224, 3729, 384, 1205, 5134, 4763, 2174, 716, 5367, 1117, 4290, 2855, 1728, 2493, 10163, 3657, 3352, 3455, 1396, 8673, 3606, 5340, 13170, 5318, 1110, 5864, 661, 9833, 3220, 3513, 3294, 7415, 1014, 4737, 1823, 705, 1705, 7695, 1660, 5602, 1634, 4506, 3755, 16, 946, 3971, 7688, 3536, 3311, 5078, 2150, 3664, 1547, 1393, 5626, 2853, 1060, 5696, 2686, 2300, 2340, 1862, 2894, 6364, 3528, 5758, 653, 352, 5654, 1475, 4220, 6517, 817, 1723, 1221, 3723, 353, 3585, 530, 5162, 842, 8877, 3328, 8561, 3899, 6631, 3280, 4925, 2497, 5100, 5225, 1072, 4957, 7929, 12573, 6077, 899, 3981, 5438, 2839, 2890, 2510, 536, 2437, 971, 4326, 12104, 4222, 92, 2513, 10871, 2239, 3875, 6482, 5719, 4644, 2030, 4550, 3354, 1416, 1970, 4718, 4157, 4371, 6880, 2531, 3770, 3468, 2179, 971, 743, 4844, 378, 4059, 4726, 997, 6914, 4878, 2546, 1700, 8003, 7171, 2116, 3620, 688, 4243, 4656, 1665, 1789, 7873, 3665, 3305, 7682, 1862, 4935, 58, 3418, 6210, 3226, 1747, 3848, 1083]}, "predict": {"time": 1.50651216506958}}, {"ins_id": 3, "dataset_partition": {"time": 462.3724796772003, "cluster_number_distribution": [1409, 3064, 2653, 6810, 2616, 3265, 1412, 6860, 1498, 4775, 6746, 4383, 1956, 4753, 4181, 5223, 4633, 1337, 1746, 3099, 2584, 4716, 4596, 3652, 4248, 10160, 4207, 4361, 13831, 4907, 5839, 4481, 5263, 2803, 4773, 910, 3503, 4696, 2528, 1207, 16584, 3010, 1072, 4676, 6427, 5042, 2614, 4307, 3895, 2837, 2067, 3271, 5411, 3895, 1074, 4541, 3355, 4496, 3242, 3453, 2090, 4209, 5640, 4008, 611, 4011, 1077, 4644, 3725, 3199, 1972, 4239, 4566, 6370, 4248, 11973, 2778, 1443, 1023, 6729, 4132, 5808, 3783, 3918, 4064, 5148, 1066, 5763, 1186, 1447, 6337, 3540, 35640, 2018, 4712, 4199, 520, 6287, 3043, 6132, 2004, 6485, 6492, 402, 850, 5483, 3530, 4001, 2209, 679, 8805, 3080, 2518, 6123, 4954, 3866, 805, 3210, 6063, 1039, 2098, 4188, 4363, 2885, 4053, 8673, 1420, 4873, 1500, 4920, 6066, 720, 3672, 3474, 743, 2489, 398, 48, 5625, 4470, 3981, 1734, 6456, 6561, 5996, 2077, 566, 3737, 2571, 4173, 7326, 7250, 6476, 6815, 7210, 5353, 5568, 3649, 5070, 1141, 2542, 972, 4749, 3186, 3266, 4628, 4767, 1512, 2066, 3196, 3377, 2385, 1552, 1497, 3984, 2812, 3666, 4834, 6458, 1306, 1240, 3289, 4206, 3494, 510, 2748, 3848, 781, 338, 1094, 5520, 2838, 6998, 4054, 4132, 1670, 1484, 1279, 4448, 5145, 2952, 3995, 3164, 5839, 468, 2847, 4214, 4944, 3932, 4668, 3091, 5537, 1366, 5768, 43, 1493, 5557, 5574, 3610, 4668, 1599, 3988, 424, 3964, 6912, 1740, 3234, 3827, 2062, 6167, 12398, 2663, 517, 3715, 3421, 6214, 6034, 2752, 4037, 2713, 3966, 6338, 3680, 3213, 5374, 478, 1613, 3023, 11426, 119, 3353, 2050, 3463, 2971, 1807, 1907]}, "predict": {"time": 1.5415961742401123}}, {"ins_id": 4, "dataset_partition": {"time": 480.52611112594604, "cluster_number_distribution": [6534, 6990, 4477, 4260, 3490, 37, 3695, 1568, 3608, 1490, 1383, 3173, 1289, 16971, 1038, 621, 6664, 3945, 5035, 970, 2909, 3763, 1229, 3541, 4552, 4122, 1608, 5864, 7602, 419, 1519, 7990, 1908, 3286, 2160, 2387, 1836, 2526, 3396, 3531, 2682, 4236, 3398, 1236, 7418, 2070, 5245, 2470, 4434, 10910, 4500, 217, 1067, 787, 1549, 5429, 11849, 6077, 4422, 1945, 4141, 4366, 3636, 3842, 4280, 3681, 3699, 5584, 4605, 1037, 1269, 445, 2146, 499, 1223, 3431, 2212, 670, 4415, 4783, 2072, 9455, 2573, 12239, 6996, 467, 2777, 5928, 3709, 3265, 3980, 7858, 4773, 8392, 519, 11682, 6380, 6201, 3799, 2740, 1486, 6943, 6043, 2331, 1019, 9673, 2000, 5337, 2983, 8981, 4253, 3768, 599, 7659, 3740, 257, 6548, 4083, 10936, 5098, 3537, 922, 1632, 5794, 4468, 5140, 634, 3111, 562, 2095, 5557, 7890, 377, 4207, 1783, 2755, 7461, 1167, 3031, 2624, 3870, 2338, 6717, 2580, 6929, 1358, 5359, 1967, 1860, 11569, 7818, 7398, 2346, 576, 5922, 78, 3154, 5948, 2063, 1484, 3928, 2474, 4817, 17180, 1209, 965, 818, 3436, 731, 2190, 4739, 1086, 3639, 69, 1873, 1870, 965, 2051, 4235, 12235, 3336, 2995, 1023, 4942, 3254, 6089, 3568, 947, 3366, 6225, 776, 2249, 3348, 2945, 4568, 3213, 3574, 7463, 13627, 2476, 4313, 1410, 2456, 7215, 3104, 7333, 4170, 3510, 11683, 4416, 3024, 6835, 2735, 4103, 2105, 969, 2192, 2500, 788, 924, 2885, 7322, 4363, 5580, 7816, 9820, 692, 3609, 5148, 2951, 3012, 9304, 4527, 1886, 11657, 2186, 3227, 4233, 2809, 4300, 698, 992, 3368, 5078, 6303, 3546, 3297, 6085, 888, 6450, 1510, 3464, 11, 328, 243, 3219]}, "predict": {"time": 1.4968559741973877}}], "integrate": {"time": 65.79772853851318}, "count_recall": {"time": 66.98323488235474}}