{"total_time_consume": 10990.180220603943, "preprocess": {"total_time": 0.20669889450073242}, "classifier": [{"ins_id": 0, "dataset_partition": {"bulid_graph_time": 67.330237865448, "save_graph_time": 42.29977369308472, "graph_partition_time": 67.92024421691895, "total_time": 177.71055388450623, "cluster_number_distribution": [3911, 4023, 4003, 4024, 4024, 4024, 4024, 4023, 3956, 3834, 3956, 2844, 4021, 4022, 4024, 4019, 4023, 3933, 3953, 4024, 3986, 3911, 4024, 3993, 4019, 4020, 3934, 4022, 4024, 4023, 4024, 4021, 4024, 3954, 4024, 4021, 3922, 3984, 4002, 4024, 3943, 4024, 3995, 3906, 4014, 4018, 3878, 4023, 4023, 3909, 4024, 3979, 4024, 3752, 4023, 4024, 4024, 4018, 4004, 4005, 0, 3891, 3934, 4020, 3978, 3895, 3855, 4023, 3942, 4001, 4024, 4024, 3972, 4024, 4024, 0, 3794, 4020, 4014, 4021, 3989, 3983, 4016, 4023, 4023, 3997, 3920, 3955, 4022, 3996, 3940, 3994, 4023, 4024, 3915, 4024, 4023, 4024, 4024, 3218, 3958, 3979, 4022, 4024, 4023, 3868, 3802, 4015, 3952, 4024, 3989, 4023, 4012, 3847, 3872, 3973, 4023, 3906, 4013, 4018, 3859, 4023, 4020, 4024, 4019, 3868, 3922, 4016, 4024, 4024, 3988, 3742, 3909, 4024, 4024, 4021, 4009, 3953, 4019, 4022, 3962, 3888, 3925, 3927, 4023, 3859, 4024, 4010, 4024, 4023, 3772, 3886, 4018, 3739, 4022, 3836, 4024, 4024, 4018, 3950, 3993, 4018, 4024, 4023, 4014, 4024, 4024, 0, 3999, 3981, 3974, 3956, 0, 3909, 4023, 3939, 3955, 4023, 3886, 4015, 4023, 4024, 4017, 3979, 3893, 4023, 3928, 4024, 4023, 4023, 3884, 3998, 4023, 3916, 4023, 3890, 3905, 3873, 3941, 4024, 4024, 4024, 4021, 4023, 4024, 4024, 4012, 4024, 4013, 4001, 3061, 4020, 4023, 3895, 4024, 4022, 4002, 3910, 4024, 4022, 4022, 3997, 4024, 3962, 3920, 3930, 3853, 4024, 4023, 3971, 4024, 3955, 4006, 4018, 3911, 4005, 4024, 3987, 3766, 3953, 3988, 4020, 4024, 4024, 4022, 4023, 4024, 4024, 3925, 4000, 4008, 3906, 3988, 3849, 4023, 3743]}, "prepare_train_sample": {"time": 0.5379979610443115}, "train_eval_model": {"train_config": {"model_name": "one_block_8192_dim", "lr": 0.001, "n_epochs": 12, "milestones": [3, 7]}, "train_intermediate": [{"epoch": 0, "loss": 65.16373351408114, "eval_loss": 51.109300466684196, "train_recall": 0.6081878787878788, "val_recall": 0.712, "lr": 0.001}, {"epoch": 1, "loss": 60.60724975911957, "eval_loss": 50.40445446356749, "train_recall": 0.6673141414141414, "val_recall": 0.7358, "lr": 0.001}, {"epoch": 2, "loss": 59.91519234570943, "eval_loss": 50.19349966293726, "train_recall": 0.6824353535353536, "val_recall": 0.7459, "lr": 0.001}, {"epoch": 3, "loss": 58.8975843474017, "eval_loss": 49.44370657969744, "train_recall": 0.7081727272727273, "val_recall": 0.7615, "lr": 0.0001}, {"epoch": 4, "loss": 58.73397120325244, "eval_loss": 49.400407302073944, "train_recall": 0.7126161616161616, "val_recall": 0.7653, "lr": 0.0001}, {"epoch": 5, "loss": 58.65511343008053, "eval_loss": 49.253612585556816, "train_recall": 0.7149787878787879, "val_recall": 0.7675, "lr": 0.0001}, {"epoch": 6, "loss": 58.59936799690781, "eval_loss": 49.284758457770714, "train_recall": 0.7163747474747475, "val_recall": 0.7656, "lr": 0.0001}, {"epoch": 7, "loss": 58.505140153824655, "eval_loss": 49.19228823368366, "train_recall": 0.7194262626262626, "val_recall": 0.7693, "lr": 1e-05}, {"epoch": 8, "loss": 58.484520913249334, "eval_loss": 49.1564955283434, "train_recall": 0.7196404040404041, "val_recall": 0.7696, "lr": 1e-05}, {"epoch": 9, "loss": 58.4687944577399, "eval_loss": 49.197557320961586, "train_recall": 0.7201434343434343, "val_recall": 0.7694, "lr": 1e-05}, {"epoch": 10, "loss": 58.464476111309985, "eval_loss": 49.27608567017775, "train_recall": 0.7197363636363636, "val_recall": 0.7703, "lr": 1e-05}, {"epoch": 11, "loss": 58.45352580979903, "eval_loss": 49.183698317943474, "train_recall": 0.7205717171717172, "val_recall": 0.77, "lr": 1e-05}], "train_total": {"correct": 713366, "final_recall": 0.7205717171717172}, "training_time": 2431.915683746338, "eval_time": 0.02351212501525879}}, {"ins_id": 1, "dataset_partition": {"bulid_graph_time": 60.138134241104126, "save_graph_time": 41.126928091049194, "graph_partition_time": 69.90224194526672, "total_time": 171.32564306259155, "cluster_number_distribution": [3954, 2576, 3840, 3932, 3793, 4021, 3743, 3750, 4024, 3743, 3858, 4024, 3955, 4016, 4024, 3893, 3972, 4024, 4024, 4024, 3967, 4022, 3989, 4016, 4024, 4024, 4021, 4024, 4024, 4024, 4001, 3881, 3915, 4024, 3821, 0, 4024, 3977, 3944, 3963, 3891, 4024, 4024, 3916, 4017, 4024, 3952, 3933, 4016, 4024, 3911, 4024, 4024, 4024, 3945, 4016, 3802, 4024, 4024, 4024, 4023, 3975, 3935, 4023, 4024, 3985, 4005, 4007, 4023, 4024, 4024, 4024, 4023, 4008, 3981, 4015, 4023, 3960, 3807, 4023, 3859, 3993, 4024, 3740, 3920, 4024, 3971, 4024, 3903, 3999, 4024, 3813, 4024, 4023, 4024, 4020, 3977, 4024, 4022, 3968, 3999, 4024, 3963, 3914, 4023, 4015, 4024, 3875, 4020, 4024, 3996, 3977, 3880, 3976, 3976, 4024, 3793, 4024, 3964, 2500, 3982, 3892, 4023, 4024, 4024, 4024, 3924, 4023, 1185, 3937, 4023, 3955, 3896, 4015, 4024, 3983, 3974, 4014, 3893, 4024, 4000, 1872, 4024, 4000, 4023, 4024, 0, 4024, 4024, 4023, 4024, 3930, 4023, 3998, 4008, 3959, 3968, 4024, 3950, 4024, 4015, 4024, 4024, 3862, 3813, 4024, 4016, 4024, 3933, 3971, 3797, 3923, 4009, 4024, 4023, 4021, 3863, 3942, 3614, 4022, 3990, 4023, 4024, 4024, 4024, 3833, 3969, 4024, 3986, 3981, 4008, 4024, 3995, 4023, 4024, 3962, 4024, 4024, 4024, 3887, 3923, 4024, 4001, 4024, 3986, 4023, 4024, 4024, 3357, 3989, 3962, 3527, 3970, 3999, 4024, 4024, 3974, 3957, 4024, 4024, 4023, 3798, 3877, 3987, 4024, 3812, 4021, 4022, 4024, 4024, 3900, 3956, 3805, 4024, 4008, 3968, 3934, 3996, 3961, 2908, 3971, 3881, 4023, 4023, 3973, 4001, 3936, 4018, 3992, 4024, 4024, 4005, 3882, 3928, 4004, 4012]}, "prepare_train_sample": {"time": 0.6756246089935303}, "train_eval_model": {"train_config": {"model_name": "one_block_8192_dim", "lr": 0.001, "n_epochs": 12, "milestones": [3, 7]}, "train_intermediate": [{"epoch": 0, "loss": 69.94977979262066, "eval_loss": 58.509463689266106, "train_recall": 0.5532676767676767, "val_recall": 0.6316, "lr": 0.001}, {"epoch": 1, "loss": 65.5613815623772, "eval_loss": 57.8920567096808, "train_recall": 0.6072535353535353, "val_recall": 0.6381, "lr": 0.001}, {"epoch": 2, "loss": 64.87592115857527, "eval_loss": 57.56675517253387, "train_recall": 0.6210606060606061, "val_recall": 0.6525, "lr": 0.001}, {"epoch": 3, "loss": 63.8783098832358, "eval_loss": 56.99610759050418, "train_recall": 0.643659595959596, "val_recall": 0.6679, "lr": 0.0001}, {"epoch": 4, "loss": 63.70369825243861, "eval_loss": 56.75423809198233, "train_recall": 0.648069696969697, "val_recall": 0.6733, "lr": 0.0001}, {"epoch": 5, "loss": 63.62424037795371, "eval_loss": 56.7501295652145, "train_recall": 0.6502626262626262, "val_recall": 0.6771, "lr": 0.0001}, {"epoch": 6, "loss": 63.566594630347836, "eval_loss": 56.63644310144278, "train_recall": 0.6511333333333333, "val_recall": 0.6758, "lr": 0.0001}, {"epoch": 7, "loss": 63.458998989888585, "eval_loss": 56.62808946462778, "train_recall": 0.6542252525252525, "val_recall": 0.6788, "lr": 1e-05}, {"epoch": 8, "loss": 63.447591005470755, "eval_loss": 56.697440416384964, "train_recall": 0.6542181818181818, "val_recall": 0.6746, "lr": 1e-05}, {"epoch": 9, "loss": 63.43305180910259, "eval_loss": 56.61087890771719, "train_recall": 0.6543171717171717, "val_recall": 0.6747, "lr": 1e-05}, {"epoch": 10, "loss": 63.43649535927139, "eval_loss": 56.6123683758271, "train_recall": 0.6544888888888889, "val_recall": 0.6764, "lr": 1e-05}, {"epoch": 11, "loss": 63.42528486154728, "eval_loss": 56.558857612120796, "train_recall": 0.6556050505050505, "val_recall": 0.6764, "lr": 1e-05}], "train_total": {"correct": 649049, "final_recall": 0.6556050505050505}, "training_time": 2426.2728674411774, "eval_time": 0.014075040817260742}}, {"ins_id": 2, "dataset_partition": {"bulid_graph_time": 63.386173725128174, "save_graph_time": 41.70972037315369, "graph_partition_time": 51.955559492111206, "total_time": 157.230206489563,