{"total_time_consume": 24233.467537641525, "preprocess": {"total_time": 0.12556099891662598}, "classifier": [{"ins_id": 0, "dataset_partition": {"bulid_graph_time": 71.7705078125, "save_graph_time": 43.81094980239868, "graph_partition_time": 73.18828511238098, "total_time": 188.9629123210907, "cluster_number_distribution": [4024, 4024, 3925, 4023, 4024, 4024, 3979, 4023, 3931, 4024, 4016, 3834, 4024, 3902, 4024, 3794, 4009, 3299, 3971, 4023, 4022, 2928, 4009, 3920, 3884, 3987, 3976, 3866, 1154, 4024, 3788, 3856, 3926, 2762, 3967, 3999, 4022, 4023, 4024, 4020, 4024, 4022, 4024, 4024, 4024, 4024, 4024, 3960, 4019, 4023, 4024, 4024, 4024, 4001, 3896, 3912, 3918, 4023, 3967, 4012, 4024, 3865, 4013, 3905, 4024, 4024, 4021, 4024, 4020, 4023, 3750, 4022, 3926, 4022, 4020, 4024, 3838, 3949, 3959, 4024, 3890, 4024, 4024, 3954, 3988, 3928, 3964, 4024, 4023, 3936, 3853, 4024, 4024, 4005, 3898, 4023, 4022, 4016, 4012, 2636, 3960, 4023, 4023, 3990, 4022, 4020, 4020, 3932, 3945, 4024, 4024, 3931, 4003, 3918, 3951, 3991, 4024, 4024, 3869, 4023, 4001, 3989, 3967, 0, 3924, 4019, 3932, 3931, 3883, 4023, 4023, 4020, 4023, 3803, 3946, 4024, 4024, 4024, 4024, 3980, 3919, 3981, 4024, 3954, 3961, 4023, 4024, 4024, 4024, 3999, 3995, 4024, 4023, 4022, 3970, 3534, 4024, 4024, 4001, 4023, 3947, 4023, 4024, 4024, 4024, 4024, 4024, 3860, 4020, 4022, 4024, 3849, 4023, 4024, 4013, 3853, 4003, 4016, 3917, 4024, 4024, 3958, 4024, 3960, 4024, 4019, 4002, 4010, 4024, 3729, 4024, 3850, 3835, 4020, 4024, 4024, 3817, 3933, 3951, 4021, 3929, 4021, 3742, 3934, 4024, 3977, 4007, 3988, 1375, 4018, 4018, 4024, 4024, 3998, 3731, 4024, 4000, 3932, 4013, 4023, 4016, 3896, 3863, 3740, 3858, 4024, 4024, 4024, 4019, 3896, 4024, 3975, 3782, 4024, 4024, 4024, 0, 3822, 4002, 4023, 3879, 4003, 4024, 3925, 4023, 4024, 3941, 4024, 3979, 4023, 3892, 3981, 3721, 4022, 4024, 4024]}, "prepare_train_sample": {"time": 0.5425910949707031}, "train_eval_model": {"train_config": {"model_name": "one_block_2048_dim", "lr": 0.008, "n_epochs": 12, "milestones": [3, 7]}, "train_intermediate": [{"epoch": 0, "loss": 63.690651544384174, "eval_loss": 51.01644976322468, "train_recall": 0.6076959595959596, "val_recall": 0.707, "lr": 0.008}, {"epoch": 1, "loss": 61.37844523353329, "eval_loss": 50.39689632562491, "train_recall": 0.641610101010101, "val_recall": 0.7262, "lr": 0.008}, {"epoch": 2, "loss": 60.977469777476756, "eval_loss": 50.25400647750268, "train_recall": 0.6500161616161616, "val_recall": 0.7218, "lr": 0.008}, {"epoch": 3, "loss": 59.22042465703182, "eval_loss": 48.83963179588318, "train_recall": 0.6871080808080808, "val_recall": 0.753, "lr": 0.0008}, {"epoch": 4, "loss": 58.98993875624564, "eval_loss": 48.70693079019204, "train_recall": 0.6923151515151516, "val_recall": 0.7564, "lr": 0.0008}, {"epoch": 5, "loss": 58.89545713597865, "eval_loss": 48.67915185903892, "train_recall": 0.694289898989899, "val_recall": 0.7532, "lr": 0.0008}, {"epoch": 6, "loss": 58.836458693294496, "eval_loss": 48.61174853031452, "train_recall": 0.6950363636363637, "val_recall": 0.7537, "lr": 0.0008}, {"epoch": 7, "loss": 58.67956516285475, "eval_loss": 48.57344377346528, "train_recall": 0.7001141414141414, "val_recall": 0.7611, "lr": 8e-05}, {"epoch": 8, "loss": 58.660828488142116, "eval_loss": 48.62211218247047, "train_recall": 0.6998828282828283, "val_recall": 0.7562, "lr": 8e-05}, {"epoch": 9, "loss": 58.64586496160485, "eval_loss": 48.63461600205837, "train_recall": 0.7002787878787878, "val_recall": 0.7563, "lr": 8e-05}, {"epoch": 10, "loss": 58.63944577185875, "eval_loss": 48.54376419996604, "train_recall": 0.7008111111111112, "val_recall": 0.7532, "lr": 8e-05}, {"epoch": 11, "loss": 58.64070826266984, "eval_loss": 48.533032478430336, "train_recall": 0.7004868686868687, "val_recall": 0.7598, "lr": 8e-05}], "train_total": {"correct": 693482, "final_recall": 0.7004868686868687}, "training_time": 5225.816274881363, "eval_time": 0.014972925186157227}}, {"ins_id": 1, "dataset_partition": {"bulid_graph_time": 67.2641351222992, "save_graph_time": 48.41585373878479, "graph_partition_time": 63.314532995224, "total_time": 179.1909637451172, "cluster_number_distribution": [3955, 4022, 3949, 4024, 4020, 4023, 0, 4015, 4024, 3925, 3378, 4024, 4023, 3975, 4022, 3764, 4015, 3963, 4024, 4023, 4021, 4024, 3740, 4023, 3872, 4004, 4022, 4024, 3876, 4023, 3957, 3975, 3980, 4018, 4024, 3988, 1912, 4023, 4024, 4019, 4024, 4022, 4023, 4023, 4008, 3896, 3997, 4023, 3944, 4023, 3998, 3951, 4015, 3914, 3929, 4023, 3247, 4022, 4024, 4023, 3999, 4024, 3954, 3901, 3909, 3536, 4005, 4024, 4021, 4024, 4018, 4023, 3410, 4024, 4023, 0, 4023, 3954, 4024, 4024, 4005, 4022, 3941, 4021, 3967, 4023, 4024, 4024, 3863, 3919, 3946, 4023, 4024, 3891, 3964, 3898, 4024, 4024, 3741, 3993, 4024, 4024, 4023, 4009, 4024, 3910, 4024, 4022, 3369, 4023, 4002, 3949, 4013, 3939, 4022, 4010, 3918, 4015, 4023, 4024, 4024, 3935, 4020, 4018, 4024, 3845, 3857, 3937, 3952, 4024, 3994, 3843, 3911, 4023, 3960, 3942, 3883, 3999, 4024, 3976, 3995, 3900, 4014, 3999, 4021, 3961, 4018, 4023, 4024, 4023, 3859, 4023, 4023, 3953, 4024, 3968, 4010, 4024, 4020, 3877, 3787, 4023, 3948, 4024, 4002, 3829, 3994, 4022, 3959, 4024, 3744, 4020, 4019, 3986, 3965, 4022, 4023, 4023, 4024, 3964, 3971, 4021, 3997, 4024, 4024, 3973, 3963, 1423, 4023, 4010, 3931, 4023, 3922, 4024, 4013, 4023, 4022, 4023, 4023, 3946, 4022, 4023, 4023, 4019, 3844, 3910, 4020, 4022, 4024, 4004, 3944, 3934, 4024, 4020, 0, 4022, 4021, 4024, 4011, 3996, 3988, 4024, 4024, 4024, 4021, 4022, 3879, 4024, 3987, 4020, 3990, 4023, 4022, 3752, 4024, 3780, 4015, 4024, 4023, 4002, 4018, 3968, 4013, 3752, 4023, 3935, 4023, 4010, 4003, 3903, 3901, 3966, 4021, 3743, 3928, 4017]}, "prepare_train_sample": {"time": 0.7939944267272949}, "train_eval_model": {"train_config": {"model_name": "one_block_2048_dim", "lr": 0.008, "n_epochs": 12, "milestones": [3, 7]}, "train_intermediate": [{"epoch": 0, "loss": 69.19420686282773, "eval_loss": 58.36657609695043, "train_recall": 0.5467080808080808, "val_recall": 0.6185, "lr": 0.008}, {"epoch": 1, "loss": 67.02906973361893, "eval_loss": 58.29564374532455, "train_recall": 0.5760060606060606, "val_recall": 0.6218, "lr": 0.008}, {"epoch": 2, "loss": 66.64233039495659, "eval_loss": 57.98340906241001, "train_recall": 0.5836555555555556, "val_recall": 0.6298, "lr": 0.008}, {"epoch": 3, "loss": 64.926616858838, "eval_loss": 56.50688940439469, "train_recall": 0.6155676767676768, "val_recall": 0.6578, "lr": 0.0008}, {"epoch": 4, "loss": 64.69186551022877, "eval_loss": 56.37468514075646, "train_recall": 0.620330303030303, "val_recall": 0.6641, "lr": 0.0008}, {"epoch": 5, "loss": 64.60073291080533, "eval_loss": 56.26436923100398, "train_recall": 0.6221868686868687, "val_recall": 0.6672, "lr": 0.0008}, {"epoch": 6, "loss": 64.53663648755841, "eval_loss": 56.22236835039579, "train_recall": 0.6242989898989899, "val_recall": 0.6666, "lr": 0.0008}, {"epoch": 7, "loss": 64.3794253831089, "eval_loss": 56.13466026844122, "train_recall": 0.6273212121212122, "val_recall": 0.6693, "lr": 8e-05}, {"epoch": 8, "loss": 64.35275783366808, "eval_loss": 56.12782001495361, "train_recall": 0.6275545454545455, "val_recall": 0.671, "lr": 8e-05}, {"epoch": 9, "loss": 64.3498525825735, "eval_loss": 56.13335970120552, "train_recall": 0.6282606060606061, "val_recall": 0.6694, "lr": 8e-05}, {"epoch": 10, "loss": 64.3370993931369, "eval_loss": 56.161263893812134, "train_recall": 0.6279545454545454, "val_recall": 0.6701, "lr": 8e-05}, {"epoch": 11, "loss": 64.32875208052111, "eval_loss": 56.129833661592926, "train_recall": 0.628420202020202, "val_recall": 0.6706, "lr": 8e-05}], "train_total": {"correct": 622136, "final_recall": 0.628420202020202}, "training_time": 5405.357787847519, "eval_time": 0.05140042304992676}}, {"ins_id": 2, "dataset_partition": {"bulid_graph_time": 75.50021433830261, "save_graph_time": 51.13559865951538, "graph_partition_time": 47.98191523551941, "total_time": 174.81035900115967,