{"total_time_consume": 13625.13240814209, "preprocess": {"total_time": 0.20025205612182617}, "classifier": [{"ins_id": 0, "dataset_partition": {"bulid_graph_time": 66.77325081825256, "save_graph_time": 37.34023690223694, "graph_partition_time": 69.08342456817627, "total_time": 173.35019040107727, "cluster_number_distribution": [3889, 4018, 3997, 4024, 4024, 4016, 3739, 4024, 3353, 3986, 3780, 3740, 3967, 3756, 4024, 3830, 3857, 3922, 3845, 4024, 4024, 4022, 4024, 3935, 4024, 4024, 4024, 4024, 4019, 4024, 4024, 4024, 4024, 4024, 4023, 4024, 4024, 4024, 3933, 3895, 4024, 4005, 3973, 4024, 4024, 4018, 4024, 3936, 3933, 3834, 3785, 4024, 4023, 4015, 3994, 4024, 3997, 4018, 4023, 4023, 4024, 3926, 3908, 4024, 4024, 4019, 4024, 3948, 3920, 4001, 4024, 2977, 4017, 4024, 3979, 4002, 4023, 3895, 4024, 0, 4024, 4002, 4002, 4024, 4024, 4022, 3992, 3973, 4023, 3998, 4024, 3974, 4024, 3829, 3932, 4024, 4024, 4024, 4017, 4015, 3954, 4024, 4024, 4024, 3970, 3954, 4024, 4019, 3986, 4012, 4024, 4023, 4024, 4024, 3939, 4022, 4024, 3912, 4024, 3979, 4024, 1116, 4024, 4024, 3997, 4024, 4024, 3989, 3827, 3900, 3739, 4024, 3900, 3832, 3972, 4024, 4024, 3955, 4024, 4024, 4018, 4024, 3331, 4009, 3911, 3928, 3915, 4023, 4011, 3920, 3914, 4004, 3947, 3740, 3908, 3959, 4024, 4024, 4023, 4022, 4024, 4024, 4024, 4023, 1432, 4024, 3920, 4024, 4024, 3846, 4024, 4024, 3757, 4004, 4023, 4024, 3928, 3707, 4018, 3739, 4024, 4015, 4022, 4024, 3838, 4022, 3940, 3826, 4024, 3741, 3739, 4024, 4024, 4024, 3915, 4024, 3883, 4022, 4016, 3986, 3947, 2447, 4024, 4023, 4024, 4024, 0, 3968, 4015, 3918, 4024, 4016, 4024, 3861, 3903, 3936, 3909, 4024, 4024, 3808, 4024, 4024, 3959, 4024, 4024, 3975, 3959, 3986, 4024, 4019, 4017, 3960, 4024, 3738, 4024, 4024, 4024, 4024, 4024, 4024, 4024, 4024, 3949, 4024, 4024, 4021, 4024, 2949, 4024, 4024, 3967, 4024, 3874, 4023, 3874, 4024]}, "prepare_train_sample": {"time": 0.5279862880706787}, "train_eval_model": {"train_intermediate": [{"epoch": 0, "loss": 99.32280546761046, "eval_loss": 83.67603750717946, "train_recall": 0.2900333333333333, "val_recall": 0.4297, "lr": 0.004}, {"epoch": 1, "loss": 98.4523658857251, "eval_loss": 84.33762799776517, "train_recall": 0.29890707070707073, "val_recall": 0.3893, "lr": 0.004}, {"epoch": 2, "loss": 92.39982020636468, "eval_loss": 78.19188254918808, "train_recall": 0.3722121212121212, "val_recall": 0.4983, "lr": 0.00084}, {"epoch": 3, "loss": 92.09609263028888, "eval_loss": 78.47961782797789, "train_recall": 0.37543838383838385, "val_recall": 0.4892, "lr": 0.00084}, {"epoch": 4, "loss": 91.85224060464022, "eval_loss": 78.22530142466228, "train_recall": 0.37781414141414144, "val_recall": 0.4929, "lr": 0.00084}, {"epoch": 5, "loss": 91.71194192284807, "eval_loss": 78.12094506239279, "train_recall": 0.3794767676767677, "val_recall": 0.5075, "lr": 0.00084}, {"epoch": 6, "loss": 90.03366967171115, "eval_loss": 76.08135229501968, "train_recall": 0.4010151515151515, "val_recall": 0.5302, "lr": 0.0001764}, {"epoch": 7, "loss": 89.91486968806717, "eval_loss": 76.37862535623404, "train_recall": 0.402689898989899, "val_recall": 0.5326, "lr": 0.0001764}, {"epoch": 8, "loss": 89.88883182101341, "eval_loss": 75.82901048660278, "train_recall": 0.4037262626262626, "val_recall": 0.5165, "lr": 0.0001764}, {"epoch": 9, "loss": 89.8460309130075, "eval_loss": 75.7449241295839, "train_recall": 0.40375555555555553, "val_recall": 0.5319, "lr": 0.0001764}, {"epoch": 10, "loss": 89.83013220203598, "eval_loss": 75.76104989418617, "train_recall": 0.40330303030303033, "val_recall": 0.5286, "lr": 0.0001764}, {"epoch": 11, "loss": 89.7793852385651, "eval_loss": 76.84161282808353, "train_recall": 0.40444848484848483, "val_recall": 0.5304, "lr": 0.0001764}], "train_total": {"correct": 400404, "final_recall": 0.40444848484848483}, "training_time": 3260.097448348999, "eval_time": 0.005451679229736328}}, {"ins_id": 1, "dataset_partition": {"bulid_graph_time": 60.06161046028137, "save_graph_time": 42.030869007110596, "graph_partition_time": 69.77486085891724, "total_time": 172.02638292312622, "cluster_number_distribution": [4024, 4024, 4024, 0, 4024, 4022, 3886, 3972, 4024, 4024, 4024, 4024, 3929, 4024, 4024, 3981, 3738, 4024, 3837, 4023, 4023, 3988, 3965, 3826, 3769, 4005, 3738, 4024, 4024, 3954, 4024, 4024, 4024, 4024, 3739, 4023, 4024, 4024, 3888, 3994, 3979, 3784, 4024, 4023, 4024, 4000, 4024, 4022, 4023, 3929, 3874, 4023, 3909, 3906, 4024, 4023, 4023, 3930, 2985, 4024, 4024, 4023, 4023, 4023, 3940, 4023, 3755, 4024, 4018, 4023, 3917, 4023, 4016, 4023, 3913, 3992, 4023, 4023, 4023, 4024, 3957, 3855, 4024, 3924, 3828, 1850, 3981, 4024, 3963, 4024, 4023, 4024, 4023, 3954, 3166, 3999, 4022, 3741, 4024, 4010, 4014, 3987, 4005, 3870, 2197, 3889, 4024, 4023, 3745, 3922, 4011, 4024, 4009, 4022, 3899, 4023, 4024, 4024, 4024, 4024, 3884, 4024, 4023, 4024, 4023, 4024, 3999, 4024, 4018, 4007, 4024, 3749, 4024, 3771, 3799, 4024, 3977, 3861, 4024, 4024, 4023, 4024, 894, 4003, 4024, 4020, 4012, 4012, 4000, 3961, 3883, 4024, 4023, 3742, 3975, 4003, 4024, 4019, 4024, 3847, 3919, 3972, 3950, 4024, 3952, 3977, 4024, 0, 4014, 3978, 4016, 4012, 4024, 4014, 4022, 4024, 4024, 3973, 4024, 3972, 3924, 4024, 3954, 3945, 3986, 4024, 4023, 3741, 4024, 4024, 4024, 3839, 4021, 3978, 4024, 4024, 4024, 4012, 3958, 4024, 3979, 4024, 3965, 4015, 4024, 3986, 3907, 4024, 3919, 4015, 3968, 4024, 3953, 4024, 3998, 3883, 4024, 4024, 3994, 3790, 3901, 4024, 4024, 4024, 4024, 2211, 3979, 4024, 4024, 4024, 4024, 4022, 4024, 3986, 4024, 4024, 4024, 4024, 3954, 4024, 3909, 3972, 4024, 4024, 3814, 3976, 3882, 4023, 4024, 3850, 4024, 4016, 3942, 3884, 4024, 3969]}, "prepare_train_sample": {"time": 0.7668342590332031}, "train_eval_model": {"train_intermediate": [{"epoch": 0, "loss": 101.79106732396922, "eval_loss": 89.59288753607335, "train_recall": 0.26664343434343435, "val_recall": 0.3622, "lr": 0.004}, {"epoch": 1, "loss": 100.86528194373359, "eval_loss": 88.8864422578078, "train_recall": 0.27713838383838385, "val_recall": 0.3619, "lr": 0.004}, {"epoch": 2, "loss": 95.57364774566432, "eval_loss": 83.99000573769594, "train_recall": 0.34073535353535356, "val_recall": 0.4356, "lr": 0.00084}, {"epoch": 3, "loss": 95.25910727412166, "eval_loss": 83.80261514125726, "train_recall": 0.3444050505050505, "val_recall": 0.4307, "lr": 0.00084}, {"epoch": 4, "loss": 95.14802655240592, "eval_loss": 84.0636408390143, "train_recall": 0.34555151515151517, "val_recall": 0.4247, "lr": 0.00084}, {"epoch": 5, "loss": 95.12407954784102, "eval_loss": 84.50364178877611, "train_recall": 0.3455070707070707, "val_recall": 0.4273, "lr": 0.00084}, {"epoch": 6, "loss": 93.6143292743557, "eval_loss": 82.47966876396767, "train_recall": 0.36466666666666664, "val_recall": 0.4589, "lr": 0.0001764}, {"epoch": 7, "loss": 93.50160387989067, "eval_loss": 82.93500034625714, "train_recall": 0.3671333333333333, "val_recall": 0.4522, "lr": 0.0001764}, {"epoch": 8, "loss": 93.4344719365414, "eval_loss": 82.04315958267603, "train_recall": 0.3674090909090909, "val_recall": 0.4539, "lr": 0.0001764}, {"epoch": 9, "loss": 93.34138883765853, "eval_loss": 81.5469804910513, "train_recall": 0.36819090909090907, "val_recall": 0.4506, "lr": 0.0001764}, {"epoch": 10, "loss": 93.30777905436398, "eval_loss": 81.53540224906726, "train_recall": 0.3687131313131313, "val_recall": 0.4505, "lr": 0.0001764}, {"epoch": 11, "loss": 93.25453500143176, "eval_loss": 81.93758695553511, "train_recall": 0.36942828282828283, "val_recall": 0.4559, "lr": 0.0001764}], "train_total": {"correct": 365734, "final_recall": 0.36942828282828283}, "training_time": 3044.192262172699, "eval_time": 0.00553131103515625}}, {"ins_id": 2, "dataset_partition": {"bulid_graph_time": 62.661718130111694, "save_graph_time": 42.496326208114624, "graph_partition_time": 52.663087368011475, "total_time": 157.9790644645691,