{"total_time_consume": 10163.262015342712, "preprocess": {"total_time": 0.20351624488830566}, "classifier": [{"ins_id": 0, "dataset_partition": {"bulid_graph_time": 68.3902599811554, "save_graph_time": 37.96380019187927, "graph_partition_time": 66.50051546096802, "total_time": 173.00366592407227, "cluster_number_distribution": [4022, 3739, 3934, 4023, 4023, 3881, 4024, 4024, 3746, 2253, 4019, 4024, 4024, 4023, 4024, 4024, 4022, 3946, 4022, 3738, 4024, 4024, 3914, 3860, 2786, 4019, 3829, 3935, 4024, 4012, 4024, 3761, 3912, 4024, 4021, 4024, 3923, 4024, 3841, 4023, 4024, 4024, 716, 4023, 3794, 4021, 4021, 3864, 4023, 3739, 4024, 4023, 4024, 3854, 3911, 4024, 4024, 3745, 4024, 4024, 3912, 3982, 4024, 3930, 4024, 4024, 4024, 4024, 4024, 3844, 4024, 3966, 4016, 3983, 3988, 4024, 4000, 3920, 3859, 3813, 4024, 3998, 4021, 4018, 4024, 4005, 4024, 4024, 3910, 4024, 3805, 3932, 4014, 3884, 3833, 3923, 4024, 3937, 3938, 4024, 4024, 3809, 3949, 4022, 3880, 4024, 4023, 4024, 4007, 3876, 3992, 2896, 3909, 4016, 4024, 3913, 4024, 3900, 4024, 4023, 3795, 4021, 4024, 4023, 4024, 3929, 4024, 4024, 4024, 3995, 3980, 4014, 4024, 4024, 4024, 4024, 4024, 0, 4020, 3912, 3847, 4018, 3990, 4010, 4023, 4023, 3818, 4023, 3989, 4023, 4024, 3870, 4002, 3875, 3969, 3941, 4021, 3940, 3996, 4024, 3891, 4021, 4023, 3942, 3758, 3974, 4023, 3875, 3889, 4023, 3825, 3974, 4024, 3842, 3942, 4024, 3965, 3844, 3997, 4023, 3839, 4023, 4024, 4024, 4023, 4024, 4024, 3836, 4024, 4022, 4024, 3931, 4024, 4023, 4024, 4024, 3835, 3838, 3964, 4023, 4023, 4024, 4024, 4023, 4022, 4008, 4023, 4024, 3863, 4024, 4024, 3919, 3988, 3960, 3986, 4023, 4024, 4015, 3974, 4024, 4024, 4024, 0, 4023, 3962, 2054, 4017, 4024, 4024, 4020, 3958, 3914, 4024, 4023, 4023, 3907, 4013, 4021, 3846, 4018, 4024, 3911, 3937, 4024, 4024, 3961, 4024, 4024, 4023, 3938, 3946, 4024, 3967, 4019, 3918, 3900]}, "prepare_train_sample": {"time": 0.3965036869049072}, "train_eval_model": {"train_config": {"model_name": "one_block_2048_dim", "lr": 0.008, "n_epochs": 12, "milestones": [3, 7]}, "train_intermediate": [{"epoch": 0, "loss": 66.24858920381601, "eval_loss": 52.313251434228356, "train_recall": 0.5734676767676767, "val_recall": 0.6824, "lr": 0.008}, {"epoch": 1, "loss": 63.81975663768323, "eval_loss": 51.94498067635756, "train_recall": 0.6061646464646465, "val_recall": 0.6843, "lr": 0.008}, {"epoch": 2, "loss": 63.42161489268999, "eval_loss": 51.89734539618859, "train_recall": 0.6125767676767677, "val_recall": 0.6914, "lr": 0.008}, {"epoch": 3, "loss": 61.570519294397215, "eval_loss": 50.313995190155815, "train_recall": 0.6463777777777778, "val_recall": 0.7244, "lr": 0.0008}, {"epoch": 4, "loss": 61.33145567929771, "eval_loss": 50.22240369747846, "train_recall": 0.6511141414141414, "val_recall": 0.7227, "lr": 0.0008}, {"epoch": 5, "loss": 61.21698410010012, "eval_loss": 50.113919496536255, "train_recall": 0.6534757575757576, "val_recall": 0.7259, "lr": 0.0008}, {"epoch": 6, "loss": 61.15636006234539, "eval_loss": 50.09851230107821, "train_recall": 0.6546010101010101, "val_recall": 0.7252, "lr": 0.0008}, {"epoch": 7, "loss": 60.98976933532669, "eval_loss": 49.954907820774956, "train_recall": 0.6579151515151516, "val_recall": 0.7298, "lr": 8e-05}, {"epoch": 8, "loss": 60.961669060463905, "eval_loss": 49.989979377159706, "train_recall": 0.6582363636363636, "val_recall": 0.7272, "lr": 8e-05}, {"epoch": 9, "loss": 60.94873947928763, "eval_loss": 49.92941332474733, "train_recall": 0.6590666666666667, "val_recall": 0.7309, "lr": 8e-05}, {"epoch": 10, "loss": 60.94261124229857, "eval_loss": 50.06576471451001, "train_recall": 0.6588414141414142, "val_recall": 0.728, "lr": 8e-05}, {"epoch": 11, "loss": 60.9371191853947, "eval_loss": 49.91072322772099, "train_recall": 0.6587676767676768, "val_recall": 0.73, "lr": 8e-05}], "train_total": {"correct": 652180, "final_recall": 0.6587676767676768}, "training_time": 2255.715521812439, "eval_time": 0.02302861213684082}}, {"ins_id": 1, "dataset_partition": {"bulid_graph_time": 60.10353207588196, "save_graph_time": 40.658058166503906, "graph_partition_time": 67.11874771118164, "total_time": 168.03303289413452, "cluster_number_distribution": [3935, 4024, 3817, 3872, 4022, 3860, 4024, 4024, 4024, 4001, 4021, 3998, 4023, 3741, 4000, 4024, 4004, 2448, 4024, 2468, 4023, 4024, 4018, 3881, 4023, 3959, 3888, 3917, 4024, 4024, 4024, 4024, 4024, 4024, 4024, 3885, 3947, 3934, 4012, 4024, 4023, 4024, 3947, 4017, 4009, 4015, 4024, 3972, 4022, 3980, 4024, 4024, 4024, 4023, 4023, 3972, 4024, 3838, 4024, 0, 3998, 4018, 3931, 3796, 4024, 4019, 4024, 4021, 4024, 3988, 4023, 3829, 3940, 4021, 4024, 4022, 4024, 3880, 4024, 4024, 4022, 4024, 3900, 4023, 3846, 4024, 4009, 4020, 3764, 3673, 4023, 3915, 4019, 4022, 4020, 4023, 3944, 4024, 3819, 3990, 3855, 4023, 4023, 0, 4024, 3745, 4024, 4021, 2949, 4024, 3907, 4024, 4023, 4022, 4023, 4024, 4024, 4003, 3948, 4024, 4024, 4024, 4024, 4024, 3950, 4021, 4023, 4024, 4023, 3987, 4022, 3796, 4022, 4002, 0, 3901, 3921, 4023, 4020, 4020, 4024, 3998, 4024, 4021, 4024, 4023, 4024, 3767, 3150, 3922, 3738, 4024, 3927, 4023, 4023, 3992, 3887, 4024, 4024, 4020, 3892, 4024, 4014, 4024, 4024, 3976, 4024, 4017, 4024, 3905, 4024, 3948, 4021, 3936, 4024, 3965, 4005, 3939, 4015, 3991, 4024, 4009, 4024, 4022, 2192, 4024, 3842, 4023, 3749, 4010, 4024, 3971, 3984, 4004, 4022, 4022, 4024, 3939, 3922, 4024, 4024, 4022, 3986, 3776, 4019, 4024, 4023, 4024, 3997, 3995, 3887, 4024, 4023, 4022, 4023, 4024, 3951, 3908, 4024, 3932, 3886, 4024, 4024, 4017, 4014, 4024, 4020, 4024, 4024, 3773, 4024, 4023, 4021, 3821, 3904, 4008, 4023, 4022, 4024, 3972, 3881, 4024, 4023, 4024, 4024, 3910, 4020, 4024, 4017, 4003, 4024, 3793, 4021, 3095, 4024, 4022]}, "prepare_train_sample": {"time": 0.5715494155883789}, "train_eval_model": {"train_config": {"model_name": "one_block_2048_dim", "lr": 0.008, "n_epochs": 12, "milestones": [3, 7]}, "train_intermediate": [{"epoch": 0, "loss": 69.50648012181908, "eval_loss": 57.907336455125076, "train_recall": 0.5431939393939393, "val_recall": 0.6399, "lr": 0.008}, {"epoch": 1, "loss": 67.24003973579647, "eval_loss": 57.40325554823264, "train_recall": 0.5717262626262626, "val_recall": 0.6431, "lr": 0.008}, {"epoch": 2, "loss": 66.89074246485809, "eval_loss": 57.34266210825015, "train_recall": 0.5779676767676768, "val_recall": 0.6459, "lr": 0.008}, {"epoch": 3, "loss": 65.10694614031483, "eval_loss": 55.82302001806406, "train_recall": 0.6088141414141414, "val_recall": 0.6754, "lr": 0.0008}, {"epoch": 4, "loss": 64.8661382768698, "eval_loss": 55.75754935924824, "train_recall": 0.613520202020202, "val_recall": 0.6749, "lr": 0.0008}, {"epoch": 5, "loss": 64.77487819501593, "eval_loss": 55.72554223354046, "train_recall": 0.6157020202020203, "val_recall": 0.6777, "lr": 0.0008}, {"epoch": 6, "loss": 64.7104096480939, "eval_loss": 55.60194108425043, "train_recall": 0.616210101010101, "val_recall": 0.6795, "lr": 0.0008}, {"epoch": 7, "loss": 64.53034364854634, "eval_loss": 55.55097936972594, "train_recall": 0.620189898989899, "val_recall": 0.6819, "lr": 8e-05}, {"epoch": 8, "loss": 64.51402572729, "eval_loss": 55.52875952231578, "train_recall": 0.6202373737373738, "val_recall": 0.6838, "lr": 8e-05}, {"epoch": 9, "loss": 64.50631661240469, "eval_loss": 55.48211179635464, "train_recall": 0.6206929292929293, "val_recall": 0.6843, "lr": 8e-05}, {"epoch": 10, "loss": 64.51492278287748, "eval_loss": 55.497112506475204, "train_recall": 0.6204525252525253, "val_recall": 0.6827, "lr": 8e-05}, {"epoch": 11, "loss": 64.48596416241205, "eval_loss": 55.450294091151314, "train_recall": 0.6214040404040404, "val_recall": 0.6796, "lr": 8e-05}], "train_total": {"correct": 615190, "final_recall": 0.6214040404040404}, "training_time": 2256.0548803806305, "eval_time": 0.0072247982025146484}}, {"ins_id": 2, "dataset_partition": {"bulid_graph_time": 63.264352321624756, "save_graph_time": 40.47522592544556, "graph_partition_time": 52.199169635772705, "total_time": 156.0948724746704,