{"total_time_consume": 3570.4116444587708, "preprocess": {"kmeans_time": 12.840149879455566, "random_projection_time": 0.0003848075866699219, "total_time": 12.888604640960693}, "classifier": [{"ins_id": 0, "dataset_partition": {"bulid_graph_time": 825.6264977455139, "save_graph_time": 26.476414918899536, "graph_partition_time": 83.8224081993103, "total_time": 936.0903856754303, "cluster_number_distribution": [4013, 4015, 4013, 4016, 4020, 4011, 4012, 4012, 4014, 4015, 3195, 4003, 4006, 4011, 4009, 4012, 4012, 4013, 4012, 4012, 0, 4012, 4012, 4013, 4011, 4012, 4013, 4011, 4012, 4012, 4012, 4012, 4014, 4012, 4012, 4012, 4015, 4015, 4012, 4013, 4008, 4008, 3932, 4013, 4012, 4014, 4007, 4025, 4019, 4012, 4016, 4010, 2523, 4012, 4015, 4013, 2325, 4012, 4014, 4012, 4012, 4013, 4012, 4015, 4013, 4013, 4012, 4011, 4011, 4013, 3711, 4012, 4015, 4013, 4015, 4013, 3585, 4013, 2699, 4014, 4012, 4015, 4007, 4015, 4012, 4013, 4012, 4015, 4012, 4012, 4013, 4012, 2926, 4017, 4012, 4011, 4012, 4015, 4012, 4012, 4015, 1672, 4015, 4012, 4012, 4011, 4015, 4012, 4014, 4012, 4009, 3764, 4012, 4012, 4012, 4014, 4012, 4011, 4015, 4014, 4012, 4014, 4012, 4013, 4010, 4011, 4014, 4012, 2337, 4009, 4013, 4012, 4038, 4033, 4037, 4035, 4028, 4036, 4035, 4034, 4037, 4034, 4036, 4033, 4034, 4034, 1561, 4035, 4035, 4036, 4037, 4035, 4038, 4036, 4035, 4032, 4035, 3961, 4038, 4036, 4034, 4036, 4036, 4035, 4038, 4036, 4039, 4036, 4041, 4035, 3519, 4037, 4038, 3875, 4037, 4035, 3295, 4035, 4037, 4037, 4038, 4034, 4034, 4038, 4038, 4039, 4035, 4035, 4037, 4036, 4037, 4037, 4036, 206, 4039, 4033, 4035, 4037, 4036, 4035, 216, 4036, 4035, 4037, 4035, 4037, 4034, 4034, 4035, 4036, 4036, 4037, 4035, 4036, 4041, 4035, 4039, 4035, 4035, 4035, 4033, 4037, 4036, 4036, 4034, 4035, 4036, 4030, 4038, 4035, 4036, 4033, 4035, 4035, 4035, 4033, 4039, 4035, 3471, 4036, 4034, 4035, 1598, 4035, 4036, 4035, 4041, 4035, 4033, 4037, 4038, 4037, 4039, 4037, 4035, 4037]}, "prepare_train_sample": {"time": 0.5990002155303955}, "train_eval_model": {"train_config": {"model_name": "one_block_8192_dim", "lr": 0.001, "n_epochs": 12, "milestones": [3, 7]}, "train_intermediate": [{"epoch": 0, "loss": 62.95521450317079, "eval_loss": 48.66438603401184, "train_recall": 0.628560606060606, "val_recall": 0.739, "lr": 0.001}, {"epoch": 1, "loss": 58.46623884522199, "eval_loss": 48.20307976771624, "train_recall": 0.6880272727272727, "val_recall": 0.7562, "lr": 0.001}, {"epoch": 2, "loss": 57.788697194740216, "eval_loss": 47.91767990894807, "train_recall": 0.7037636363636364, "val_recall": 0.7627, "lr": 0.001}, {"epoch": 3, "loss": 56.813060784542586, "eval_loss": 47.2308728328118, "train_recall": 0.7291888888888889, "val_recall": 0.78, "lr": 0.0001}, {"epoch": 4, "loss": 56.6591002274435, "eval_loss": 47.25408308322613, "train_recall": 0.733089898989899, "val_recall": 0.7815, "lr": 0.0001}, {"epoch": 5, "loss": 56.58014787377463, "eval_loss": 47.12175040367322, "train_recall": 0.7350848484848485, "val_recall": 0.7841, "lr": 0.0001}, {"epoch": 6, "loss": 56.522363541448925, "eval_loss": 47.14337291472997, "train_recall": 0.7363222222222222, "val_recall": 0.78, "lr": 0.0001}, {"epoch": 7, "loss": 56.44029648764762, "eval_loss": 47.02632490182534, "train_recall": 0.7394737373737373, "val_recall": 0.7846, "lr": 1e-05}, {"epoch": 8, "loss": 56.4173804852597, "eval_loss": 46.99699403078128, "train_recall": 0.7401515151515151, "val_recall": 0.7833, "lr": 1e-05}, {"epoch": 9, "loss": 56.40907748044452, "eval_loss": 47.04763347674639, "train_recall": 0.7401383838383838, "val_recall": 0.784, "lr": 1e-05}, {"epoch": 10, "loss": 56.396267921232464, "eval_loss": 47.119693554364716, "train_recall": 0.7406414141414142, "val_recall": 0.7848, "lr": 1e-05}, {"epoch": 11, "loss": 56.389044478826094, "eval_loss": 47.03353544381949, "train_recall": 0.7403575757575758, "val_recall": 0.7835, "lr": 1e-05}], "train_total": {"correct": 732954, "final_recall": 0.7403575757575758}, "training_time": 2367.1964156627655, "eval_time": 0.02127385139465332}}], "integrate": {"time": 105.49403262138367}, "count_recall": {"time": 122.43884301185608}}