{"total_time_consume": 16685.527727603912, "preprocess": {"total_time": 0.19997930526733398}, "classifier": [{"ins_id": 0, "dataset_partition": {"bulid_graph_time": 883.642582654953, "save_graph_time": 28.310903787612915, "graph_partition_time": 57.57033395767212, "total_time": 969.6844472885132, "cluster_number_distribution": [4014, 3522, 4011, 4011, 4008, 4012, 2721, 4010, 4011, 4010, 4015, 3496, 4011, 4014, 4015, 4015, 4014, 4018, 3459, 4007, 4010, 3028, 4014, 4009, 4012, 3470, 4010, 4010, 4009, 4011, 4011, 4015, 3763, 3699, 4012, 4009, 4010, 4010, 4010, 4010, 257, 4013, 4009, 4010, 4017, 4009, 4012, 4010, 4009, 4008, 4018, 4012, 4010, 4002, 4009, 4011, 4009, 4010, 4013, 4016, 4011, 4010, 3847, 4011, 4010, 4014, 4013, 4012, 4012, 4011, 4010, 3597, 3961, 4010, 4010, 4010, 4010, 4012, 3672, 4010, 4010, 4012, 4016, 4014, 4011, 4015, 3027, 4005, 3020, 4010, 4011, 4010, 4011, 4010, 4011, 4016, 4010, 4010, 4011, 4010, 4009, 4012, 4010, 4016, 4010, 2105, 4011, 4010, 4010, 3756, 4012, 3650, 4015, 4006, 4011, 4004, 4009, 3181, 4014, 4017, 4014, 4012, 4007, 4010, 4014, 4010, 4012, 4009, 4027, 3997, 4036, 4033, 3968, 4036, 4032, 4022, 3103, 4030, 4028, 3989, 4017, 4028, 4030, 4033, 4036, 3939, 4036, 4033, 2123, 3922, 4036, 3965, 4037, 3711, 4036, 3969, 4036, 3993, 4035, 3832, 4036, 4037, 4033, 3409, 4036, 4014, 4024, 3796, 4037, 4031, 3976, 2607, 3985, 4003, 4036, 2795, 3975, 4037, 4033, 2768, 3945, 4024, 3836, 3911, 3997, 4007, 4036, 3990, 4026, 3948, 3874, 4027, 4036, 4036, 4019, 4036, 4023, 4036, 4036, 4036, 4010, 4019, 4022, 4031, 3945, 4025, 4036, 4017, 4034, 4033, 4031, 3867, 4026, 4017, 3884, 4030, 3204, 4035, 3985, 3641, 4018, 4031, 3939, 4031, 4037, 3899, 4033, 4032, 4031, 4019, 3873, 1937, 4036, 4037, 4022, 4016, 4036, 3984, 4037, 4036, 4034, 4027, 3929, 3944, 4015, 4017, 4036, 4012, 4036, 4029, 3666, 4034, 4036, 3995, 4036, 4034]}, "prepare_train_sample": {"time": 0.647064208984375}, "train_eval_model": {"train_intermediate": [{"epoch": 0, "loss": 68.89246467853958, "eval_loss": 63.64011451525566, "train_recall": 0.4122777777777778, "val_recall": 0.4581, "lr": 0.008}, {"epoch": 1, "loss": 66.44781999248615, "eval_loss": 63.24748518528082, "train_recall": 0.43584949494949493, "val_recall": 0.462, "lr": 0.008}, {"epoch": 2, "loss": 65.95275243193245, "eval_loss": 62.93512791853685, "train_recall": 0.4402989898989899, "val_recall": 0.4613, "lr": 0.008}, {"epoch": 3, "loss": 64.44016917698153, "eval_loss": 61.766550161899666, "train_recall": 0.45994141414141415, "val_recall": 0.4855, "lr": 0.0008}, {"epoch": 4, "loss": 64.24250087287356, "eval_loss": 61.652397400293594, "train_recall": 0.46277979797979796, "val_recall": 0.4871, "lr": 0.0008}, {"epoch": 5, "loss": 64.1597522560872, "eval_loss": 61.65119473139445, "train_recall": 0.46354141414141414, "val_recall": 0.486, "lr": 0.0008}, {"epoch": 6, "loss": 64.11494339622554, "eval_loss": 61.590101572183464, "train_recall": 0.46482222222222225, "val_recall": 0.4883, "lr": 0.0008}, {"epoch": 7, "loss": 63.970803712933076, "eval_loss": 61.54429917457776, "train_recall": 0.46669292929292927, "val_recall": 0.4852, "lr": 8e-05}, {"epoch": 8, "loss": 63.962684475119794, "eval_loss": 61.520399986169274, "train_recall": 0.4673090909090909, "val_recall": 0.487, "lr": 8e-05}, {"epoch": 9, "loss": 63.95967183617263, "eval_loss": 61.55563992720384, "train_recall": 0.4671181818181818, "val_recall": 0.4867, "lr": 8e-05}, {"epoch": 10, "loss": 63.9448801322957, "eval_loss": 61.47671539355547, "train_recall": 0.4675767676767677, "val_recall": 0.4904, "lr": 8e-05}, {"epoch": 11, "loss": 63.93796402906275, "eval_loss": 61.553474829747124, "train_recall": 0.4675050505050505, "val_recall": 0.4836, "lr": 8e-05}], "train_total": {"correct": 462830, "final_recall": 0.4675050505050505}, "training_time": 2993.095106601715, "eval_time": 0.005837202072143555}}, {"ins_id": 1, "dataset_partition": {"bulid_graph_time": 950.8866679668427, "save_graph_time": 29.515875339508057, "graph_partition_time": 59.08521819114685, "total_time": 1039.6498441696167, "cluster_number_distribution": [4036, 4037, 3887, 3874, 3980, 4008, 3930, 4035, 4037, 4020, 4037, 3973, 3878, 4037, 4026, 3846, 4028, 3964, 4037, 2105, 4032, 4037, 4030, 3877, 3943, 4027, 4036, 3953, 3912, 3893, 4033, 4035, 4002, 4017, 3967, 4025, 4037, 4025, 3961, 4022, 4037, 3879, 4029, 4036, 4035, 4029, 3884, 3958, 4037, 4031, 4037, 3948, 4038, 2381, 3887, 3870, 4034, 3995, 4037, 4037, 3963, 4034, 4037, 4036, 4037, 3858, 4035, 3995, 4016, 4037, 4029, 3821, 4036, 4025, 4035, 4037, 4037, 3831, 4037, 3497, 4034, 4037, 3987, 3992, 4037, 4004, 3966, 3638, 3562, 4036, 4038, 4038, 3972, 4038, 3656, 4037, 4037, 3343, 4037, 4037, 4037, 4038, 4038, 4038, 4037, 4036, 4037, 3343, 3717, 4036, 2649, 4037, 3110, 4037, 3879, 4035, 3596, 3949, 3848, 3896, 3950, 3884, 4035, 3908, 4037, 3390, 4017, 4031, 4037, 4037, 4027, 4009, 3558, 4011, 3430, 4008, 3999, 3981, 4008, 3632, 4010, 4008, 2469, 2818, 4011, 4009, 4003, 3876, 4009, 4008, 4014, 3933, 4010, 3570, 4008, 4009, 4006, 4007, 4008, 3533, 4016, 4009, 4012, 4009, 4014, 4008, 4010, 4012, 4006, 3692, 4012, 4011, 4010, 3504, 4008, 4011, 4007, 4010, 4008, 4008, 4008, 3965, 3912, 4008, 4007, 3595, 4008, 2608, 3430, 4008, 4008, 4006, 4009, 4010, 4006, 4013, 4010, 4008, 4008, 4009, 4010, 2785, 4012, 4008, 4008, 4011, 4008, 4006, 4008, 4009, 4008, 4007, 3936, 2804, 4010, 4012, 4008, 4012, 4010, 4011, 4008, 4010, 4008, 4008, 3872, 4008, 4008, 2928, 4008, 4009, 4010, 4009, 4009, 4010, 4008, 4009, 4009, 4009, 4009, 4008, 4006, 4011, 4011, 4008, 4008, 4010, 4008, 4009, 4010, 4009, 3139, 4004, 4012, 3259, 4008, 3317]}, "prepare_train_sample": {"time": 0.8413302898406982}, "train_eval_model": {"train_intermediate": [{"epoch": 0, "loss": 68.75595729805809, "eval_loss": 63.43560500022693, "train_recall": 0.4179030303030303, "val_recall": 0.468, "lr": 0.008}, {"epoch": 1, "loss": 66.27956189812396, "eval_loss": 63.03000703224769, "train_recall": 0.44354646464646463, "val_recall": 0.473, "lr": 0.008}, {"epoch": 2, "loss": 65.78084620164947, "eval_loss": 62.820116471021606, "train_recall": 0.4487373737373737, "val_recall": 0.4818, "lr": 0.008}, {"epoch": 3, "loss": 64.26148594902718, "eval_loss": 61.57560666402181, "train_recall": 0.46903737373737375, "val_recall": 0.4991, "lr": 0.0008}, {"epoch": 4, "loss": 64.05973049636941, "eval_loss": 61.499624924782, "train_recall": 0.4721393939393939, "val_recall": 0.5041, "lr": 0.0008}, {"epoch": 5, "loss": 63.98180512697305, "eval_loss": 61.475504655104416, "train_recall": 0.47311010101010104, "val_recall": 0.5026, "lr": 0.0008}, {"epoch": 6, "loss": 63.93290902793217, "eval_loss": 61.499734951899605, "train_recall": 0.473520202020202, "val_recall": 0.5048, "lr": 0.0008}, {"epoch": 7, "loss": 63.80431540147919, "eval_loss": 61.35603702985323, "train_recall": 0.4766757575757576, "val_recall": 0.5044, "lr": 8e-05}, {"epoch": 8, "loss": 63.794317320268085, "eval_loss": 61.378172935583656, "train_recall": 0.47623434343434345, "val_recall": 0.5034, "lr": 8e-05}, {"epoch": 9, "loss": 63.77380426457847, "eval_loss": 61.371650316776375, "train_recall": 0.4763080808080808, "val_recall": 0.508, "lr": 8e-05}, {"epoch": 10, "loss": 63.76928006407786, "eval_loss": 61.35049833395542, "train_recall": 0.47584747474747474, "val_recall": 0.5054, "lr": 8e-05}, {"epoch": 11, "loss": 63.76905364366309, "eval_loss": 61.40137616181985, "train_recall": 0.4763737373737374, "val_recall": 0.5058, "lr": 8e-05}], "train_total": {"correct": 471610, "final_recall": 0.4763737373737374}, "training_time": 3018.329860687256, "eval_time": 0.007927179336547852}}, {"ins_id": 2, "dataset_partition": {"bulid_graph_time": 950.2760310173035, "save_graph_time": 26.03896164894104, "graph_partition_time": 59.81858420372009, "total_time": 1036.286007642746,