{"total_time_consume": 6926.618101358414, "preprocess": {"kmeans_time": 6320.205129861832, "random_projection": 1.9636547565460205, "total_time": 6322.253962755203}, "classifier": [{"ins_id": 1, "dataset_partition": {"time": 120.57736277580261, "cluster_number_distribution": [5965, 8397, 4336, 3394, 1155, 6222, 3458, 2490, 2194, 3637, 3278, 3235, 3382, 2823, 5605, 3187, 3455, 4690, 1198, 4081, 5185, 6220, 4473, 3639, 5297, 4203, 9491, 4164, 3955, 3139, 3388, 2664, 5573, 2486, 6321, 3408, 3827, 3388, 6233, 3524, 2482, 1360, 4651, 4432, 10796, 4719, 4343, 924, 3635, 4144, 5056, 5670, 1595, 1817, 3626, 5018, 3390, 5554, 1493, 1909, 4337, 5752, 7728, 4511, 9083, 3876, 6587, 1064, 1167, 5137, 4092, 2148, 3926, 5220, 5375, 1952, 5219, 4123, 5540, 1834, 1643, 2111, 3866, 4758, 2591, 2373, 2884, 3337, 6020, 5616, 3521, 3697, 5851, 5711, 3516, 5857, 2949, 4216, 6435, 2314, 2654, 5351, 3024, 3547, 2743, 2415, 4326, 3415, 5227, 2334, 5856, 2498, 2248, 3794, 2417, 2184, 4222, 3326, 4806, 3345, 5268, 679, 2415, 3841, 5416, 4110, 3670, 8063, 1583, 3816, 5220, 2274, 2456, 3295, 4020, 1679, 2657, 4367, 3667, 4560, 2752, 7212, 3605, 2556, 6408, 2806, 3165, 970, 3051, 2975, 3850, 4820, 3549, 1958, 2774, 5185, 968, 3484, 3778, 15486, 4001, 3339, 4807, 1772, 741, 1888, 3854, 2016, 3304, 4720, 5379, 4356, 3214, 2071, 4696, 3892, 6419, 2483, 2122, 2403, 3692, 1806, 4973, 4430, 3143, 1730, 3275, 5308, 4796, 3400, 3528, 3828, 5266, 2896, 5245, 5769, 4128, 4963, 5600, 3580, 4590, 2320, 3986, 1075, 5072, 1025, 3156, 4468, 1992, 3760, 6351, 5585, 3369, 1326, 2697, 4007, 3233, 7539, 4719, 4234, 6327, 6508, 1663, 3203, 7665, 2266, 1518, 4718, 5204, 3324, 3130, 2019, 4168, 3040, 2193, 2758, 2919, 5608, 6567, 2917, 1394, 4901, 2627, 3723, 3327, 3281, 4272, 1458, 6623, 7191, 3983, 5081, 4539, 5095, 4056, 1946]}, "predict": {"time": 1.3720753192901611}}, {"ins_id": 2, "dataset_partition": {"time": 118.4727075099945, "cluster_number_distribution": [7176, 2491, 4681, 4274, 3620, 3207, 4181, 3707, 4696, 5641, 2901, 3767, 6750, 3326, 4028, 2613, 4342, 2727, 2554, 2337, 3641, 3256, 2062, 3180, 5803, 3328, 6304, 2611, 3386, 4541, 4608, 2315, 2253, 3284, 2315, 2335, 2813, 4291, 4141, 4933, 3664, 2131, 1997, 3035, 2053, 3000, 2403, 4227, 4222, 17683, 4980, 1328, 1971, 2602, 4025, 4646, 3385, 2190, 5603, 3167, 4760, 1949, 6399, 4373, 7268, 2610, 3866, 3729, 2385, 2206, 2831, 3306, 3600, 2668, 4205, 2421, 5557, 6504, 3203, 3696, 3230, 4533, 3263, 5578, 5052, 5474, 2867, 4529, 1992, 4821, 4763, 2977, 5912, 2794, 5967, 3662, 4536, 4834, 3434, 4582, 5550, 2226, 4611, 2318, 2062, 4510, 4011, 5970, 3224, 4084, 4239, 3602, 8221, 3971, 2090, 3195, 6358, 3463, 2925, 5325, 3812, 4157, 8607, 2386, 1774, 2415, 4002, 4793, 2107, 7201, 8765, 2110, 3467, 3596, 3903, 7319, 3430, 4633, 2034, 2446, 3124, 2370, 3312, 3415, 4392, 5284, 3330, 3268, 2767, 5793, 2305, 1613, 4912, 2991, 4338, 3320, 4950, 5053, 2314, 1882, 4138, 2921, 3905, 1742, 2507, 3632, 2606, 4992, 2448, 5862, 3807, 3250, 4274, 3618, 1624, 2656, 3276, 1827, 5000, 3106, 2667, 3851, 5571, 2607, 3629, 2405, 3728, 5395, 6504, 3953, 5087, 2668, 3763, 2447, 1742, 4696, 2063, 2544, 2523, 4317, 2848, 3976, 1972, 3441, 3340, 1454, 3912, 6011, 2208, 3860, 8102, 7595, 5134, 2838, 2736, 4967, 3673, 2791, 5743, 5866, 3620, 4055, 7919, 2079, 1872, 2076, 3643, 3742, 1175, 3519, 4212, 3950, 5411, 5231, 4505, 5236, 3845, 4189, 4662, 3256, 8132, 3380, 4134, 5466, 1635, 3936, 4838, 4812, 2971, 4103, 4666, 1408, 7787, 5342, 6434, 4229]}, "predict": {"time": 1.3333415985107422}}, {"ins_id": 3, "dataset_partition": {"time": 116.53873682022095, "cluster_number_distribution": [2904, 4991, 2533, 3503, 2787, 4757, 2964, 2254, 2642, 3254, 1899, 2354, 6140, 3587, 6077, 4945, 7249, 9904, 7393, 3808, 4110, 2738, 5252, 8268, 6195, 10507, 4086, 3535, 4922, 3546, 7616, 3717, 3923, 2699, 6440, 1942, 4008, 2445, 2953, 3850, 6577, 5182, 3649, 5134, 4680, 2457, 3187, 3570, 3768, 2107, 2050, 9106, 3720, 4073, 3876, 2633, 3287, 3100, 2081, 4624, 5047, 3684, 4932, 6420, 3671, 2259, 3168, 4036, 3546, 2683, 4568, 2704, 2870, 4434, 4010, 4412, 1911, 2119, 3985, 4125, 5836, 2937, 1978, 4531, 3585, 5478, 2897, 3735, 5155, 2996, 1528, 2529, 4921, 3017, 3701, 4962, 2684, 4413, 4296, 5672, 2279, 3937, 2586, 4753, 2234, 3871, 1228, 3445, 3014, 3199, 4493, 5467, 6810, 1502, 2080, 5426, 4036, 1726, 4605, 3152, 5855, 2010, 4739, 3004, 2369, 4408, 5094, 2660, 4477, 3203, 3489, 6828, 3444, 9639, 3849, 4208, 4056, 4209, 3494, 3479, 2878, 6519, 857, 3685, 3352, 2247, 3545, 5325, 1905, 2651, 2932, 5519, 6840, 3437, 2613, 3600, 4459, 2804, 3592, 3232, 4097, 2140, 3732, 4762, 3038, 2228, 3031, 2081, 3881, 7191, 1596, 4710, 6911, 2995, 3184, 2244, 4349, 1849, 3790, 1320, 2968, 6014, 2420, 5808, 3674, 8446, 3090, 5176, 2266, 7858, 3507, 3460, 4677, 1100, 2296, 3260, 3143, 1461, 7071, 3105, 3177, 3788, 3248, 3031, 2891, 2536, 6534, 4683, 2602, 3143, 4133, 4733, 2985, 3543, 1241, 3433, 3121, 3734, 3888, 9236, 2608, 1707, 2205, 2506, 5685, 2667, 3272, 4923, 4674, 2978, 10026, 3862, 5698, 5655, 3321, 3130, 5772, 2092, 3426, 5047, 5070, 6659, 2324, 5630, 5904, 3704, 3032, 3110, 2199, 2324, 4560, 1652, 2682, 1926, 3597, 3422]}, "predict": {"time": 1.331956386566162}}, {"ins_id": 4, "dataset_partition": {"time": 115.84129285812378, "cluster_number_distribution": [15416, 2835, 3370, 4058, 4124, 2373, 3316, 2353, 4305, 4729, 2350, 5382, 2135, 6216, 3241, 5829, 3386, 3814, 3686, 3777, 3647, 1832, 2070, 5369, 3022, 4643, 3073, 2210, 2980, 3770, 2234, 4686, 3208, 1178, 8002, 2726, 4237, 4584, 3874, 1554, 4943, 8046, 5945, 5061, 2468, 4112, 7024, 5857, 7897, 6302, 3326, 2859, 4457, 3652, 4609, 3708, 4967, 3248, 3816, 3224, 3259, 2921, 4838, 3506, 5707, 3050, 2859, 4144, 2192, 7694, 4999, 3948, 3469, 3303, 1478, 7337, 3134, 4229, 3674, 2399, 3917, 3083, 4792, 2016, 4797, 7825, 2886, 4786, 2280, 6055, 2949, 3432, 4369, 4490, 3374, 2845, 4732, 4109, 4556, 3138, 8037, 1743, 7194, 3912, 7670, 2602, 4282, 8487, 2051, 3134, 4315, 4182, 4931, 2256, 2730, 5443, 2216, 2743, 3373, 8191, 4171, 3148, 4749, 3725, 6543, 3636, 3245, 4470, 2344, 2661, 4904, 4183, 2845, 2716, 2692, 5078, 3665, 8319, 3541, 7140, 2604, 1298, 4976, 4212, 3935, 4045, 2870, 1505, 2592, 4791, 2977, 3079, 1994, 3949, 3902, 3662, 2992, 6186, 3127, 3227, 8026, 4421, 3193, 6970, 3653, 1864, 2715, 2155, 4299, 3357, 7826, 5076, 1591, 3745, 3267, 3505, 4088, 2615, 2403, 3681, 3106, 4190, 2688, 3245, 5681, 3262, 3796, 2705, 1538, 3886, 2247, 3954, 2839, 1871, 4559, 3457, 3807, 2485, 3947, 3733, 3462, 2803, 4431, 5180, 3416, 3864, 2010, 3578, 3546, 7991, 1789, 4387, 3165, 6855, 2754, 3338, 7516, 3925, 2708, 2876, 3527, 2353, 4648, 2141, 2382, 3807, 1995, 3709, 2908, 2875, 2828, 2853, 3597, 2787, 2616, 2030, 4775, 6269, 4219, 4378, 3343, 4188, 5032, 3364, 4181, 2854, 2361, 3496, 4364, 3629, 3225, 2793, 3595, 3660, 2840, 4462]}, "predict": {"time": 1.3466362953186035}}], "integrate": {"time": 60.75676393508911}, "count_recall": {"time": 66.07124304771423}}