{"total_time_consume": 20356.32398056984, "preprocess": {"kmeans_time": 9685.0011677742, "random_projection_time": 0.021888017654418945, "total_time": 9685.231247663498}, "classifier": [{"ins_id": 0, "dataset_partition": {"count_label_time": 188.43886947631836, "total_time": 188.61997032165527, "cluster_number_distribution": [10323, 8293, 751, 8712, 6503, 3434, 1626, 4183, 4775, 11752, 716, 4843, 6938, 7377, 1752, 1764, 3005, 3920, 2763, 1157, 7518, 6112, 5528, 8739, 1153, 6620, 6437, 6116, 1194, 2345, 7947, 3421, 849, 1833, 1257, 2339, 4738, 12964, 2165, 2524, 2745, 1597, 9199, 2011, 3397, 2015, 5971, 2255, 1012, 5467, 3887, 1705, 4566, 10085, 1804, 2492, 2945, 6834, 4000, 1636, 4507, 4191, 5071, 8265, 1665, 6852, 2387, 4307, 7159, 1873, 1337, 2648, 3595, 2557, 1619, 11577, 6034, 7647, 2556, 11506, 1765, 1240, 1436, 6559, 2704, 2646, 1966, 2286, 5384, 297, 6402, 2367, 926, 10701, 940, 3499, 1335, 5554, 4284, 9515, 13611, 1701, 408, 1760, 2410, 6214, 1091, 4161, 5967, 4527, 1807, 2020, 5694, 952, 952, 8217, 2856, 2308, 1680, 2318, 1589, 4249, 1713, 2234, 2281, 2844, 3873, 3007, 5217, 3439, 3001, 1577, 2057, 1850, 9308, 1951, 2091, 1875, 5289, 4317, 3038, 2486, 1976, 1092, 2363, 12071, 2148, 6967, 3943, 771, 2020, 3247, 1773, 2500, 4871, 9680, 1948, 605, 2303, 1355, 2091, 6391, 7977, 3522, 1162, 1956, 1787, 2038, 1960, 6918, 3636, 2302, 773, 1666, 14762, 2316, 4456, 2996, 1829, 8608, 3566, 3589, 10996, 7554, 1726, 3053, 3754, 793, 907, 1005, 2527, 6896, 2458, 1688, 6003, 5266, 2960, 2677, 2863, 1296, 2069, 853, 3125, 1423, 6143, 8295, 1731, 6539, 1719, 7301, 6037, 1361, 2639, 12790, 3363, 4644, 7451, 2846, 7303, 1029, 2303, 6812, 4070, 2228, 2524, 1764, 3272, 5050, 2277, 1854, 1851, 1902, 5134, 7029, 3893, 2854, 539, 1743, 1174, 11282, 10944, 6367, 1505, 6052, 1272, 3514, 5736, 3397, 2604, 3023, 1506, 4835, 5107, 785, 675, 998]}, "prepare_train_sample": {"time": 0.43813228607177734}, "train_eval_model": {"train_config": {"model_name": "one_block_2048_dim", "lr": 0.008, "n_epochs": 12, "milestones": [3, 7]}, "train_intermediate": [{"epoch": 0, "loss": 81.1174734309005, "eval_loss": 76.7192029708471, "train_recall": 0.558579797979798, "val_recall": 0.6118, "lr": 0.008}, {"epoch": 1, "loss": 79.22413617263658, "eval_loss": 76.46224169853406, "train_recall": 0.5746363636363636, "val_recall": 0.6149, "lr": 0.008}, {"epoch": 2, "loss": 78.99279651135677, "eval_loss": 76.35638328698965, "train_recall": 0.576179797979798, "val_recall": 0.6089, "lr": 0.008}, {"epoch": 3, "loss": 77.34131400648445, "eval_loss": 74.98996509649815, "train_recall": 0.6001575757575758, "val_recall": 0.6362, "lr": 0.0008}, {"epoch": 4, "loss": 77.13640084429888, "eval_loss": 74.84278482045883, "train_recall": 0.6031434343434343, "val_recall": 0.6389, "lr": 0.0008}, {"epoch": 5, "loss": 77.05713926291202, "eval_loss": 74.74734420042772, "train_recall": 0.6035878787878788, "val_recall": 0.6387, "lr": 0.0008}, {"epoch": 6, "loss": 76.99935531961466, "eval_loss": 74.90441269752307, "train_recall": 0.6039353535353535, "val_recall": 0.6456, "lr": 0.0008}, {"epoch": 7, "loss": 76.85118900492292, "eval_loss": 74.79154149079935, "train_recall": 0.6057929292929293, "val_recall": 0.6484, "lr": 8e-05}, {"epoch": 8, "loss": 76.83342584053324, "eval_loss": 74.66360131288187, "train_recall": 0.6060373737373738, "val_recall": 0.6444, "lr": 8e-05}, {"epoch": 9, "loss": 76.833251304169, "eval_loss": 74.70151201883952, "train_recall": 0.6055828282828283, "val_recall": 0.6365, "lr": 8e-05}, {"epoch": 10, "loss": 76.82080963506654, "eval_loss": 74.70240413225613, "train_recall": 0.6061969696969697, "val_recall": 0.6398, "lr": 8e-05}, {"epoch": 11, "loss": 76.81355147887807, "eval_loss": 74.81009856248514, "train_recall": 0.6062111111111111, "val_recall": 0.6481, "lr": 8e-05}], "train_total": {"correct": 600149, "final_recall": 0.6062111111111111}, "training_time": 2307.4843595027924, "eval_time": 0.010823965072631836}}, {"ins_id": 1, "dataset_partition": {"count_label_time": 223.56776189804077, "total_time": 223.7346694469452, "cluster_number_distribution": [3598, 1376, 2911, 5007, 5076, 5016, 2145, 1029, 4520, 3388, 7384, 2773, 5346, 2402, 3270, 5795, 3939, 2117, 6493, 1074, 7618, 2393, 3144, 2815, 855, 8410, 4486, 3721, 2938, 11616, 2836, 2731, 2968, 1564, 3754, 1405, 2192, 6770, 2058, 1274, 500, 9284, 3643, 4630, 4308, 455, 5841, 2521, 3305, 2772, 8945, 3379, 8389, 2609, 2463, 3238, 1304, 2753, 3267, 5263, 1128, 3311, 2715, 2578, 2673, 4723, 1916, 2222, 6428, 8625, 1992, 2996, 4326, 2374, 2121, 2979, 2851, 4656, 2610, 5352, 4032, 3932, 2534, 1343, 6755, 3579, 3873, 717, 8530, 1680, 4727, 3819, 7385, 3238, 2212, 1023, 3357, 15607, 2852, 3434, 6509, 2420, 2584, 8223, 4159, 4480, 12125, 5975, 4859, 2610, 6553, 450, 3307, 5767, 3173, 4757, 3487, 9818, 1169, 744, 2739, 1535, 3854, 2907, 5932, 3883, 1166, 2588, 2887, 1270, 5084, 1035, 6004, 3056, 1517, 1660, 1460, 2547, 2117, 962, 2099, 2580, 3207, 2461, 5432, 3491, 4190, 957, 2295, 1122, 1607, 2397, 1386, 1094, 3441, 2557, 1869, 8976, 1673, 8906, 2510, 4665, 14165, 2617, 9546, 6104, 2875, 4388, 3689, 1349, 7584, 8223, 1447, 2931, 2854, 5011, 3526, 6490, 2518, 1818, 6193, 7091, 229, 2832, 4700, 3972, 1213, 9228, 2175, 2104, 5840, 5455, 4687, 874, 4822, 3184, 3055, 2230, 1221, 6849, 3857, 4056, 4953, 2121, 5980, 2462, 5145, 4366, 2633, 10865, 997, 1977, 1482, 2067, 1129, 5258, 7031, 6461, 8384, 1945, 835, 1340, 1657, 4218, 7828, 5695, 2251, 2447, 5807, 1251, 1303, 5755, 3711, 18463, 1508, 3278, 3855, 2426, 2142, 3348, 4553, 5367, 3921, 718, 4896, 7116, 7008, 3049, 551, 9242, 957, 2294, 4661, 3494, 11563, 4666]}, "prepare_train_sample": {"time": 0.4743812084197998}, "train_eval_model": {"train_config": {"model_name": "one_block_2048_dim", "lr": 0.008, "n_epochs": 12, "milestones": [3, 7]}, "train_intermediate": [{"epoch": 0, "loss": 82.06288064801979, "eval_loss": 77.75718388190636, "train_recall": 0.5598141414141414, "val_recall": 0.6178, "lr": 0.008}, {"epoch": 1, "loss": 80.17091526239017, "eval_loss": 77.51960679812309, "train_recall": 0.575279797979798, "val_recall": 0.6138, "lr": 0.008}, {"epoch": 2, "loss": 79.91022028566836, "eval_loss": 77.66422386658498, "train_recall": 0.5765282828282828, "val_recall": 0.5993, "lr": 0.008}, {"epoch": 3, "loss": 78.31338058791287, "eval_loss": 76.17883995251778, "train_recall": 0.5987545454545454, "val_recall": 0.6267, "lr": 0.0008}, {"epoch": 4, "loss": 78.09730833621842, "eval_loss": 75.96939804615118, "train_recall": 0.602139393939394, "val_recall": 0.6331, "lr": 0.0008}, {"epoch": 5, "loss": 78.01401499787595, "eval_loss": 76.1630989588224, "train_recall": 0.6025161616161616, "val_recall": 0.6349, "lr": 0.0008}, {"epoch": 6, "loss": 77.9518470115574, "eval_loss": 76.11124837092864, "train_recall": 0.6030959595959596, "val_recall": 0.6396, "lr": 0.0008}, {"epoch": 7, "loss": 77.81714439817493, "eval_loss": 75.79500128672673, "train_recall": 0.6046494949494949, "val_recall": 0.6341, "lr": 8e-05}, {"epoch": 8, "loss": 77.79033681320367, "eval_loss": 75.98026013985658, "train_recall": 0.604790909090909, "val_recall": 0.6341, "lr": 8e-05}, {"epoch": 9, "loss": 77.7837141698952, "eval_loss": 75.89126270245283, "train_recall": 0.6056767676767677, "val_recall": 0.6367, "lr": 8e-05}, {"epoch": 10, "loss": 77.78380659452162, "eval_loss": 76.05721237720587, "train_recall": 0.6050080808080808, "val_recall": 0.637, "lr": 8e-05}, {"epoch": 11, "loss": 77.78099736018461, "eval_loss": 75.95357217544165, "train_recall": 0.6050333333333333, "val_recall": 0.637, "lr": 8e-05}], "train_total": {"correct": 598983, "final_recall": 0.6050333333333333}, "training_time": 2334.3968920707703, "eval_time": 0.0061419010162353516}}, {"ins_id": 2, "dataset_partition": {"count_label_time": 208.95261430740356, "total_time": 209.1021716594696,