{"total_time_consume": 37136.60825061798, "preprocess": {"total_time": 0.11550259590148926}, "classifier": [{"ins_id": 0, "dataset_partition": {"bulid_graph_time": 74.62055945396423, "save_graph_time": 49.1483998298645, "graph_partition_time": 73.05016255378723, "total_time": 197.00427770614624, "cluster_number_distribution": [3920, 4021, 4024, 4024, 0, 4024, 3863, 4024, 3982, 4021, 4020, 4024, 3902, 4019, 3991, 3936, 4024, 4023, 3728, 4024, 4024, 3759, 4023, 4020, 4024, 4024, 4024, 3999, 4024, 3814, 3887, 3891, 3872, 3875, 4024, 4023, 4024, 3878, 4020, 3906, 4022, 4024, 4017, 4006, 4024, 4002, 3966, 3985, 3957, 4017, 4001, 4023, 3962, 4023, 3996, 4023, 3921, 4010, 4024, 3828, 3665, 3974, 4024, 3770, 3860, 4022, 4018, 3908, 4024, 3781, 4020, 3947, 4024, 1806, 3937, 3960, 4024, 3986, 4021, 4021, 4024, 4024, 3995, 3742, 4024, 4023, 4023, 3984, 4023, 3932, 3802, 4023, 3270, 4024, 4022, 4024, 3904, 3975, 4023, 3978, 4024, 4024, 4010, 4024, 4020, 4000, 3853, 3931, 4022, 4024, 4024, 4023, 4024, 3801, 3785, 3939, 3894, 3992, 3951, 4008, 4024, 4003, 3825, 3852, 4008, 3924, 4023, 4024, 4023, 3957, 3959, 4024, 3924, 4024, 4019, 4024, 4023, 3805, 4024, 4017, 4024, 4024, 3982, 3978, 3975, 3962, 3970, 0, 3975, 4024, 3739, 4024, 3944, 3982, 4024, 4024, 4024, 4024, 3812, 4022, 3871, 3759, 4011, 4024, 4024, 3955, 4023, 4024, 3748, 3999, 4020, 4012, 4024, 3903, 4022, 3918, 4017, 4023, 1846, 3982, 4024, 4024, 4018, 3846, 3824, 4023, 3936, 3976, 4024, 4024, 4017, 4021, 4023, 4024, 4024, 3883, 4024, 3810, 4022, 3912, 4023, 3852, 4024, 4023, 3895, 4009, 3895, 3901, 4024, 4023, 4021, 4024, 4024, 4024, 4023, 3943, 4023, 4015, 4024, 4023, 3724, 4023, 4024, 4018, 4021, 4024, 3921, 4024, 4023, 4017, 3773, 4022, 3906, 4024, 4024, 4023, 4023, 4021, 4021, 4023, 4020, 4005, 4024, 3781, 4024, 3842, 4003, 3870, 0, 4018, 3728, 3877, 3971, 4024, 4024, 4010]}, "prepare_train_sample": {"time": 0.5873122215270996}, "train_eval_model": {"train_config": {"model_name": "one_block_8192_dim", "lr": 0.001, "n_epochs": 12, "milestones": [3, 7]}, "train_intermediate": [{"epoch": 0, "loss": 62.26340199154951, "eval_loss": 48.78389711257739, "train_recall": 0.6485353535353535, "val_recall": 0.7508, "lr": 0.001}, {"epoch": 1, "loss": 58.227449934688416, "eval_loss": 48.04333450244023, "train_recall": 0.7066484848484849, "val_recall": 0.7694, "lr": 0.001}, {"epoch": 2, "loss": 57.60551562921014, "eval_loss": 47.780758784367485, "train_recall": 0.7224959595959596, "val_recall": 0.7766, "lr": 0.001}, {"epoch": 3, "loss": 56.71863027347538, "eval_loss": 47.201552965702156, "train_recall": 0.748320202020202, "val_recall": 0.7944, "lr": 0.0001}, {"epoch": 4, "loss": 56.56691609686053, "eval_loss": 47.16567181929564, "train_recall": 0.7531474747474748, "val_recall": 0.7946, "lr": 0.0001}, {"epoch": 5, "loss": 56.49895662265261, "eval_loss": 47.082028028292534, "train_recall": 0.7553414141414141, "val_recall": 0.7985, "lr": 0.0001}, {"epoch": 6, "loss": 56.45118864132014, "eval_loss": 47.069868479019554, "train_recall": 0.7563979797979798, "val_recall": 0.8018, "lr": 0.0001}, {"epoch": 7, "loss": 56.351570562936104, "eval_loss": 47.06683369171925, "train_recall": 0.7600535353535354, "val_recall": 0.8004, "lr": 1e-05}, {"epoch": 8, "loss": 56.345676660591664, "eval_loss": 47.02502800256778, "train_recall": 0.7597737373737373, "val_recall": 0.7977, "lr": 1e-05}, {"epoch": 9, "loss": 56.334634586616225, "eval_loss": 47.02990453671186, "train_recall": 0.7602676767676768, "val_recall": 0.8015, "lr": 1e-05}, {"epoch": 10, "loss": 56.33233497743674, "eval_loss": 47.05610791230813, "train_recall": 0.7608161616161616, "val_recall": 0.8023, "lr": 1e-05}, {"epoch": 11, "loss": 56.327375410692596, "eval_loss": 47.03376565224085, "train_recall": 0.7603474747474748, "val_recall": 0.8008, "lr": 1e-05}], "train_total": {"correct": 752744, "final_recall": 0.7603474747474748}, "training_time": 8932.71915102005, "eval_time": 0.2084636688232422}}, {"ins_id": 1, "dataset_partition": {"bulid_graph_time": 66.24404501914978, "save_graph_time": 46.31900882720947, "graph_partition_time": 60.71935272216797, "total_time": 173.4660439491272, "cluster_number_distribution": [3943, 4023, 3993, 4021, 4024, 3996, 3983, 3934, 3913, 0, 4010, 4024, 3990, 3960, 4024, 4024, 4023, 4021, 4023, 4024, 3926, 3963, 3982, 3982, 1363, 4001, 4024, 4024, 1861, 2557, 3949, 4022, 4021, 4024, 4022, 4018, 3988, 3936, 4024, 3940, 4024, 4001, 3979, 3881, 3957, 4024, 3911, 3982, 3971, 4008, 3959, 4024, 3881, 4024, 4013, 3979, 3858, 4024, 4017, 2985, 4024, 3968, 4009, 4024, 4024, 4021, 3860, 3991, 3972, 3879, 4024, 4015, 4010, 4024, 4024, 3968, 3188, 3939, 4024, 4023, 4021, 3852, 3972, 4024, 3825, 4023, 4010, 4024, 3856, 3973, 2722, 4012, 4022, 3976, 4024, 3897, 3980, 2752, 4023, 4024, 3910, 4017, 3976, 3879, 4024, 3933, 4023, 3993, 3977, 3960, 3911, 3877, 3959, 4023, 4010, 4016, 4024, 4018, 3918, 4024, 4024, 4024, 4019, 4024, 3997, 4013, 3555, 3863, 4024, 3837, 4008, 4023, 3983, 3836, 3878, 3949, 4009, 3959, 3997, 4024, 3976, 3898, 3924, 4024, 4021, 3962, 3901, 4012, 4013, 4013, 4024, 3760, 2808, 4023, 4024, 3889, 4023, 3801, 4022, 3946, 4009, 4001, 3954, 3949, 3884, 4024, 3980, 3970, 4015, 4012, 4024, 4023, 3949, 3897, 3929, 4021, 3905, 4022, 2371, 4023, 3987, 4014, 3944, 3927, 4023, 4024, 4007, 4023, 4005, 4016, 3909, 4023, 3965, 4022, 3900, 3924, 3915, 4018, 3964, 3991, 3984, 3953, 3938, 4018, 3983, 3947, 4021, 4010, 4004, 4023, 4022, 4019, 4023, 4023, 3908, 4023, 4012, 4019, 4024, 4024, 3995, 3982, 4008, 3952, 3986, 3931, 3791, 3967, 3376, 3742, 3872, 3960, 3970, 4011, 3856, 4024, 4011, 3982, 4019, 4018, 4017, 4022, 3953, 4016, 3744, 3745, 4020, 4009, 4024, 3948, 3823, 4024, 3963, 4020, 4013, 3978]}, "prepare_train_sample": {"time": 0.6327815055847168}, "train_eval_model": {"train_config": {"model_name": "one_block_8192_dim", "lr": 0.001, "n_epochs": 12, "milestones": [3, 7]}, "train_intermediate": [{"epoch": 0, "loss": 69.59337708458132, "eval_loss": 58.20480799063658, "train_recall": 0.562369696969697, "val_recall": 0.65, "lr": 0.001}, {"epoch": 1, "loss": 65.64748351779016, "eval_loss": 57.32182090710371, "train_recall": 0.6150838383838384, "val_recall": 0.672, "lr": 0.001}, {"epoch": 2, "loss": 65.00703999760132, "eval_loss": 57.173992083622856, "train_recall": 0.6292010101010101, "val_recall": 0.6758, "lr": 0.001}, {"epoch": 3, "loss": 64.06222490455615, "eval_loss": 56.51989404971783, "train_recall": 0.6531787878787879, "val_recall": 0.6928, "lr": 0.0001}, {"epoch": 4, "loss": 63.914420392882654, "eval_loss": 56.42472636394012, "train_recall": 0.6584474747474748, "val_recall": 0.6925, "lr": 0.0001}, {"epoch": 5, "loss": 63.84782760730599, "eval_loss": 56.40569174595368, "train_recall": 0.6599919191919192, "val_recall": 0.6953, "lr": 0.0001}, {"epoch": 6, "loss": 63.77780890459388, "eval_loss": 56.326101303100586, "train_recall": 0.6616424242424243, "val_recall": 0.6957, "lr": 0.0001}, {"epoch": 7, "loss": 63.6872339964753, "eval_loss": 56.27578900410579, "train_recall": 0.6645151515151515, "val_recall": 0.6983, "lr": 1e-05}, {"epoch": 8, "loss": 63.671225051763976, "eval_loss": 56.316247536585884, "train_recall": 0.6650666666666667, "val_recall": 0.6975, "lr": 1e-05}, {"epoch": 9, "loss": 63.66398022500592, "eval_loss": 56.27108092185779, "train_recall": 0.6654474747474748, "val_recall": 0.6959, "lr": 1e-05}, {"epoch": 10, "loss": 63.65297663943563, "eval_loss": 56.2843356866103, "train_recall": 0.6653080808080808, "val_recall": 0.695, "lr": 1e-05}, {"epoch": 11, "loss": 63.649822588007304, "eval_loss": 56.297874621855904, "train_recall": 0.6657080808080809, "val_recall": 0.6977, "lr": 1e-05}], "train_total": {"correct": 659051, "final_recall": 0.6657080808080809}, "training_time": 9080.77298951149, "eval_time": 0.1297132968902588}}, {"ins_id": 2, "dataset_partition": {"bulid_graph_time": 71.98111939430237, "save_graph_time": 47.097350120544434, "graph_partition_time": 47.6574273109436, "total_time": 166.9185185432434,