{"total_time_consume": 1175.5006785392761, "preprocess": {"total_time": 0.5999906063079834}, "classifier": [{"ins_id": 1, "dataset_partition": {"time": 2.8153674602508545, "cluster_number_distribution": [284168, 91932, 12996, 833, 7, 0, 0, 0, 0, 0, 0, 60, 2537, 37985, 195763, 373719]}, "predict": {"time": 0.009658336639404297}}, {"ins_id": 2, "dataset_partition": {"time": 7.78995943069458, "cluster_number_distribution": [385161, 133371, 14918, 483, 2, 0, 0, 0, 0, 0, 0, 1, 201, 8963, 102332, 354568]}, "predict": {"time": 0.017612457275390625}}, {"ins_id": 3, "dataset_partition": {"time": 5.611260414123535, "cluster_number_distribution": [389045, 184640, 31558, 1884, 35, 0, 0, 0, 0, 0, 0, 4, 343, 8986, 85113, 298392]}, "predict": {"time": 0.02132701873779297}}, {"ins_id": 4, "dataset_partition": {"time": 2.875866413116455, "cluster_number_distribution": [321208, 137275, 25983, 2112, 64, 0, 0, 0, 0, 0, 0, 31, 1741, 25818, 150373, 335395]}, "predict": {"time": 0.0008912086486816406}}], "integrate": {"time": 1008.7168741226196}, "count_recall": {"time": 128.76971578598022}}