{"total_time_consume": 18.20768451690674, "preprocess": {"total_time": 0.02868795394897461}, "classifier": [{"ins_id": 0, "dataset_partition": {"kmeans_time": 12.62361216545105, "total_time": 12.624631404876709, "cluster_number_distribution": [753, 550, 878, 585, 719, 636, 624, 381, 519, 802, 651, 501, 602, 651, 518, 630]}, "prepare_train_sample": {"time": 0.02106189727783203}, "train_eval_model": {"train_intermediate": [{"epoch": 0, "loss": 62.01548663723853, "eval_loss": 39.90855312347412, "train_recall": 0.7654545454545455, "val_recall": 0.87, "lr": 0.008}, {"epoch": 1, "loss": 57.40085751933436, "eval_loss": 39.14430522918701, "train_recall": 0.7968686868686868, "val_recall": 0.82, "lr": 0.008}], "train_total": {"correct": 7889, "final_recall": 0.7968686868686868}, "training_time": 4.141678333282471, "eval_time": 0.004082202911376953}}], "integrate": {"time": 0.7079026699066162}, "count_recall": {"time": 0.3438117504119873}}