{"total_time_consume": 10617.356785297394, "preprocess": {"total_time": 0.20635437965393066}, "classifier": [{"ins_id": 0, "dataset_partition": {"bulid_graph_time": 71.84810876846313, "save_graph_time": 42.05288553237915, "graph_partition_time": 67.98691177368164, "total_time": 182.04544496536255, "cluster_number_distribution": [3740, 4023, 4024, 4024, 4022, 3921, 4024, 3739, 3930, 3744, 4022, 4023, 4023, 4024, 4024, 4024, 3790, 4008, 4019, 3873, 3817, 3858, 3982, 3910, 3947, 3838, 4024, 4024, 4024, 4024, 4024, 3890, 3747, 4023, 3980, 3976, 3788, 4023, 4024, 4024, 4024, 3744, 3876, 4024, 4022, 3904, 3966, 3922, 3744, 4015, 3768, 3998, 3921, 4024, 4021, 3951, 4024, 3752, 4024, 1198, 4012, 4024, 3741, 3741, 3741, 3831, 4023, 3926, 4023, 3989, 4001, 3762, 3780, 4023, 3996, 3741, 3921, 3197, 3737, 4023, 3848, 4024, 3934, 3863, 3919, 4024, 3748, 3745, 4014, 4022, 3953, 4023, 4024, 4023, 4004, 4022, 4024, 4020, 4024, 4024, 4022, 3971, 4023, 3742, 3907, 3921, 3948, 3529, 4024, 3923, 3782, 4020, 3943, 3924, 4021, 3740, 4022, 4023, 4024, 3896, 4022, 3786, 3877, 3320, 3997, 4023, 3744, 3825, 3895, 3930, 3867, 3976, 4023, 4004, 3789, 1280, 4024, 4024, 3804, 4024, 4024, 4023, 4024, 4019, 4024, 4005, 4024, 4024, 4024, 4023, 3915, 3824, 4009, 3201, 4012, 3741, 3912, 4024, 4022, 4022, 3996, 3849, 3573, 4024, 3838, 3043, 4022, 3948, 3959, 3928, 3937, 3979, 3922, 3858, 3993, 4024, 4022, 3984, 3882, 4023, 4024, 4022, 3958, 3992, 3838, 4023, 3898, 3873, 3797, 3976, 4023, 3965, 4024, 4023, 4024, 3900, 4015, 3980, 4024, 3747, 4024, 4024, 4021, 3829, 3875, 3949, 3881, 3729, 4024, 4024, 3858, 4017, 3586, 4007, 3906, 4023, 4023, 3948, 3885, 3902, 4023, 3858, 4024, 4024, 4024, 4008, 4024, 2999, 4022, 4019, 4024, 3835, 3998, 3740, 3984, 4022, 4021, 4016, 4023, 3959, 3791, 4024, 4024, 4023, 4023, 4024, 3975, 4024, 4024, 4024, 3744, 3931, 3948, 4012, 3334, 4024]}, "prepare_train_sample": {"time": 0.6906249523162842}, "train_eval_model": {"train_config": {"model_name": "one_block_8192_dim", "lr": 0.001, "n_epochs": 12, "milestones": [3, 7]}, "train_intermediate": [{"epoch": 0, "loss": 56.39791186795992, "eval_loss": 50.664363115261764, "train_recall": 0.6740646464646465, "val_recall": 0.7368, "lr": 0.001}, {"epoch": 1, "loss": 52.261251714629786, "eval_loss": 50.30100628045889, "train_recall": 0.7214212121212121, "val_recall": 0.7456, "lr": 0.001}, {"epoch": 2, "loss": 51.69466463950832, "eval_loss": 50.05108228096595, "train_recall": 0.7333474747474747, "val_recall": 0.7557, "lr": 0.001}, {"epoch": 3, "loss": 50.88559171737857, "eval_loss": 49.60825649897257, "train_recall": 0.7530161616161616, "val_recall": 0.7692, "lr": 0.0001}, {"epoch": 4, "loss": 50.74753884603008, "eval_loss": 49.54303729228484, "train_recall": 0.7564222222222222, "val_recall": 0.7735, "lr": 0.0001}, {"epoch": 5, "loss": 50.67506709297491, "eval_loss": 49.45320520645533, "train_recall": 0.7585434343434343, "val_recall": 0.7725, "lr": 0.0001}, {"epoch": 6, "loss": 50.61892080234565, "eval_loss": 49.47870656771538, "train_recall": 0.7597181818181818, "val_recall": 0.7698, "lr": 0.0001}, {"epoch": 7, "loss": 50.547133258038194, "eval_loss": 49.43897493068989, "train_recall": 0.7620151515151515, "val_recall": 0.7732, "lr": 1e-05}, {"epoch": 8, "loss": 50.531848641871, "eval_loss": 49.37394776711097, "train_recall": 0.7617929292929293, "val_recall": 0.7734, "lr": 1e-05}, {"epoch": 9, "loss": 50.52279939043286, "eval_loss": 49.42065342878684, "train_recall": 0.762620202020202, "val_recall": 0.7731, "lr": 1e-05}, {"epoch": 10, "loss": 50.51971937744859, "eval_loss": 49.40629754922329, "train_recall": 0.7627030303030303, "val_recall": 0.7724, "lr": 1e-05}, {"epoch": 11, "loss": 50.50973344742375, "eval_loss": 49.43206414198264, "train_recall": 0.7625060606060606, "val_recall": 0.7754, "lr": 1e-05}], "train_total": {"correct": 754881, "final_recall": 0.7625060606060606}, "training_time": 2327.885551929474, "eval_time": 0.00940847396850586}}, {"ins_id": 1, "dataset_partition": {"bulid_graph_time": 58.95976734161377, "save_graph_time": 41.55045747756958, "graph_partition_time": 72.04811215400696, "total_time": 172.72189497947693, "cluster_number_distribution": [3914, 3873, 4024, 3963, 4024, 4024, 3944, 4022, 4023, 4024, 4024, 4013, 4024, 4024, 4024, 3946, 3931, 3759, 4023, 4011, 3921, 3937, 3864, 4024, 3940, 4023, 3904, 3989, 4024, 4024, 4024, 3941, 3903, 4010, 4022, 3941, 3992, 4024, 4022, 3819, 3932, 4024, 4022, 4019, 4024, 3741, 4023, 4023, 4021, 4024, 3841, 3900, 4024, 4023, 4023, 0, 4024, 4023, 3953, 3795, 4024, 3855, 3698, 4022, 4024, 4023, 4023, 3825, 3749, 4024, 3972, 4024, 4024, 3992, 4022, 3900, 4013, 4023, 4024, 3985, 3835, 4005, 3994, 3998, 3938, 3931, 4022, 3976, 0, 4024, 4024, 3829, 4023, 4023, 4023, 3956, 0, 4024, 4022, 4024, 3819, 3955, 4021, 3949, 3947, 4010, 4010, 4021, 4024, 3909, 3903, 4001, 3400, 4023, 4024, 3959, 3796, 3871, 4016, 4024, 4003, 3767, 3916, 3742, 4003, 3701, 4024, 3827, 3739, 4024, 3951, 4024, 4023, 3881, 4024, 3808, 4024, 3945, 4024, 3938, 4024, 4015, 4003, 4017, 3847, 4011, 3739, 3920, 3868, 4024, 4023, 4024, 4023, 4018, 4023, 3899, 4024, 4024, 0, 4016, 3958, 4024, 4023, 4023, 4024, 4021, 4024, 4020, 3978, 4023, 4024, 4024, 4024, 3840, 3950, 4024, 4024, 4023, 3993, 3983, 4018, 4020, 4022, 3872, 4024, 3998, 4023, 4011, 4023, 4021, 4023, 3998, 4024, 3954, 4024, 3814, 4024, 4024, 4022, 3738, 3991, 3965, 4022, 4024, 4022, 4023, 4024, 3931, 3954, 4023, 3925, 3957, 4024, 3865, 4021, 4014, 4023, 4024, 4024, 4024, 3834, 3926, 4021, 3975, 4022, 4024, 3956, 3999, 3740, 4024, 4022, 3919, 3852, 4024, 4021, 3916, 4024, 3917, 4024, 4024, 4024, 3750, 4020, 4024, 4016, 3755, 3739, 4024, 4002, 4024, 4024, 3942, 4024, 4018, 3942, 3874]}, "prepare_train_sample": {"time": 0.7199981212615967}, "train_eval_model": {"train_config": {"model_name": "one_block_8192_dim", "lr": 0.001, "n_epochs": 12, "milestones": [3, 7]}, "train_intermediate": [{"epoch": 0, "loss": 63.34599739269776, "eval_loss": 57.779124687879516, "train_recall": 0.6035484848484849, "val_recall": 0.6537, "lr": 0.001}, {"epoch": 1, "loss": 59.356166578192294, "eval_loss": 57.33435229766063, "train_recall": 0.645910101010101, "val_recall": 0.6654, "lr": 0.001}, {"epoch": 2, "loss": 58.790185565025546, "eval_loss": 57.21611701525175, "train_recall": 0.6564454545454546, "val_recall": 0.6667, "lr": 0.001}, {"epoch": 3, "loss": 57.99420679976938, "eval_loss": 56.62057145436605, "train_recall": 0.673749494949495, "val_recall": 0.6832, "lr": 0.0001}, {"epoch": 4, "loss": 57.841876812001544, "eval_loss": 56.65726634783623, "train_recall": 0.6766111111111112, "val_recall": 0.6827, "lr": 0.0001}, {"epoch": 5, "loss": 57.773623278481885, "eval_loss": 56.577076019384926, "train_recall": 0.678030303030303, "val_recall": 0.6889, "lr": 0.0001}, {"epoch": 6, "loss": 57.715884526961105, "eval_loss": 56.558815405919, "train_recall": 0.6790979797979798, "val_recall": 0.6868, "lr": 0.0001}, {"epoch": 7, "loss": 57.63581358634667, "eval_loss": 56.52649949147151, "train_recall": 0.6812242424242424, "val_recall": 0.687, "lr": 1e-05}, {"epoch": 8, "loss": 57.63046474514124, "eval_loss": 56.4916122509883, "train_recall": 0.6810101010101011, "val_recall": 0.6867, "lr": 1e-05}, {"epoch": 9, "loss": 57.61564296376294, "eval_loss": 56.48505488420144, "train_recall": 0.681579797979798, "val_recall": 0.6876, "lr": 1e-05}, {"epoch": 10, "loss": 57.60344007828504, "eval_loss": 56.5009949023907, "train_recall": 0.681579797979798, "val_recall": 0.6862, "lr": 1e-05}, {"epoch": 11, "loss": 57.606339007021674, "eval_loss": 56.518623315371, "train_recall": 0.6810878787878788, "val_recall": 0.6886, "lr": 1e-05}], "train_total": {"correct": 674277, "final_recall": 0.6810878787878788}, "training_time": 2327.4635848999023, "eval_time": 0.010331392288208008}}, {"ins_id": 2, "dataset_partition": {"bulid_graph_time": 65.9662549495697, "save_graph_time": 42.19369602203369, "graph_partition_time": 52.070560693740845, "total_time": 160.39167165756226,