{"total_time_consume": 10210.637774467468, "preprocess": {"total_time": 0.19208502769470215}, "classifier": [{"ins_id": 0, "dataset_partition": {"bulid_graph_time": 70.9847104549408, "save_graph_time": 41.147189140319824, "graph_partition_time": 67.51809692382812, "total_time": 179.8089849948883, "cluster_number_distribution": [3906, 3741, 4020, 4022, 4024, 3954, 4024, 4021, 4024, 3957, 4013, 4017, 3765, 3810, 4002, 4024, 3972, 4024, 3959, 4024, 3876, 4024, 4024, 4021, 4024, 3181, 3982, 4024, 3907, 3906, 3749, 4023, 4016, 3745, 3945, 4021, 4023, 4024, 3779, 4023, 4023, 3761, 4021, 4009, 4022, 3811, 3845, 3924, 3995, 3845, 4017, 4024, 3954, 4024, 4022, 4015, 4019, 4023, 4024, 3692, 3936, 4024, 3828, 4024, 3324, 3794, 4024, 4023, 3992, 3429, 3996, 3872, 4022, 4021, 3890, 4022, 3568, 4022, 4023, 4023, 3822, 3742, 3931, 4024, 4022, 4024, 3943, 4024, 3891, 4024, 3814, 3947, 3777, 3223, 4023, 4024, 3966, 3980, 4024, 4022, 3836, 3841, 4024, 3206, 4024, 3941, 3982, 4002, 3927, 4022, 4024, 3947, 4015, 4018, 3978, 4023, 3941, 4024, 3737, 4024, 4023, 3353, 4019, 3799, 4024, 4023, 3955, 3740, 4023, 3788, 3942, 3985, 4023, 3251, 3963, 4020, 4022, 4023, 4023, 3886, 3957, 3944, 3993, 3016, 3907, 4023, 4017, 4021, 4024, 4023, 4015, 3888, 4011, 4000, 4024, 3807, 3963, 3213, 4024, 3795, 3982, 4024, 3875, 3743, 4024, 4022, 4024, 4023, 3742, 4024, 4024, 3953, 3893, 4023, 3948, 3874, 3948, 3896, 3924, 3905, 4022, 4024, 4023, 3943, 4023, 3921, 4024, 3936, 4023, 3741, 3741, 4024, 4021, 3942, 2779, 3992, 3791, 3857, 3740, 3806, 3890, 4008, 3744, 4019, 4012, 4024, 3747, 3769, 3934, 3915, 3975, 3964, 3981, 4024, 4012, 1808, 3841, 4007, 3739, 4024, 4024, 3668, 4024, 3960, 4024, 3742, 3704, 4022, 4024, 3771, 3912, 3563, 3942, 4024, 4021, 4019, 3877, 3846, 4024, 4008, 3844, 3904, 3860, 4022, 4018, 4024, 4024, 3771, 3740, 4024, 3877, 3897, 4024, 3963, 3258, 3990]}, "prepare_train_sample": {"time": 0.5539073944091797}, "train_eval_model": {"train_config": {"model_name": "one_block_2048_dim", "lr": 0.008, "n_epochs": 12, "milestones": [3, 7]}, "train_intermediate": [{"epoch": 0, "loss": 57.57030464508001, "eval_loss": 52.2980146530347, "train_recall": 0.6382969696969697, "val_recall": 0.6927, "lr": 0.008}, {"epoch": 1, "loss": 55.183660958622994, "eval_loss": 51.97860520925277, "train_recall": 0.6670727272727273, "val_recall": 0.6998, "lr": 0.008}, {"epoch": 2, "loss": 54.842348183342345, "eval_loss": 51.49593732295892, "train_recall": 0.6723888888888889, "val_recall": 0.7098, "lr": 0.008}, {"epoch": 3, "loss": 52.9426103308255, "eval_loss": 50.19508431507991, "train_recall": 0.7054444444444444, "val_recall": 0.7374, "lr": 0.0008}, {"epoch": 4, "loss": 52.646579684601434, "eval_loss": 49.93806395163903, "train_recall": 0.7101777777777778, "val_recall": 0.7404, "lr": 0.0008}, {"epoch": 5, "loss": 52.52384929507166, "eval_loss": 49.86740524340899, "train_recall": 0.7123838383838383, "val_recall": 0.7412, "lr": 0.0008}, {"epoch": 6, "loss": 52.45280881447001, "eval_loss": 49.90212418482854, "train_recall": 0.7138181818181818, "val_recall": 0.7398, "lr": 0.0008}, {"epoch": 7, "loss": 52.28033942040627, "eval_loss": 49.77990610171587, "train_recall": 0.7170252525252525, "val_recall": 0.7444, "lr": 8e-05}, {"epoch": 8, "loss": 52.260518416177135, "eval_loss": 49.7182745444469, "train_recall": 0.7174989898989899, "val_recall": 0.7424, "lr": 8e-05}, {"epoch": 9, "loss": 52.25864663484599, "eval_loss": 49.743031086065834, "train_recall": 0.7177282828282828, "val_recall": 0.7448, "lr": 8e-05}, {"epoch": 10, "loss": 52.246389313082, "eval_loss": 49.79137161450508, "train_recall": 0.7179666666666666, "val_recall": 0.7445, "lr": 8e-05}, {"epoch": 11, "loss": 52.24841432688243, "eval_loss": 49.76712501966036, "train_recall": 0.7176363636363636, "val_recall": 0.7461, "lr": 8e-05}], "train_total": {"correct": 710460, "final_recall": 0.7176363636363636}, "training_time": 2265.4063291549683, "eval_time": 0.009372472763061523}}, {"ins_id": 1, "dataset_partition": {"bulid_graph_time": 57.51871037483215, "save_graph_time": 40.92511034011841, "graph_partition_time": 70.59715366363525, "total_time": 169.1975872516632, "cluster_number_distribution": [4024, 0, 4024, 4022, 3974, 4024, 4024, 4022, 2889, 4023, 3943, 4020, 4024, 4024, 4024, 3732, 4024, 3924, 3982, 4020, 3925, 3861, 4006, 4023, 4023, 4024, 4021, 4024, 3998, 4024, 3800, 4024, 3744, 4000, 4024, 4012, 4023, 4021, 4024, 4021, 3878, 3888, 4024, 4024, 3892, 3812, 3138, 4024, 3810, 3806, 4024, 3886, 4024, 4013, 4021, 4023, 3950, 3869, 3922, 4005, 4023, 3998, 4024, 3896, 3891, 3901, 3874, 4023, 3949, 4021, 3898, 3879, 4019, 3969, 4022, 3998, 4024, 4024, 4023, 3740, 4024, 4024, 4022, 3831, 4023, 4024, 4020, 4022, 4014, 4024, 4021, 4024, 4023, 3793, 3848, 4014, 3958, 4021, 4024, 3825, 3742, 3971, 3979, 4021, 3932, 3891, 3974, 4023, 3790, 4024, 4022, 4023, 4021, 4024, 4020, 3825, 4008, 4024, 4024, 4024, 3999, 3805, 4024, 4019, 4009, 3836, 3934, 4021, 3915, 3855, 3962, 4024, 3886, 4024, 3958, 4023, 4024, 3879, 4024, 4024, 3927, 4014, 3964, 4024, 4018, 3054, 3874, 4024, 3984, 3974, 4023, 4008, 4024, 4024, 4024, 4024, 4024, 4024, 4022, 3872, 3915, 3979, 4006, 4024, 4016, 3973, 4020, 4016, 3144, 4024, 3892, 3991, 4024, 4024, 4023, 3962, 4023, 3956, 4022, 4024, 3907, 4020, 3969, 4023, 3959, 4024, 3881, 3910, 3880, 4023, 4012, 3964, 4023, 3815, 4023, 4024, 4020, 3804, 3282, 3835, 3979, 4017, 4023, 4017, 3992, 4024, 3988, 1273, 4002, 4024, 3795, 3665, 4024, 4000, 3870, 4022, 996, 3227, 4021, 3949, 3918, 4022, 1959, 4024, 4024, 3400, 4020, 3969, 3973, 4004, 4018, 4024, 4024, 4024, 4023, 3776, 3981, 4023, 4020, 3989, 3981, 4024, 4024, 4003, 4023, 4024, 3992, 3814, 3874, 4020, 3986, 4002, 3949, 4023, 3955, 4021]}, "prepare_train_sample": {"time": 0.5736992359161377}, "train_eval_model": {"train_config": {"model_name": "one_block_2048_dim", "lr": 0.008, "n_epochs": 12, "milestones": [3, 7]}, "train_intermediate": [{"epoch": 0, "loss": 65.18497455080397, "eval_loss": 60.46198560030032, "train_recall": 0.5637161616161617, "val_recall": 0.6176, "lr": 0.008}, {"epoch": 1, "loss": 63.05357855318913, "eval_loss": 60.022425883855576, "train_recall": 0.5877292929292929, "val_recall": 0.624, "lr": 0.008}, {"epoch": 2, "loss": 62.73184552587111, "eval_loss": 59.675296208797356, "train_recall": 0.592559595959596, "val_recall": 0.6335, "lr": 0.008}, {"epoch": 3, "loss": 60.92130790875925, "eval_loss": 58.3264737985073, "train_recall": 0.6208171717171718, "val_recall": 0.6583, "lr": 0.0008}, {"epoch": 4, "loss": 60.66002657433751, "eval_loss": 58.31753884829008, "train_recall": 0.6257161616161616, "val_recall": 0.6599, "lr": 0.0008}, {"epoch": 5, "loss": 60.54910299417856, "eval_loss": 58.170398149734886, "train_recall": 0.6273373737373737, "val_recall": 0.6645, "lr": 0.0008}, {"epoch": 6, "loss": 60.47341467672434, "eval_loss": 58.06135880641448, "train_recall": 0.6283545454545455, "val_recall": 0.6634, "lr": 0.0008}, {"epoch": 7, "loss": 60.30866747611163, "eval_loss": 58.018047124911575, "train_recall": 0.6318080808080808, "val_recall": 0.6649, "lr": 8e-05}, {"epoch": 8, "loss": 60.297430868851954, "eval_loss": 57.992571060474106, "train_recall": 0.6317414141414142, "val_recall": 0.6646, "lr": 8e-05}, {"epoch": 9, "loss": 60.289522246668334, "eval_loss": 57.98067913299952, "train_recall": 0.6313484848484848, "val_recall": 0.6669, "lr": 8e-05}, {"epoch": 10, "loss": 60.28337201706235, "eval_loss": 58.063127419887444, "train_recall": 0.632240404040404, "val_recall": 0.6663, "lr": 8e-05}, {"epoch": 11, "loss": 60.2624832408809, "eval_loss": 57.909489863958115, "train_recall": 0.6323989898989899, "val_recall": 0.6676, "lr": 8e-05}], "train_total": {"correct": 626075, "final_recall": 0.6323989898989899}, "training_time": 2252.633955717087, "eval_time": 0.009974002838134766}}, {"ins_id": 2, "dataset_partition": {"bulid_graph_time": 64.68183755874634, "save_graph_time": 41.059226751327515, "graph_partition_time": 51.501314640045166, "total_time": 157.40293145179749,