{"total_time_consume": 2514.914323091507, "preprocess": {"total_time": 0.16795682907104492}, "classifier": [{"ins_id": 1, "dataset_partition": {"time": 12.285341262817383, "cluster_number_distribution": [849210, 15, 0, 0, 0, 0, 0, 0, 0, 0, 0, 0, 0, 0, 4, 150771]}, "predict": {"time": 0.01273655891418457}}, {"ins_id": 2, "dataset_partition": {"time": 19.44782590866089, "cluster_number_distribution": [502118, 497849, 11, 0, 0, 0, 0, 0, 0, 0, 0, 0, 0, 0, 0, 22]}, "predict": {"time": 0.04289865493774414}}, {"ins_id": 3, "dataset_partition": {"time": 10.637442588806152, "cluster_number_distribution": [980193, 2068, 0, 0, 0, 0, 0, 0, 0, 0, 0, 0, 0, 0, 8, 17731]}, "predict": {"time": 0.005747556686401367}}, {"ins_id": 4, "dataset_partition": {"time": 9.171772241592407, "cluster_number_distribution": [710790, 16, 0, 0, 0, 0, 0, 0, 0, 0, 0, 0, 0, 0, 13, 289181]}, "predict": {"time": 0.002677440643310547}}], "integrate": {"time": 2341.9121408462524}, "count_recall": {"time": 118.9919581413269}}