{"total_time_consume": 31.79857897758484, "preprocess": {"total_time": 0.027601242065429688}, "classifier": [{"ins_id": 0, "dataset_partition": {"bulid_graph_time": 2.2016077041625977, "save_graph_time": 0.20228314399719238, "graph_partition_time": 23.26868772506714, "total_time": 25.67376399040222, "cluster_number_distribution": [642, 642, 642, 642, 642, 642, 370, 642, 642, 642, 642, 642, 642, 642, 642, 642]}, "prepare_train_sample": {"time": 0.04344058036804199}, "train_eval_model": {"train_intermediate": [{"epoch": 0, "loss": 153.08921489100302, "eval_loss": 114.18476867675781, "train_recall": 0.27646464646464647, "val_recall": 0.3, "lr": 0.008}, {"epoch": 1, "loss": 148.716845210906, "eval_loss": 112.45370864868164, "train_recall": 0.3055555555555556, "val_recall": 0.33, "lr": 0.008}], "train_total": {"correct": 3025, "final_recall": 0.3055555555555556}, "training_time": 4.338033199310303, "eval_time": 0.0043332576751708984}}], "integrate": {"time": 0.6900901794433594}, "count_recall": {"time": 0.42208385467529297}}