{"total_time_consume": 44780.50364303589, "preprocess": {"kmeans_time": 7695.584161996841, "random_projection_time": 2.7568700313568115, "total_time": 7698.4389181137085}, "classifier": [{"ins_id": 0, "dataset_partition": {"count_label_time": 208.24578857421875, "total_time": 208.4544644355774, "cluster_number_distribution": [5271, 3620, 4173, 3999, 1732, 8272, 1782, 10927, 3278, 4334, 8252, 4699, 1977, 4839, 4044, 2998, 2967, 3231, 3501, 3603, 2906, 5946, 3750, 4075, 3027, 4757, 3042, 2768, 3405, 2606, 2561, 3300, 5274, 3877, 3369, 1515, 5442, 3298, 3508, 3353, 2645, 3347, 3376, 4114, 3252, 3629, 2642, 4458, 2469, 6135, 3349, 5432, 4009, 4333, 5742, 7732, 7173, 3973, 3918, 2905, 2254, 5094, 2904, 3385, 3515, 3134, 5123, 4730, 3622, 6170, 3235, 8378, 3070, 3226, 923, 2647, 2686, 4057, 3604, 1662, 3635, 1758, 1692, 6268, 4411, 2972, 3630, 5565, 2886, 4635, 2537, 3086, 3196, 6674, 4790, 5151, 2725, 5014, 5682, 2454, 801, 3938, 6321, 4550, 1191, 6664, 4564, 2434, 3181, 5915, 5232, 4967, 1020, 4921, 11869, 3807, 6261, 3754, 2535, 3341, 3804, 2334, 3064, 4056, 2653, 2901, 4856, 2834, 2593, 2435, 4433, 2844, 4388, 2275, 3101, 4891, 3918, 1946, 5807, 2891, 2364, 2895, 3085, 2298, 1908, 2626, 3729, 3032, 2623, 2130, 2206, 3801, 5071, 3560, 3575, 4251, 3534, 2611, 2559, 1241, 3543, 2733, 2738, 4460, 3701, 2993, 4875, 4046, 4861, 4958, 4573, 4821, 624, 1418, 7628, 3840, 3798, 3016, 2787, 4023, 6765, 2777, 2636, 2431, 2798, 3752, 3640, 4727, 5957, 4484, 3691, 5398, 3934, 5003, 5604, 3204, 4392, 11584, 3102, 14276, 2340, 7174, 2857, 4480, 5989, 3248, 5549, 3021, 6688, 4104, 3608, 3707, 4415, 2354, 2045, 2663, 5273, 2053, 3427, 2592, 4494, 9403, 3640, 2865, 5152, 3804, 2055, 6683, 3865, 2587, 3031, 3043, 1836, 2360, 1227, 7933, 4081, 4403, 4350, 5316, 3764, 3276, 4197, 3221, 3255, 3220, 4453, 3866, 1856, 2433, 3365, 1882, 5872, 1296, 6793, 1465]}, "prepare_train_sample": {"time": 0.5630931854248047}, "train_eval_model": {"train_intermediate": [{"epoch": 0, "loss": 108.08305780626667, "eval_loss": 103.26493783209735, "train_recall": 0.6707727272727273, "val_recall": 0.7078, "lr": 0.008}, {"epoch": 1, "loss": 105.88366774481896, "eval_loss": 102.7464395875384, "train_recall": 0.6825484848484848, "val_recall": 0.6961, "lr": 0.008}, {"epoch": 2, "loss": 105.58716713063617, "eval_loss": 102.02867430182779, "train_recall": 0.6846141414141415, "val_recall": 0.7118, "lr": 0.008}, {"epoch": 3, "loss": 105.45494756366311, "eval_loss": 102.51569371314565, "train_recall": 0.6847848484848484, "val_recall": 0.7008, "lr": 0.008}, {"epoch": 4, "loss": 105.37553282608327, "eval_loss": 102.19433616832563, "train_recall": 0.6852393939393939, "val_recall": 0.7083, "lr": 0.008}, {"epoch": 5, "loss": 105.3489859120648, "eval_loss": 102.28943009589129, "train_recall": 0.6863292929292929, "val_recall": 0.7135, "lr": 0.008}, {"epoch": 6, "loss": 105.29544063141246, "eval_loss": 101.79700273161481, "train_recall": 0.6869090909090909, "val_recall": 0.7035, "lr": 0.008}, {"epoch": 7, "loss": 105.28795330568678, "eval_loss": 102.29215665683626, "train_recall": 0.686639393939394, "val_recall": 0.7092, "lr": 0.008}, {"epoch": 8, "loss": 105.26474111918156, "eval_loss": 102.04729065621734, "train_recall": 0.6875414141414141, "val_recall": 0.7056, "lr": 0.008}, {"epoch": 9, "loss": 105.25277566290201, "eval_loss": 101.71515387030924, "train_recall": 0.6875505050505051, "val_recall": 0.7088, "lr": 0.008}, {"epoch": 10, "loss": 101.72500577898646, "eval_loss": 98.64837271089007, "train_recall": 0.7164393939393939, "val_recall": 0.7414, "lr": 0.00168}, {"epoch": 11, "loss": 101.4315453988717, "eval_loss": 98.7049451694367, "train_recall": 0.716179797979798, "val_recall": 0.7377, "lr": 0.00168}], "train_total": {"correct": 709018, "final_recall": 0.716179797979798}, "training_time": 11181.052772045135, "eval_time": 0.06236720085144043}}, {"ins_id": 1, "dataset_partition": {"count_label_time": 202.48173189163208, "total_time": 202.8020715713501, "cluster_number_distribution": [3714, 5833, 8082, 4425, 4459, 3499, 4168, 3910, 5900, 5343, 4123, 7994, 5349, 4664, 3475, 5711, 8660, 5727, 7472, 4741, 3267, 3567, 1486, 2553, 5919, 6591, 3384, 1415, 2594, 1608, 1946, 2565, 8465, 4318, 3403, 3141, 6291, 2923, 2939, 4717, 4759, 5866, 1034, 3620, 2444, 2902, 12943, 10698, 2387, 4933, 3008, 2310, 4447, 5070, 4348, 3847, 1958, 3885, 1660, 3988, 5817, 3375, 2136, 5007, 3748, 3883, 3160, 2458, 6056, 2948, 3844, 1954, 5138, 3968, 2401, 1925, 4911, 4219, 3737, 5230, 4653, 3116, 5776, 2179, 2597, 4107, 4853, 2066, 3101, 3254, 4141, 3977, 3331, 3273, 1682, 6663, 4107, 3870, 2127, 2881, 2727, 3116, 3457, 2763, 8446, 1996, 3765, 5543, 5804, 4514, 3467, 3668, 3316, 2117, 2472, 2430, 4475, 4851, 3335, 3614, 2737, 5030, 5036, 4790, 2815, 2837, 4201, 4929, 3161, 2340, 2396, 3427, 7115, 3325, 2791, 2580, 4089, 4623, 3818, 3822, 1215, 2986, 1867, 7080, 1783, 6395, 1302, 3818, 4581, 2782, 4630, 3903, 3028, 3169, 1708, 4728, 3486, 3162, 3335, 1888, 3129, 2089, 3200, 1676, 2107, 3557, 1886, 3395, 3846, 4807, 6486, 3605, 4075, 3697, 8633, 3226, 6688, 2067, 4988, 3135, 3790, 3190, 2662, 2428, 6100, 6322, 5041, 3675, 4902, 4131, 2050, 3550, 4227, 3987, 2584, 1768, 3633, 2578, 2749, 3170, 3043, 5298, 3842, 3391, 2724, 4302, 2343, 5704, 1795, 3308, 2820, 3901, 2699, 3198, 6189, 2159, 4359, 2498, 1111, 3388, 2919, 2735, 3366, 5865, 6803, 3249, 2920, 2713, 6498, 2533, 3096, 7688, 3542, 4566, 1939, 4205, 1848, 2978, 5408, 4848, 998, 4158, 3502, 3012, 2492, 4625, 13243, 1993, 1099, 3773, 8950, 4089, 3113, 4066, 6213, 5353]}, "prepare_train_sample": {"time": 0.4269442558288574}, "train_eval_model": {"train_intermediate": [{"epoch": 0, "loss": 108.55880533758814, "eval_loss": 103.49122285539178, "train_recall": 0.6741464646464647, "val_recall": 0.7094, "lr": 0.008}, {"epoch": 1, "loss": 106.31018627328766, "eval_loss": 103.0025777148593, "train_recall": 0.6867747474747474, "val_recall": 0.7116, "lr": 0.008}, {"epoch": 2, "loss": 106.04493852462832, "eval_loss": 103.18698234315131, "train_recall": 0.687520202020202, "val_recall": 0.7051, "lr": 0.008}, {"epoch": 3, "loss": 105.92777851737766, "eval_loss": 102.7295781761218, "train_recall": 0.6887111111111112, "val_recall": 0.7014, "lr": 0.008}, {"epoch": 4, "loss": 105.8343422754263, "eval_loss": 102.60990179268418, "train_recall": 0.689620202020202, "val_recall": 0.7149, "lr": 0.008}, {"epoch": 5, "loss": 105.77855614655944, "eval_loss": 102.5038031681328, "train_recall": 0.6903282828282828, "val_recall": 0.7118, "lr": 0.008}, {"epoch": 6, "loss": 105.73130993945111, "eval_loss": 102.71128401786659, "train_recall": 0.6907171717171717, "val_recall": 0.7121, "lr": 0.008}, {"epoch": 7, "loss": 105.7192735528351, "eval_loss": 102.36336767597562, "train_recall": 0.6904020202020202, "val_recall": 0.7165, "lr": 0.008}, {"epoch": 8, "loss": 105.69442889833583, "eval_loss": 102.78871077033365, "train_recall": 0.6914212121212121, "val_recall": 0.7173, "lr": 0.008}, {"epoch": 9, "loss": 105.70546432259366, "eval_loss": 102.56207952074185, "train_recall": 0.6907434343434343, "val_recall": 0.7253, "lr": 0.008}, {"epoch": 10, "loss": 102.19386931635212, "eval_loss": 99.18723625134511, "train_recall": 0.7206424242424242, "val_recall": 0.7481, "lr": 0.00168}, {"epoch": 11, "loss": 101.9046737007044, "eval_loss": 99.13510564330277, "train_recall": 0.7206404040404041, "val_recall": 0.7452, "lr": 0.00168}], "train_total": {"correct": 713434, "final_recall": 0.7206404040404041}, "training_time": 10725.885868549347, "eval_time": 0.07059288024902344}}, {"ins_id": 2, "dataset_partition": {"count_label_time": 202.5941605567932, "total_time": 202.92236924171448,