{"total_time_consume": 6839.59125828743, "preprocess": {"total_time": 0.11819267272949219}, "classifier": [{"ins_id": 0, "dataset_partition": {"bulid_graph_time": 78.05339980125427, "save_graph_time": 47.658143281936646, "graph_partition_time": 151.4495997428894, "total_time": 277.33507108688354, "cluster_number_distribution": [4024, 4024, 3983, 4024, 4022, 3884, 4019, 4024, 4024, 4019, 4024, 4023, 4024, 3913, 4022, 4022, 4024, 3978, 4024, 3976, 4023, 4023, 3959, 4024, 3910, 4023, 3998, 4020, 3879, 4018, 3972, 4022, 4021, 4015, 4023, 3922, 4024, 4024, 4024, 4021, 4023, 4014, 4024, 4022, 3947, 0, 3988, 3986, 4021, 4023, 2042, 4012, 3901, 4023, 4019, 3759, 3938, 3947, 4024, 3881, 4024, 3979, 4012, 4023, 3933, 4022, 3961, 4019, 4023, 4022, 4023, 2829, 4023, 3968, 4012, 3987, 3875, 4024, 3957, 4018, 4024, 4024, 3884, 4023, 2415, 3977, 3998, 3964, 3992, 3982, 0, 4017, 4007, 4024, 4023, 3925, 3963, 4023, 3960, 4020, 4019, 0, 3941, 3943, 3954, 4021, 3981, 3962, 4019, 3306, 4023, 3955, 4021, 4013, 3914, 4023, 3921, 4023, 4006, 3967, 3849, 3978, 4015, 4021, 3997, 4017, 4003, 4024, 3918, 4017, 3813, 4023, 3989, 3955, 4010, 4024, 3744, 4018, 4024, 4023, 4022, 3853, 3984, 3748, 4023, 3735, 4024, 4022, 4024, 3946, 4022, 4022, 4024, 4024, 3997, 3787, 3928, 3905, 3817, 4002, 3951, 4024, 4023, 4023, 4022, 4024, 3997, 3984, 4021, 4012, 3739, 3850, 4021, 4024, 4024, 3748, 4024, 4024, 3942, 3984, 4024, 3928, 3868, 4020, 3995, 3950, 3868, 3905, 4024, 4024, 4019, 3883, 3919, 4024, 4003, 4024, 3998, 4023, 4022, 3937, 3972, 4024, 4019, 3997, 3995, 3522, 3961, 3740, 3740, 3739, 3776, 3775, 4023, 3977, 3924, 3801, 4024, 3941, 3921, 3957, 3968, 3995, 4024, 4023, 3764, 3986, 4021, 4023, 4021, 4005, 4024, 3244, 4024, 4024, 4024, 4024, 3993, 4024, 4023, 4023, 4022, 4022, 4024, 3996, 3893, 4022, 4023, 4023, 4023, 4024, 3989, 4024, 3917, 4017, 3975, 4024]}, "prepare_train_sample": {"time": 0.696326494216919}, "train_eval_model": {"train_intermediate": [{"epoch": 0, "loss": 124.5752775556813, "eval_loss": 122.73426146384998, "train_recall": 0.17064545454545454, "val_recall": 0.1591, "lr": 0.004}, {"epoch": 1, "loss": 123.89344488039666, "eval_loss": 125.64930866926144, "train_recall": 0.17718080808080808, "val_recall": 0.1658, "lr": 0.004}, {"epoch": 2, "loss": 118.62780957848221, "eval_loss": 111.526946190076, "train_recall": 0.23282626262626263, "val_recall": 0.3022, "lr": 0.00084}, {"epoch": 3, "loss": 118.3980383445887, "eval_loss": 113.77524595994215, "train_recall": 0.23547272727272728, "val_recall": 0.3137, "lr": 0.00084}, {"epoch": 4, "loss": 118.40306674518185, "eval_loss": 113.03228889367519, "train_recall": 0.23552323232323233, "val_recall": 0.2814, "lr": 0.00084}, {"epoch": 5, "loss": 118.41814178610818, "eval_loss": 113.04549290583684, "train_recall": 0.23564040404040404, "val_recall": 0.2998, "lr": 0.00084}, {"epoch": 6, "loss": 116.41308077347242, "eval_loss": 109.81358234698956, "train_recall": 0.2573020202020202, "val_recall": 0.3491, "lr": 0.0001764}, {"epoch": 7, "loss": 115.70595495197674, "eval_loss": 107.37046434940436, "train_recall": 0.2626969696969697, "val_recall": 0.3575, "lr": 0.0001764}, {"epoch": 8, "loss": 115.41012123005073, "eval_loss": 108.09563306661752, "train_recall": 0.26491818181818183, "val_recall": 0.3634, "lr": 0.0001764}, {"epoch": 9, "loss": 115.08055681235481, "eval_loss": 107.91625467936198, "train_recall": 0.26754141414141414, "val_recall": 0.3709, "lr": 0.0001764}, {"epoch": 10, "loss": 114.89891404554108, "eval_loss": 108.64609226813683, "train_recall": 0.268479797979798, "val_recall": 0.3723, "lr": 0.0001764}, {"epoch": 11, "loss": 114.80669649341594, "eval_loss": 108.72145554958246, "train_recall": 0.2698020202020202, "val_recall": 0.3538, "lr": 0.0001764}], "train_total": {"correct": 267104, "final_recall": 0.2698020202020202}, "training_time": 2989.6603960990906, "eval_time": 0.010269641876220703}}, {"ins_id": 1, "dataset_partition": {"bulid_graph_time": 84.00477266311646, "save_graph_time": 48.681904315948486, "graph_partition_time": 78.3921766281128, "total_time": 211.23459458351135, "cluster_number_distribution": [4010, 3993, 4017, 3869, 3826, 4022, 4023, 4019, 4024, 4024, 4015, 4023, 3875, 3970, 4024, 3970, 4017, 3961, 4022, 4018, 3964, 3979, 3954, 3900, 4021, 4023, 3903, 3996, 4024, 4016, 4010, 4017, 3002, 3989, 4008, 3986, 4013, 4023, 3949, 3800, 4013, 4023, 4021, 4007, 3985, 4024, 4021, 3999, 3921, 4023, 3994, 3970, 3983, 4022, 4024, 3994, 3986, 0, 3913, 3921, 4023, 4023, 3950, 4020, 3976, 4024, 4023, 3946, 0, 4023, 4005, 3889, 3895, 4022, 3998, 3943, 4024, 4021, 3982, 3906, 4024, 4000, 4024, 3952, 4022, 4024, 4004, 4003, 3983, 4024, 4022, 3995, 4024, 4023, 3964, 3956, 4007, 4024, 4021, 4024, 3760, 3911, 4023, 4024, 4021, 4012, 3984, 4024, 4022, 3809, 3924, 3753, 4018, 4016, 4023, 3975, 4024, 4021, 3944, 4024, 4023, 3975, 4024, 3970, 3883, 3917, 4023, 3992, 4023, 3992, 3973, 4023, 4021, 4022, 3971, 4021, 0, 3955, 4024, 3955, 3883, 3948, 4024, 4014, 4023, 3965, 3948, 4023, 4024, 3912, 3967, 3973, 3932, 3944, 4023, 3837, 3995, 4022, 4005, 3942, 4014, 3948, 4023, 4024, 4018, 4021, 4019, 4022, 4015, 3998, 4019, 4023, 4024, 3948, 4021, 4024, 0, 3945, 3908, 4023, 4024, 4024, 3831, 3930, 3993, 4023, 4024, 4015, 4023, 3900, 4016, 4024, 3937, 4023, 4024, 3988, 3997, 3826, 0, 4015, 4021, 4012, 3919, 4007, 3947, 4019, 4024, 4023, 4004, 4024, 4024, 4024, 4023, 4024, 4024, 3987, 4012, 4017, 3934, 4013, 4023, 4024, 4024, 3990, 4024, 3928, 3975, 3919, 4021, 3947, 4024, 3998, 4001, 3954, 3993, 3989, 4024, 3989, 4024, 3983, 4024, 3966, 4021, 3944, 3878, 4018, 4004, 4024, 4024, 4022, 3998, 3970, 4020, 4023, 4016, 3979]}, "prepare_train_sample": {"time": 0.6322505474090576}, "train_eval_model": {"train_intermediate": [{"epoch": 0, "loss": 126.11915159448955, "eval_loss": 122.45965175139598, "train_recall": 0.15733232323232324, "val_recall": 0.1864, "lr": 0.004}, {"epoch": 1, "loss": 125.6872073202284, "eval_loss": 123.84243820875119, "train_recall": 0.1616808080808081, "val_recall": 0.2138, "lr": 0.004}, {"epoch": 2, "loss": 120.7416285167018, "eval_loss": 113.65261728335649, "train_recall": 0.21146969696969697, "val_recall": 0.3038, "lr": 0.00084}, {"epoch": 3, "loss": 120.63268625654162, "eval_loss": 114.95696772061862, "train_recall": 0.2130737373737374, "val_recall": 0.2921, "lr": 0.00084}, {"epoch": 4, "loss": 120.57707697589092, "eval_loss": 115.62156559870793, "train_recall": 0.21366868686868687, "val_recall": 0.3249, "lr": 0.00084}, {"epoch": 5, "loss": 120.40485875350755, "eval_loss": 115.61125031495706, "train_recall": 0.21431313131313132, "val_recall": 0.3108, "lr": 0.00084}, {"epoch": 6, "loss": 118.54580179176192, "eval_loss": 111.41859020330968, "train_recall": 0.23426565656565657, "val_recall": 0.3501, "lr": 0.0001764}, {"epoch": 7, "loss": 118.02967456443149, "eval_loss": 111.98641850398137, "train_recall": 0.23813535353535353, "val_recall": 0.3289, "lr": 0.0001764}, {"epoch": 8, "loss": 117.69990217378592, "eval_loss": 111.35452510149051, "train_recall": 0.24025050505050505, "val_recall": 0.3348, "lr": 0.0001764}, {"epoch": 9, "loss": 117.53235991648405, "eval_loss": 110.93651145543808, "train_recall": 0.24171313131313132, "val_recall": 0.3416, "lr": 0.0001764}, {"epoch": 10, "loss": 117.3955077318583, "eval_loss": 110.37053475013145, "train_recall": 0.24352525252525253, "val_recall": 0.3541, "lr": 0.0001764}, {"epoch": 11, "loss": 117.31464678293965, "eval_loss": 110.90447379381229, "train_recall": 0.24394040404040404, "val_recall": 0.3434, "lr": 0.0001764}], "train_total": {"correct": 241501, "final_recall": 0.24394040404040404}, "training_time": 2990.859461545944, "eval_time": 0.00663447380065918}}], "integrate": {"time": 206.99404120445251}, "count_recall": {"time": 149.65712094306946}}