{"total_time_consume": 16879.293248653412, "preprocess": {"total_time": 0.19259047508239746}, "classifier": [{"ins_id": 0, "dataset_partition": {"bulid_graph_time": 879.3377397060394, "save_graph_time": 26.33885908126831, "graph_partition_time": 56.49876618385315, "total_time": 962.333046913147, "cluster_number_distribution": [3948, 4017, 4008, 3846, 4017, 4014, 4009, 4000, 4012, 3998, 4021, 4019, 3952, 4023, 4021, 4012, 4022, 4019, 4022, 4015, 4024, 4015, 4023, 3972, 4023, 3887, 4008, 3987, 4022, 4023, 3961, 4023, 4000, 3809, 4023, 4023, 4023, 3868, 4007, 3912, 4015, 4023, 4010, 2154, 4023, 4022, 4023, 4021, 4023, 4012, 4023, 3946, 3093, 4022, 4023, 4009, 2590, 3995, 3997, 4023, 4023, 3952, 3992, 3068, 3975, 4024, 4024, 4023, 4022, 4023, 4007, 4023, 4021, 3998, 3913, 3855, 4019, 4014, 4022, 3859, 3803, 4016, 3981, 3901, 3876, 4012, 4021, 3996, 3909, 4023, 4023, 4023, 3967, 4018, 3965, 4023, 3384, 3951, 4023, 4023, 0, 4021, 4020, 4022, 4023, 4023, 3783, 4023, 3997, 4023, 3989, 3991, 4022, 4019, 4023, 4022, 4022, 3850, 3892, 4021, 3949, 3374, 3316, 4020, 4022, 4023, 4018, 4022, 4020, 4022, 4021, 3669, 4009, 3978, 4018, 4022, 4006, 4018, 3841, 3446, 4024, 4017, 4023, 4023, 4022, 3996, 1642, 3695, 4009, 3223, 4002, 4017, 4016, 4023, 3894, 3945, 4021, 4023, 4023, 4023, 4022, 4023, 3941, 3946, 4023, 3994, 4022, 2822, 4009, 4019, 3629, 4022, 3932, 4021, 4005, 4020, 4023, 4018, 4019, 3408, 4018, 4023, 4020, 4022, 3967, 4020, 4023, 3948, 3954, 4022, 4022, 4017, 1271, 4011, 3975, 4016, 4003, 4000, 3988, 4021, 3994, 3949, 4018, 4018, 4021, 3662, 4019, 3619, 4019, 4018, 4016, 4017, 4019, 4012, 4006, 4020, 4023, 4023, 4012, 4020, 4023, 4018, 3987, 4022, 4024, 3950, 4023, 4010, 3986, 4024, 4019, 2365, 4023, 3393, 4023, 4022, 3325, 4023, 4023, 4022, 4022, 4019, 4023, 4016, 3914, 4023, 4023, 3994, 4016, 4023, 4023, 4023, 4023, 4020, 4020, 4018]}, "prepare_train_sample": {"time": 0.7318034172058105}, "train_eval_model": {"train_intermediate": [{"epoch": 0, "loss": 62.92717034173165, "eval_loss": 56.91572790879469, "train_recall": 0.5656060606060606, "val_recall": 0.6389, "lr": 0.008}, {"epoch": 1, "loss": 60.282002310656225, "eval_loss": 56.54338184992472, "train_recall": 0.597159595959596, "val_recall": 0.6481, "lr": 0.008}, {"epoch": 2, "loss": 59.740442224027774, "eval_loss": 56.30458116531372, "train_recall": 0.6035646464646465, "val_recall": 0.6479, "lr": 0.008}, {"epoch": 3, "loss": 58.124626135993346, "eval_loss": 55.03984177418244, "train_recall": 0.6290010101010101, "val_recall": 0.6722, "lr": 0.0008}, {"epoch": 4, "loss": 57.91079239284699, "eval_loss": 54.99407315865541, "train_recall": 0.6325979797979798, "val_recall": 0.6734, "lr": 0.0008}, {"epoch": 5, "loss": 57.8284479725641, "eval_loss": 54.95062369566698, "train_recall": 0.6327626262626262, "val_recall": 0.673, "lr": 0.0008}, {"epoch": 6, "loss": 57.77490572243959, "eval_loss": 54.92754955780812, "train_recall": 0.6338767676767677, "val_recall": 0.6747, "lr": 0.0008}, {"epoch": 7, "loss": 57.64026506567416, "eval_loss": 54.848194660284584, "train_recall": 0.6368636363636364, "val_recall": 0.677, "lr": 8e-05}, {"epoch": 8, "loss": 57.62116149715906, "eval_loss": 54.81938342559032, "train_recall": 0.6363909090909091, "val_recall": 0.6714, "lr": 8e-05}, {"epoch": 9, "loss": 57.62176249638153, "eval_loss": 54.84745189471123, "train_recall": 0.637479797979798, "val_recall": 0.675, "lr": 8e-05}, {"epoch": 10, "loss": 57.61047490396724, "eval_loss": 54.78619679426536, "train_recall": 0.6374929292929293, "val_recall": 0.6749, "lr": 8e-05}, {"epoch": 11, "loss": 57.60783683001758, "eval_loss": 54.83388263751299, "train_recall": 0.6372050505050505, "val_recall": 0.6782, "lr": 8e-05}], "train_total": {"correct": 630833, "final_recall": 0.6372050505050505}, "training_time": 3086.265073776245, "eval_time": 0.008041858673095703}}, {"ins_id": 1, "dataset_partition": {"bulid_graph_time": 920.7506165504456, "save_graph_time": 31.90731906890869, "graph_partition_time": 59.07491970062256, "total_time": 1011.8907301425934, "cluster_number_distribution": [4018, 4023, 4023, 4023, 3898, 4022, 3945, 3937, 4021, 4021, 4022, 3881, 4016, 4015, 3928, 3839, 3983, 4023, 4012, 3939, 4024, 4021, 4024, 2240, 3949, 4024, 3390, 4019, 4020, 4024, 4020, 3934, 4023, 4023, 4000, 4023, 3990, 4023, 3252, 4023, 4023, 4023, 4023, 4018, 4008, 3943, 4016, 3776, 4022, 4024, 3780, 4024, 4024, 4023, 4024, 4024, 4023, 3531, 3170, 4024, 3744, 4019, 4022, 3743, 1961, 4022, 3989, 4021, 3998, 3751, 2559, 4001, 4024, 4023, 4022, 3131, 4023, 4023, 4022, 4024, 4000, 3202, 4018, 4023, 4021, 4023, 4023, 4022, 4023, 4019, 3947, 4020, 4024, 3963, 4022, 3977, 3224, 3998, 3833, 4010, 4020, 4020, 4023, 3840, 3993, 4022, 4022, 4023, 4017, 4022, 4018, 4021, 4023, 4018, 3908, 4019, 4018, 3972, 4019, 3773, 4023, 3906, 3781, 4021, 4024, 3860, 3904, 4018, 3721, 3385, 3991, 3954, 4020, 3990, 3778, 4019, 3917, 4007, 4000, 3947, 4015, 3598, 4023, 4023, 4000, 3929, 4024, 4011, 4023, 4023, 4008, 3963, 3866, 3998, 3845, 3979, 4014, 4023, 4023, 3946, 4017, 4010, 3855, 4014, 4018, 3971, 4018, 3971, 4021, 3996, 3993, 3694, 3842, 4008, 4023, 4019, 4023, 4023, 4023, 3965, 3928, 4021, 3555, 3963, 4023, 4023, 4018, 4023, 4017, 4023, 4022, 3911, 4022, 3969, 3913, 3912, 3401, 4019, 4022, 3782, 4024, 4022, 4016, 4010, 4023, 4023, 3860, 3748, 4014, 4019, 4001, 3932, 2749, 3848, 4023, 4006, 4013, 4023, 3990, 3612, 4023, 0, 3912, 3922, 4003, 4019, 4023, 4023, 3458, 4023, 4023, 3969, 2884, 4022, 4024, 4023, 4023, 4022, 4017, 4004, 3752, 3833, 4023, 4023, 4023, 3991, 3991, 4022, 4001, 4018, 4016, 4023, 3712, 4019, 4023, 4023]}, "prepare_train_sample": {"time": 0.7517271041870117}, "train_eval_model": {"train_intermediate": [{"epoch": 0, "loss": 62.22607942149546, "eval_loss": 56.866984844207764, "train_recall": 0.5752020202020202, "val_recall": 0.6456, "lr": 0.008}, {"epoch": 1, "loss": 59.64073440155208, "eval_loss": 56.38106393814087, "train_recall": 0.6064363636363637, "val_recall": 0.6474, "lr": 0.008}, {"epoch": 2, "loss": 59.11497940508362, "eval_loss": 56.22842382773375, "train_recall": 0.6134363636363637, "val_recall": 0.6485, "lr": 0.008}, {"epoch": 3, "loss": 57.57490897321222, "eval_loss": 54.93064837578015, "train_recall": 0.6388434343434344, "val_recall": 0.6767, "lr": 0.0008}, {"epoch": 4, "loss": 57.37022954924335, "eval_loss": 54.85297829065568, "train_recall": 0.6420010101010101, "val_recall": 0.6788, "lr": 0.0008}, {"epoch": 5, "loss": 57.286598170177776, "eval_loss": 54.86431558315571, "train_recall": 0.6431232323232323, "val_recall": 0.6803, "lr": 0.0008}, {"epoch": 6, "loss": 57.24110639220538, "eval_loss": 54.85578422057323, "train_recall": 0.6441171717171718, "val_recall": 0.6792, "lr": 0.0008}, {"epoch": 7, "loss": 57.10398212164919, "eval_loss": 54.71144737341465, "train_recall": 0.6464030303030303, "val_recall": 0.6828, "lr": 8e-05}, {"epoch": 8, "loss": 57.090796637628344, "eval_loss": 54.74565098835872, "train_recall": 0.6471111111111111, "val_recall": 0.6786, "lr": 8e-05}, {"epoch": 9, "loss": 57.08144429870816, "eval_loss": 54.73547064952361, "train_recall": 0.6468, "val_recall": 0.6831, "lr": 8e-05}, {"epoch": 10, "loss": 57.066805954243364, "eval_loss": 54.72012761922983, "train_recall": 0.6472929292929293, "val_recall": 0.6811, "lr": 8e-05}, {"epoch": 11, "loss": 57.06665734923849, "eval_loss": 54.80159726509681, "train_recall": 0.6463585858585859, "val_recall": 0.6804, "lr": 8e-05}], "train_total": {"correct": 639895, "final_recall": 0.6463585858585859}, "training_time": 3046.2127392292023, "eval_time": 0.007923603057861328}}, {"ins_id": 2, "dataset_partition": {"bulid_graph_time": 908.7751865386963, "save_graph_time": 27.982625484466553, "graph_partition_time": 60.998618602752686, "total_time": 997.9110939502716,