{"total_time_consume": 57104.27144432068, "preprocess": {"total_time": 0.36002469062805176}, "classifier": [{"ins_id": 0, "dataset_partition": {"bulid_graph_time": 144.13646936416626, "save_graph_time": 98.3118908405304, "graph_partition_time": 247.7228708267212, "total_time": 490.5005006790161, "cluster_number_distribution": [4024, 4023, 4023, 4023, 4023, 4023, 4024, 4024, 3814, 3970, 4021, 3881, 3903, 4023, 3931, 3963, 4015, 4022, 3819, 4024, 4015, 0, 4024, 4009, 3852, 4024, 4024, 4019, 3889, 3964, 4024, 3902, 4024, 4007, 3949, 3832, 4023, 4024, 3981, 3905, 4022, 3965, 3848, 3569, 4018, 4023, 3917, 3980, 3700, 3816, 4024, 3760, 4023, 4024, 3742, 3999, 3978, 4024, 3988, 3889, 3880, 4024, 3781, 3786, 3752, 4024, 4024, 3968, 3858, 3988, 3891, 4022, 3892, 4023, 2745, 4018, 4023, 4024, 3839, 4024, 3942, 3903, 3875, 3913, 3766, 4024, 3940, 3817, 4020, 4024, 3965, 4023, 4021, 4022, 4019, 4018, 4023, 3740, 3654, 4022, 3893, 4018, 4023, 3867, 3892, 2901, 4024, 3380, 2964, 4024, 3845, 4024, 3755, 3998, 3552, 4019, 4022, 4024, 3716, 4018, 4007, 3697, 4024, 4024, 3942, 3555, 3784, 4024, 3866, 3817, 3991, 3718, 3839, 3914, 4009, 4023, 4024, 2980, 4019, 4024, 4023, 3989, 4022, 3890, 4023, 4018, 3955, 4021, 4024, 3876, 4023, 4021, 4022, 3481, 3913, 3281, 4023, 4024, 4023, 4023, 3867, 4023, 4023, 3728, 3873, 4024, 4017, 3760, 4024, 4024, 4024, 4024, 4024, 4016, 3998, 4023, 3869, 3956, 3977, 3828, 4022, 3517, 4022, 4022, 3970, 3932, 4024, 4024, 3749, 4015, 3823, 3935, 4024, 3965, 4023, 4023, 4024, 4022, 3925, 3832, 4024, 4023, 3727, 3982, 4005, 4023, 4024, 4024, 3980, 3981, 4024, 4008, 3778, 3966, 3741, 4015, 4022, 4024, 4023, 3742, 4023, 3941, 4011, 3997, 4024, 4024, 4024, 3091, 3961, 3740, 3976, 3840, 3912, 4023, 4023, 4013, 3812, 4016, 4024, 3881, 4024, 3832, 3775, 3982, 4024, 4024, 3838, 3839, 4024, 4019, 3835, 3919, 3744, 3987, 4018, 4024]}, "prepare_train_sample": {"time": 1.0036582946777344}, "train_eval_model": {"train_intermediate": [{"epoch": 0, "loss": 55.97448932442895, "eval_loss": 51.31385872914241, "train_recall": 0.6568060606060606, "val_recall": 0.7152, "lr": 0.008}, {"epoch": 1, "loss": 53.42183098751568, "eval_loss": 50.788387518662674, "train_recall": 0.693490909090909, "val_recall": 0.7292, "lr": 0.008}, {"epoch": 2, "loss": 52.949080785752635, "eval_loss": 50.507870111709984, "train_recall": 0.7018616161616161, "val_recall": 0.7295, "lr": 0.008}, {"epoch": 3, "loss": 51.52884648541895, "eval_loss": 49.483198911715775, "train_recall": 0.7294151515151515, "val_recall": 0.7584, "lr": 0.0008}, {"epoch": 4, "loss": 51.34879025159257, "eval_loss": 49.39415683501806, "train_recall": 0.733439393939394, "val_recall": 0.7579, "lr": 0.0008}, {"epoch": 5, "loss": 51.27432650337894, "eval_loss": 49.36677172245123, "train_recall": 0.7346929292929293, "val_recall": 0.7601, "lr": 0.0008}, {"epoch": 6, "loss": 51.23330995728806, "eval_loss": 49.32724101726826, "train_recall": 0.7352909090909091, "val_recall": 0.7594, "lr": 0.0008}, {"epoch": 7, "loss": 51.118074527164275, "eval_loss": 49.25620742944571, "train_recall": 0.7373535353535353, "val_recall": 0.7624, "lr": 8e-05}, {"epoch": 8, "loss": 51.10490502943399, "eval_loss": 49.24060477965917, "train_recall": 0.7373454545454545, "val_recall": 0.7626, "lr": 8e-05}, {"epoch": 9, "loss": 51.10150044603339, "eval_loss": 49.2700370764121, "train_recall": 0.7380333333333333, "val_recall": 0.7634, "lr": 8e-05}, {"epoch": 10, "loss": 51.082904568200014, "eval_loss": 49.24684857099484, "train_recall": 0.7381878787878788, "val_recall": 0.7634, "lr": 8e-05}, {"epoch": 11, "loss": 51.0859584781839, "eval_loss": 49.29258529956524, "train_recall": 0.7382242424242424, "val_recall": 0.7602, "lr": 8e-05}], "train_total": {"correct": 730842, "final_recall": 0.7382242424242424}, "training_time": 28956.944446325302, "eval_time": 0.03326058387756348}}, {"ins_id": 1, "dataset_partition": {"bulid_graph_time": 122.31204628944397, "save_graph_time": 110.04971647262573, "graph_partition_time": 223.94891738891602, "total_time": 456.84230041503906, "cluster_number_distribution": [3920, 4023, 3718, 4024, 3924, 4012, 4023, 4024, 4022, 4024, 4019, 4024, 3943, 4023, 4023, 4023, 3913, 4021, 4024, 3742, 4024, 4022, 4019, 2539, 3855, 3960, 1646, 4023, 4013, 4018, 4023, 4008, 3907, 3908, 3944, 4024, 4022, 4001, 4024, 3945, 4024, 3898, 4023, 4020, 4015, 4023, 4015, 3184, 4019, 4010, 3544, 4015, 3971, 4023, 4024, 4017, 3887, 4023, 4008, 3977, 3137, 3919, 3880, 4014, 4023, 4023, 4024, 4024, 3882, 4024, 3955, 4022, 4023, 4023, 3906, 4024, 2535, 4023, 4023, 3943, 3833, 4010, 4007, 4023, 3887, 4023, 4024, 4021, 4023, 4023, 3923, 4004, 4013, 3942, 4023, 3945, 4024, 4008, 3729, 3995, 4024, 3739, 4024, 3826, 2844, 4023, 3807, 3944, 4022, 3827, 3959, 4022, 3973, 4024, 4017, 3735, 3982, 3968, 2295, 3987, 4024, 4010, 4021, 4021, 4022, 4023, 4012, 3695, 4022, 4023, 4024, 4023, 4024, 4022, 4024, 3965, 3867, 4024, 4020, 4024, 3738, 1508, 4023, 3992, 3975, 4024, 4023, 4023, 3731, 3948, 3732, 4023, 4018, 3796, 4019, 3880, 3914, 4012, 4023, 3973, 3777, 4019, 3785, 3692, 4017, 4021, 4020, 4023, 4022, 4006, 3994, 4021, 4024, 4024, 3962, 3913, 4024, 4005, 4015, 3945, 4024, 3898, 4023, 3141, 4024, 3734, 4023, 4024, 3727, 3723, 4021, 2673, 4024, 3735, 3830, 3992, 3933, 4023, 4023, 2169, 3960, 4024, 3856, 4024, 4021, 3890, 3987, 4013, 3934, 4023, 4003, 4023, 3730, 3784, 4024, 3732, 4022, 4024, 4022, 3980, 4022, 4010, 4017, 4024, 4022, 4023, 4024, 4023, 4024, 4023, 4023, 4001, 4024, 3982, 4024, 4019, 3568, 3953, 4024, 4023, 4023, 4024, 3949, 3951, 4023, 4015, 4023, 4024, 3961, 3982, 4024, 3966, 3898, 3926, 3995, 3886]}, "prepare_train_sample": {"time": 1.045238733291626}, "train_eval_model": {"train_intermediate": [{"epoch": 0, "loss": 63.95745874714342, "eval_loss": 59.85819387435913, "train_recall": 0.572630303030303, "val_recall": 0.636, "lr": 0.008}, {"epoch": 1, "loss": 61.71129224489735, "eval_loss": 59.381384605016464, "train_recall": 0.6018272727272728, "val_recall": 0.6398, "lr": 0.008}, {"epoch": 2, "loss": 61.27166187513136, "eval_loss": 59.09439211625319, "train_recall": 0.6083121212121212, "val_recall": 0.6407, "lr": 0.008}, {"epoch": 3, "loss": 59.89023714527639, "eval_loss": 58.073160159282196, "train_recall": 0.6310737373737374, "val_recall": 0.659, "lr": 0.0008}, {"epoch": 4, "loss": 59.729271253556284, "eval_loss": 57.99336970158112, "train_recall": 0.6338313131313131, "val_recall": 0.6583, "lr": 0.0008}, {"epoch": 5, "loss": 59.66106296175186, "eval_loss": 57.94625524374155, "train_recall": 0.6353868686868687, "val_recall": 0.6636, "lr": 0.0008}, {"epoch": 6, "loss": 59.62026640903157, "eval_loss": 57.867996435899, "train_recall": 0.6361555555555556, "val_recall": 0.6618, "lr": 0.0008}, {"epoch": 7, "loss": 59.498562916350835, "eval_loss": 57.82090863203391, "train_recall": 0.6388585858585859, "val_recall": 0.6619, "lr": 8e-05}, {"epoch": 8, "loss": 59.48362107022137, "eval_loss": 57.825244866884674, "train_recall": 0.6384666666666666, "val_recall": 0.6651, "lr": 8e-05}, {"epoch": 9, "loss": 59.47894511179837, "eval_loss": 57.825002132317955, "train_recall": 0.6384313131313132, "val_recall": 0.6632, "lr": 8e-05}, {"epoch": 10, "loss": 59.475856536737986, "eval_loss": 57.814359004680924, "train_recall": 0.6386161616161616, "val_recall": 0.6634, "lr": 8e-05}, {"epoch": 11, "loss": 59.4700703793384, "eval_loss": 57.80404824476976, "train_recall": 0.6387, "val_recall": 0.6651, "lr": 8e-05}], "train_total": {"correct": 632313, "final_recall": 0.6387}, "training_time": 19738.841882944107, "eval_time": 0.009185314178466797}}, {"ins_id": 2, "dataset_partition": {"bulid_graph_time": 75.56851100921631, "save_graph_time": 46.09211874008179, "graph_partition_time": 66.52657151222229, "total_time": 188.38126683235168,