{"total_time_consume": 15369.850862264633, "preprocess": {"kmeans_time": 4804.104478597641, "random_projection_time": 0.016544103622436523, "total_time": 4804.348265171051}, "classifier": [{"ins_id": 0, "dataset_partition": {"count_label_time": 206.5223355293274, "total_time": 206.6787211894989, "cluster_number_distribution": [3151, 4914, 5690, 3179, 3067, 7578, 3769, 4147, 3170, 2490, 9498, 5548, 5866, 5471, 4120, 7369, 5429, 3502, 4728, 6761, 2792, 6727, 2114, 3479, 3935, 3262, 4786, 4466, 3865, 3622, 2864, 2498, 4383, 6165, 2374, 3733, 4050, 3490, 2549, 13272, 5029, 4288, 4526, 2305, 2689, 2606, 2363, 3547, 4150, 4868, 5534, 3115, 6343, 2960, 7612, 1505, 2164, 7335, 3014, 2427, 5533, 2980, 3530, 2384, 6011, 2928, 3703, 2917, 2071, 5304, 3618, 6589, 2219, 2662, 3475, 2828, 2537, 3672, 3921, 5845, 2869, 4271, 3039, 2915, 3445, 2253, 5815, 5569, 889, 2515, 2690, 3422, 4103, 4880, 3349, 3489, 1579, 7160, 2518, 4408, 2123, 3162, 2962, 5818, 2890, 2007, 2421, 1736, 2963, 3823, 2445, 3855, 3564, 4822, 3820, 2878, 5743, 7540, 5793, 3041, 2963, 3735, 4809, 3991, 3383, 2678, 2816, 3952, 5131, 2529, 2834, 5527, 2970, 2719, 2863, 3316, 3703, 1614, 4955, 4531, 6460, 1389, 2854, 4064, 8053, 2456, 1210, 1998, 4349, 2046, 6195, 4332, 2758, 3367, 2305, 1224, 2191, 4398, 5009, 5396, 2463, 1851, 2478, 3597, 1844, 2546, 3346, 5275, 3488, 6488, 4760, 1959, 2985, 3249, 3127, 3808, 3805, 2664, 2635, 2574, 4991, 1737, 2843, 2926, 4109, 3467, 5069, 4389, 4324, 4194, 2507, 10467, 3417, 3367, 2256, 5815, 3910, 3656, 3248, 3394, 2390, 4482, 3504, 4036, 2405, 4670, 5686, 8909, 7859, 5025, 1514, 3546, 4260, 4437, 1817, 9565, 3070, 4605, 1025, 4480, 4390, 7518, 5901, 4555, 3902, 3333, 3086, 5525, 4395, 4302, 5010, 3047, 2497, 2976, 3822, 5502, 4361, 1591, 3137, 4269, 4747, 3967, 3057, 4503, 6146, 4428, 2763, 3903, 1661, 3398, 1434, 5166, 1304, 3516, 2303, 7635]}, "prepare_train_sample": {"time": 0.4791390895843506}, "train_eval_model": {"train_config": {"model_name": "one_block_2048_dim", "lr": 0.008, "n_epochs": 12, "milestones": [3, 7]}, "train_intermediate": [{"epoch": 0, "loss": 55.35083108466648, "eval_loss": 51.36210796160576, "train_recall": 0.6594888888888889, "val_recall": 0.6979, "lr": 0.008}, {"epoch": 1, "loss": 53.60981886222798, "eval_loss": 51.30569745332767, "train_recall": 0.6761242424242424, "val_recall": 0.6929, "lr": 0.008}, {"epoch": 2, "loss": 53.386710365360265, "eval_loss": 50.84014600362533, "train_recall": 0.678380808080808, "val_recall": 0.7078, "lr": 0.008}, {"epoch": 3, "loss": 52.00410317072221, "eval_loss": 49.86570514776768, "train_recall": 0.7012262626262626, "val_recall": 0.7325, "lr": 0.0008}, {"epoch": 4, "loss": 51.829175033739496, "eval_loss": 49.6864419961587, "train_recall": 0.7039020202020202, "val_recall": 0.7299, "lr": 0.0008}, {"epoch": 5, "loss": 51.76135962800973, "eval_loss": 49.666689591530044, "train_recall": 0.7042747474747475, "val_recall": 0.7297, "lr": 0.0008}, {"epoch": 6, "loss": 51.72368398927111, "eval_loss": 49.69481042715219, "train_recall": 0.703789898989899, "val_recall": 0.7333, "lr": 0.0008}, {"epoch": 7, "loss": 51.59786412541512, "eval_loss": 49.607425200633514, "train_recall": 0.7064545454545454, "val_recall": 0.7318, "lr": 8e-05}, {"epoch": 8, "loss": 51.57752312524797, "eval_loss": 49.55786268527691, "train_recall": 0.7063131313131313, "val_recall": 0.7302, "lr": 8e-05}, {"epoch": 9, "loss": 51.57687597992726, "eval_loss": 49.589049082535965, "train_recall": 0.7064979797979798, "val_recall": 0.733, "lr": 8e-05}, {"epoch": 10, "loss": 51.571133748574944, "eval_loss": 49.62347498918191, "train_recall": 0.7063868686868687, "val_recall": 0.7332, "lr": 8e-05}, {"epoch": 11, "loss": 51.56635047887197, "eval_loss": 49.596664233085434, "train_recall": 0.707360606060606, "val_recall": 0.7356, "lr": 8e-05}], "train_total": {"correct": 700287, "final_recall": 0.707360606060606}, "training_time": 2312.7913863658905, "eval_time": 0.008913040161132812}}, {"ins_id": 1, "dataset_partition": {"count_label_time": 186.57939743995667, "total_time": 186.74633717536926, "cluster_number_distribution": [2334, 3116, 6302, 2185, 3644, 4852, 1646, 7831, 2956, 5030, 3660, 5279, 3226, 2233, 3036, 4721, 5913, 5042, 9280, 4759, 1584, 1001, 3819, 4844, 2031, 4799, 5961, 1822, 2289, 5563, 3441, 2966, 4128, 1883, 2606, 2143, 6125, 7288, 6344, 4380, 2629, 1147, 4229, 3266, 2656, 5225, 3472, 4955, 1489, 3471, 2719, 5804, 3296, 2780, 3205, 5222, 8841, 4180, 4293, 8142, 1621, 4138, 3188, 2925, 2314, 2869, 5053, 2878, 2005, 4969, 3152, 1588, 3821, 4722, 3697, 3279, 6920, 1990, 3904, 4605, 3321, 6053, 3403, 5760, 1635, 3514, 6980, 2097, 4331, 1647, 3827, 4662, 5292, 2716, 2850, 5519, 4177, 2960, 2118, 2584, 1352, 3673, 4917, 6169, 2606, 3845, 1330, 1714, 6282, 5033, 8179, 3956, 2755, 2423, 3996, 4899, 8440, 3510, 2480, 2978, 6331, 4933, 2011, 3828, 3851, 4133, 2598, 3676, 7355, 4242, 2417, 3183, 6374, 4633, 2726, 4444, 7796, 2250, 3883, 8681, 2432, 1515, 1809, 2450, 1754, 6565, 1987, 4764, 3985, 4174, 2601, 1099, 3181, 2463, 5135, 6338, 5338, 1085, 2216, 5187, 4957, 4689, 2800, 2402, 2291, 3177, 3648, 1990, 3726, 6999, 5806, 3245, 4992, 1826, 2911, 2459, 5980, 5582, 1835, 4527, 4143, 6033, 4041, 1873, 4149, 7291, 4380, 3156, 3839, 6156, 2452, 4570, 3628, 2097, 2968, 1637, 3038, 2554, 3719, 2904, 4189, 7078, 3319, 3021, 6333, 6805, 5891, 1752, 3389, 4080, 5552, 2604, 5015, 3847, 2858, 11705, 2590, 4109, 4224, 4402, 5939, 4496, 2620, 4856, 5312, 7592, 3305, 2812, 1410, 2642, 3885, 2430, 2946, 1882, 3455, 1453, 903, 2461, 1966, 1556, 3892, 1051, 3753, 1376, 6139, 5881, 3965, 5595, 4401, 2430, 5962, 4544, 6047, 5873, 2451, 5359]}, "prepare_train_sample": {"time": 0.5789532661437988}, "train_eval_model": {"train_config": {"model_name": "one_block_2048_dim", "lr": 0.008, "n_epochs": 12, "milestones": [3, 7]}, "train_intermediate": [{"epoch": 0, "loss": 55.110438848992956, "eval_loss": 51.06378406133407, "train_recall": 0.6636464646464646, "val_recall": 0.7069, "lr": 0.008}, {"epoch": 1, "loss": 53.39884940506003, "eval_loss": 50.780292938917114, "train_recall": 0.6792717171717172, "val_recall": 0.711, "lr": 0.008}, {"epoch": 2, "loss": 53.13943686761032, "eval_loss": 50.70728983023228, "train_recall": 0.6823070707070708, "val_recall": 0.7113, "lr": 0.008}, {"epoch": 3, "loss": 51.76948127520933, "eval_loss": 49.634981008676384, "train_recall": 0.7055707070707071, "val_recall": 0.735, "lr": 0.0008}, {"epoch": 4, "loss": 51.6097016298621, "eval_loss": 49.67842334356063, "train_recall": 0.7070737373737374, "val_recall": 0.7346, "lr": 0.0008}, {"epoch": 5, "loss": 51.53465617286807, "eval_loss": 49.60426211968446, "train_recall": 0.7076565656565657, "val_recall": 0.7284, "lr": 0.0008}, {"epoch": 6, "loss": 51.4936306933054, "eval_loss": 49.495262207129066, "train_recall": 0.7081292929292929, "val_recall": 0.7321, "lr": 0.0008}, {"epoch": 7, "loss": 51.369465687836204, "eval_loss": 49.45100213319827, "train_recall": 0.7098787878787879, "val_recall": 0.7322, "lr": 8e-05}, {"epoch": 8, "loss": 51.36192184896087, "eval_loss": 49.44862072284405, "train_recall": 0.7098414141414141, "val_recall": 0.7309, "lr": 8e-05}, {"epoch": 9, "loss": 51.36027146063922, "eval_loss": 49.42948193427844, "train_recall": 0.7101939393939394, "val_recall": 0.7341, "lr": 8e-05}, {"epoch": 10, "loss": 51.34960662812697, "eval_loss": 49.507811460739525, "train_recall": 0.7103161616161616, "val_recall": 0.7327, "lr": 8e-05}, {"epoch": 11, "loss": 51.33919778600608, "eval_loss": 49.39096843279325, "train_recall": 0.7104020202020203, "val_recall": 0.7348, "lr": 8e-05}], "train_total": {"correct": 703298, "final_recall": 0.7104020202020203}, "training_time": 2301.6725635528564, "eval_time": 0.012640953063964844}}, {"ins_id": 2, "dataset_partition": {"count_label_time": 206.34600400924683, "total_time": 206.4981153011322,