{"total_time_consume": 5107.825237989426, "preprocess": {"total_time": 0.027357816696166992}, "classifier": [{"ins_id": 0, "dataset_partition": {"bulid_graph_time": 1265.0660214424133, "save_graph_time": 29.587207317352295, "graph_partition_time": 157.80105590820312, "total_time": 1452.6567206382751, "cluster_number_distribution": [4023, 4010, 4001, 4017, 4023, 4009, 4022, 4023, 4009, 4015, 3957, 3952, 3951, 4023, 4022, 2002, 4010, 3992, 2552, 4001, 4021, 4018, 4019, 4012, 4023, 3012, 4021, 4012, 4005, 4008, 3514, 3986, 4023, 4008, 3959, 4019, 3238, 4024, 4015, 4022, 3059, 4008, 3975, 4023, 4023, 3669, 3259, 3905, 4023, 4020, 4023, 4021, 4020, 4017, 4016, 3436, 3748, 4006, 3455, 4023, 3941, 3575, 3104, 3727, 4020, 4023, 3978, 4023, 4023, 3129, 4023, 4023, 4008, 4023, 4017, 4023, 4023, 4023, 4022, 3961, 4022, 4019, 4023, 3983, 2447, 4023, 4023, 4023, 4023, 4016, 4023, 4015, 4015, 4023, 4023, 4020, 4011, 4021, 3863, 3970, 3930, 4023, 4023, 4023, 4023, 4023, 4007, 4023, 4016, 4022, 4021, 4023, 4008, 3999, 4023, 4023, 4023, 4020, 4023, 4001, 4023, 4021, 3988, 4023, 4023, 4022, 4023, 4023, 4010, 4009, 4020, 4024, 4022, 4021, 4023, 4014, 3974, 4023, 4020, 3986, 4023, 4023, 4023, 4023, 4006, 4022, 4023, 3714, 4024, 3975, 4023, 3929, 4023, 4013, 4023, 4023, 4010, 3965, 4023, 3995, 4021, 4023, 4023, 3967, 4019, 4022, 3992, 4022, 4016, 4023, 4010, 3972, 4020, 1284, 3947, 4023, 4023, 4022, 4023, 4003, 3931, 3955, 3959, 4023, 4022, 4016, 4023, 3964, 4022, 4018, 3785, 4022, 4015, 3709, 3983, 3976, 3624, 4023, 3296, 3856, 3801, 3205, 4022, 4022, 4001, 4022, 3702, 3328, 4020, 3859, 4023, 2138, 4019, 4022, 4021, 4014, 3586, 4004, 4018, 3879, 4023, 4022, 4023, 4023, 3619, 4015, 3960, 3434, 4023, 4021, 4023, 1943, 4019, 4022, 4023, 4021, 4023, 3965, 4023, 3765, 4020, 3915, 4014, 4023, 4000, 4023, 4023, 3631, 3932, 3919, 4020, 4023, 4023, 4015, 4017, 4000]}, "prepare_train_sample": {"time": 0.5748646259307861}, "train_eval_model": {"train_intermediate": [{"epoch": 0, "loss": 88.55650969211628, "eval_loss": 83.52386902540158, "train_recall": 0.45144242424242426, "val_recall": 0.507, "lr": 0.008}, {"epoch": 1, "loss": 85.5888775461349, "eval_loss": 82.82549951015375, "train_recall": 0.48563636363636364, "val_recall": 0.5126, "lr": 0.008}, {"epoch": 2, "loss": 84.98136037275425, "eval_loss": 82.51870371745183, "train_recall": 0.4932808080808081, "val_recall": 0.5114, "lr": 0.008}, {"epoch": 3, "loss": 83.34556543560024, "eval_loss": 81.2932905906286, "train_recall": 0.5171979797979798, "val_recall": 0.534, "lr": 0.0008}, {"epoch": 4, "loss": 83.11579203745141, "eval_loss": 81.18980567883223, "train_recall": 0.5201020202020202, "val_recall": 0.5339, "lr": 0.0008}, {"epoch": 5, "loss": 83.03305397338255, "eval_loss": 81.2292819634462, "train_recall": 0.5215565656565656, "val_recall": 0.5364, "lr": 0.0008}, {"epoch": 6, "loss": 82.97724170908613, "eval_loss": 81.11600449146368, "train_recall": 0.522979797979798, "val_recall": 0.5354, "lr": 0.0008}, {"epoch": 7, "loss": 82.81977757986196, "eval_loss": 81.07811858103825, "train_recall": 0.5251363636363636, "val_recall": 0.5381, "lr": 8e-05}, {"epoch": 8, "loss": 82.80625800853379, "eval_loss": 81.03398917271541, "train_recall": 0.5253606060606061, "val_recall": 0.5379, "lr": 8e-05}, {"epoch": 9, "loss": 82.79474650459845, "eval_loss": 80.9969949844556, "train_recall": 0.5253868686868687, "val_recall": 0.5358, "lr": 8e-05}, {"epoch": 10, "loss": 82.78736005549356, "eval_loss": 81.05703020095825, "train_recall": 0.5257868686868686, "val_recall": 0.5363, "lr": 8e-05}, {"epoch": 11, "loss": 82.78981503877111, "eval_loss": 81.02427762593979, "train_recall": 0.5257929292929293, "val_recall": 0.5382, "lr": 8e-05}], "train_total": {"correct": 520535, "final_recall": 0.5257929292929293}, "training_time": 3438.83123087883, "eval_time": 0.025187253952026367}}], "integrate": {"time": 55.37224078178406}, "count_recall": {"time": 151.23377680778503}}