{"total_time_consume": 4533.65867805481, "preprocess": {"kmeans_time": 1474.373701095581, "random_projection_time": 0.00764012336730957, "total_time": 1474.4363718032837}, "classifier": [{"ins_id": 0, "dataset_partition": {"count_label_time": 180.25985026359558, "total_time": 180.41289067268372, "cluster_number_distribution": [3466, 3118, 4725, 4871, 3206, 3706, 3279, 4322, 4116, 5275, 3298, 4460, 3422, 5005, 3173, 3661, 4020, 2801, 7062, 4561, 5041, 4174, 5937, 2545, 3573, 3120, 4584, 5669, 3809, 3085, 2848, 4654, 4140, 3533, 3817, 3400, 3848, 4398, 4622, 2993, 3483, 5817, 3752, 4025, 3658, 5435, 4239, 3844, 3464, 3425, 4644, 3414, 3428, 4330, 5134, 3240, 5373, 3900, 2741, 4321, 4803, 3825, 3968, 4818, 4073, 5567, 2039, 3604, 3209, 3121, 2810, 3489, 4062, 3770, 3183, 3327, 4066, 3315, 3679, 3642, 2951, 4064, 3640, 3558, 3691, 3955, 3251, 3685, 3166, 4081, 3580, 4284, 3666, 4917, 3282, 3006, 3423, 4711, 4569, 3505, 4193, 7804, 3067, 3948, 6140, 8103, 4470, 3849, 3812, 3391, 4513, 3203, 3461, 3434, 2946, 3197, 4579, 3809, 3662, 3342, 3971, 6437, 2529, 3674, 3107, 3918, 5387, 7100, 2523, 3181, 3407, 3214, 4071, 3407, 4142, 2657, 3988, 3485, 4849, 3241, 4595, 3791, 4636, 3888, 3565, 5998, 2980, 4506, 4354, 2847, 3929, 3365, 3184, 3006, 7203, 4162, 3710, 4247, 2721, 3274, 3269, 3578, 4585, 2672, 3505, 4718, 4399, 3250, 3455, 6784, 3513, 4215, 5684, 3587, 2899, 4386, 4677, 3709, 2880, 3936, 2271, 5149, 4742, 5117, 4471, 4024, 3504, 3286, 2941, 4332, 2701, 4019, 3119, 3056, 5108, 3884, 2849, 4713, 4520, 3974, 5339, 5268, 4297, 4141, 4413, 3375, 3604, 3705, 2598, 5375, 5508, 3198, 2046, 6136, 2261, 3374, 2947, 4151, 2353, 3614, 3407, 3133, 3772, 3994, 3098, 3440, 2965, 2972, 2467, 2627, 3572, 2550, 5225, 3693, 4879, 3223, 2754, 3326, 3713, 4033, 4082, 4089, 3433, 5056, 3952, 4378, 3415, 3969, 4052, 3618, 3828, 3273, 3588, 2737, 3724, 3248]}, "prepare_train_sample": {"time": 0.5356884002685547}, "train_eval_model": {"train_config": {"model_name": "one_block_8192_dim", "lr": 0.001, "n_epochs": 12, "milestones": [3, 7]}, "train_intermediate": [{"epoch": 0, "loss": 57.55711921913598, "eval_loss": 45.427650537246315, "train_recall": 0.6802848484848485, "val_recall": 0.78, "lr": 0.001}, {"epoch": 1, "loss": 53.605298654354236, "eval_loss": 45.025663406420975, "train_recall": 0.7239626262626263, "val_recall": 0.7848, "lr": 0.001}, {"epoch": 2, "loss": 53.091861268253844, "eval_loss": 44.88770155417613, "train_recall": 0.731660606060606, "val_recall": 0.7878, "lr": 0.001}, {"epoch": 3, "loss": 52.34641395549365, "eval_loss": 44.3724808876331, "train_recall": 0.7478828282828283, "val_recall": 0.7951, "lr": 0.0001}, {"epoch": 4, "loss": 52.232314582709044, "eval_loss": 44.353985994290085, "train_recall": 0.7498686868686869, "val_recall": 0.801, "lr": 0.0001}, {"epoch": 5, "loss": 52.1805000102955, "eval_loss": 44.29626698371692, "train_recall": 0.7498303030303031, "val_recall": 0.7962, "lr": 0.0001}, {"epoch": 6, "loss": 52.135308463067055, "eval_loss": 44.344574396426864, "train_recall": 0.7504626262626263, "val_recall": 0.7987, "lr": 0.0001}, {"epoch": 7, "loss": 52.07604703426315, "eval_loss": 44.212519703767235, "train_recall": 0.7516434343434344, "val_recall": 0.7985, "lr": 1e-05}, {"epoch": 8, "loss": 52.061093537258834, "eval_loss": 44.200555205345154, "train_recall": 0.7519313131313131, "val_recall": 0.7993, "lr": 1e-05}, {"epoch": 9, "loss": 52.0461241496489, "eval_loss": 44.228924500636566, "train_recall": 0.7518020202020202, "val_recall": 0.7988, "lr": 1e-05}, {"epoch": 10, "loss": 52.03968644018075, "eval_loss": 44.264444595728165, "train_recall": 0.7521444444444444, "val_recall": 0.7955, "lr": 1e-05}, {"epoch": 11, "loss": 52.03346349815632, "eval_loss": 44.23015346893897, "train_recall": 0.752189898989899, "val_recall": 0.796, "lr": 1e-05}], "train_total": {"correct": 744668, "final_recall": 0.752189898989899}, "training_time": 2611.8149847984314, "eval_time": 0.025436878204345703}}], "integrate": {"time": 135.62128400802612}, "count_recall": {"time": 110.46011567115784}}