{"total_time_consume": 14164.15823340416, "preprocess": {"total_time": 0.27098560333251953}, "classifier": [{"ins_id": 0, "dataset_partition": {"bulid_graph_time": 858.9773042201996, "save_graph_time": 27.72781491279602, "graph_partition_time": 117.87890625, "total_time": 1004.7456955909729, "cluster_number_distribution": [4019, 4001, 4023, 4017, 4023, 4021, 4022, 4020, 4016, 4020, 3964, 2469, 4020, 4023, 3938, 3979, 4022, 4022, 4020, 4021, 4020, 4019, 4023, 4023, 4020, 4021, 2489, 4023, 4023, 4022, 4023, 4005, 4022, 4023, 4015, 4021, 4023, 4022, 4023, 4023, 4023, 4003, 4024, 2145, 2528, 4023, 4022, 4023, 4023, 4020, 4023, 4009, 4023, 4023, 4023, 4023, 4022, 4023, 4023, 4007, 4023, 3002, 4018, 4017, 4021, 3825, 4023, 3322, 3828, 4023, 4024, 4021, 4020, 4023, 3952, 4023, 3998, 3992, 4023, 4021, 4022, 4017, 4023, 4020, 4021, 4023, 4023, 4010, 4022, 4016, 2992, 4023, 4011, 2744, 4023, 4018, 4023, 4023, 4023, 2277, 4022, 3963, 4014, 4021, 3919, 4023, 4022, 4020, 3827, 4018, 4023, 4022, 4023, 4023, 4020, 4019, 4020, 4009, 2684, 4023, 4023, 4017, 4011, 4023, 4023, 4022, 4016, 4021, 4019, 3871, 4023, 3778, 4022, 4019, 4015, 3148, 2731, 3933, 4023, 3925, 4023, 3892, 3979, 4014, 4023, 4014, 4013, 3875, 4019, 2896, 4023, 4023, 4023, 4023, 4023, 4023, 4022, 4012, 4023, 4021, 4023, 4013, 4023, 4023, 4023, 4023, 4011, 4023, 4023, 4021, 4022, 4023, 4006, 3900, 4022, 4023, 4023, 4023, 4023, 2158, 4023, 4014, 4023, 4023, 4023, 4010, 4022, 3787, 4020, 3770, 4022, 3950, 4020, 4023, 4021, 4023, 4021, 4023, 4023, 4023, 3999, 3975, 4016, 3790, 3962, 4005, 3102, 4022, 4022, 3379, 4022, 4023, 4022, 4021, 4018, 4022, 4023, 3981, 4011, 4022, 3984, 2189, 4019, 3997, 4024, 3994, 4023, 3973, 3994, 4022, 4023, 4016, 4021, 4023, 2470, 4007, 2147, 4023, 4023, 4023, 3986, 4022, 4014, 3946, 3994, 4023, 3997, 4018, 3865, 4023, 4019, 4023, 4023, 3809, 4019, 4023]}, "prepare_train_sample": {"time": 0.607048511505127}, "train_eval_model": {"train_config": {"model_name": "one_block_2048_dim", "lr": 0.004, "n_epochs": 12, "milestones": [3, 7]}, "train_intermediate": [{"epoch": 0, "loss": 88.15621018026712, "eval_loss": 83.12084652827336, "train_recall": 0.4610888888888889, "val_recall": 0.5145, "lr": 0.004}, {"epoch": 1, "loss": 85.21422400257069, "eval_loss": 82.60974621161436, "train_recall": 0.4937929292929293, "val_recall": 0.5265, "lr": 0.004}, {"epoch": 2, "loss": 84.67043343999713, "eval_loss": 82.4893617385473, "train_recall": 0.501440404040404, "val_recall": 0.5315, "lr": 0.004}, {"epoch": 3, "loss": 83.35441695977595, "eval_loss": 81.56933904305482, "train_recall": 0.5214111111111112, "val_recall": 0.5444, "lr": 0.0004}, {"epoch": 4, "loss": 83.14784764129158, "eval_loss": 81.41623477446727, "train_recall": 0.525650505050505, "val_recall": 0.5501, "lr": 0.0004}, {"epoch": 5, "loss": 83.05241399012174, "eval_loss": 81.23227454454471, "train_recall": 0.5271777777777777, "val_recall": 0.5479, "lr": 0.0004}, {"epoch": 6, "loss": 82.98598882508277, "eval_loss": 81.38209393085577, "train_recall": 0.5277010101010101, "val_recall": 0.5479, "lr": 0.0004}, {"epoch": 7, "loss": 82.85218357419475, "eval_loss": 81.17552791497646, "train_recall": 0.5298525252525252, "val_recall": 0.5478, "lr": 4e-05}, {"epoch": 8, "loss": 82.83552234313159, "eval_loss": 81.0713768249903, "train_recall": 0.5299686868686869, "val_recall": 0.5501, "lr": 4e-05}, {"epoch": 9, "loss": 82.82246051969219, "eval_loss": 81.17028924746391, "train_recall": 0.5304505050505051, "val_recall": 0.5481, "lr": 4e-05}, {"epoch": 10, "loss": 82.81762197948086, "eval_loss": 81.16864154277704, "train_recall": 0.5307656565656566, "val_recall": 0.5527, "lr": 4e-05}, {"epoch": 11, "loss": 82.81486184557635, "eval_loss": 81.24286349614461, "train_recall": 0.5307929292929293, "val_recall": 0.552, "lr": 4e-05}], "train_total": {"correct": 525485, "final_recall": 0.5307929292929293}, "training_time": 2216.880664587021, "eval_time": 0.00977635383605957}}, {"ins_id": 1, "dataset_partition": {"bulid_graph_time": 1149.634158372879, "save_graph_time": 28.82850933074951, "graph_partition_time": 124.21247935295105, "total_time": 1302.8349125385284, "cluster_number_distribution": [3956, 4023, 3991, 4000, 4022, 4023, 4022, 4022, 4022, 4023, 4001, 1944, 4022, 4023, 4023, 3427, 4000, 3922, 4019, 3978, 4024, 4023, 4022, 3384, 4023, 2533, 4023, 4023, 4023, 4015, 4023, 3990, 4023, 4023, 4023, 4023, 4023, 4023, 2692, 4023, 4023, 4023, 4022, 4019, 4019, 4023, 4023, 4023, 4023, 4019, 4012, 4022, 4023, 4023, 4013, 4023, 4023, 4013, 4017, 3959, 4017, 4012, 4023, 4023, 2257, 3361, 4023, 4023, 4022, 4023, 4023, 3861, 3986, 4023, 4023, 3577, 4007, 3137, 4021, 3349, 4023, 4015, 2851, 4023, 4014, 3938, 4015, 4022, 4023, 4022, 4022, 4017, 4010, 4005, 4023, 3660, 4023, 4023, 4023, 4023, 4023, 4023, 4023, 4023, 4022, 4011, 4023, 4022, 4017, 4018, 4023, 3996, 3910, 3367, 4019, 4022, 4023, 4015, 4020, 4023, 4022, 4023, 3820, 4023, 4021, 3094, 4019, 4022, 4021, 4017, 4023, 3549, 4023, 4023, 4023, 4023, 4023, 4023, 4024, 4023, 4023, 4019, 2562, 4023, 4023, 4023, 4023, 4023, 4021, 4023, 4023, 4022, 4023, 4022, 4021, 4018, 4019, 4023, 4023, 4023, 4023, 3083, 4023, 4023, 4021, 4023, 4023, 4023, 4022, 4019, 4023, 4016, 3918, 4024, 4023, 3640, 4018, 4024, 4023, 3282, 4021, 4023, 3960, 4011, 4023, 4023, 4023, 4024, 4018, 4020, 4024, 4022, 4023, 4022, 3738, 4021, 3995, 4022, 3112, 4022, 4019, 4023, 4023, 4008, 3993, 4023, 4022, 3984, 4023, 3603, 4009, 4022, 4011, 4021, 3948, 4023, 4024, 4023, 4023, 3445, 4024, 4022, 3962, 2376, 3895, 3993, 4023, 2516, 4023, 4022, 4023, 4013, 4017, 4023, 3958, 4022, 4023, 4013, 3989, 3389, 4023, 3984, 4022, 4018, 3993, 1924, 4023, 4020, 4023, 4023, 4023, 2625, 3904, 4021, 4023, 3559]}, "prepare_train_sample": {"time": 0.89559006690979}, "train_eval_model": {"train_config": {"model_name": "one_block_2048_dim", "lr": 0.004, "n_epochs": 12, "milestones": [3, 7]}, "train_intermediate": [{"epoch": 0, "loss": 88.31226545980537, "eval_loss": 83.21577700590476, "train_recall": 0.46816565656565656, "val_recall": 0.5292, "lr": 0.004}, {"epoch": 1, "loss": 85.36284188940333, "eval_loss": 82.69433068006467, "train_recall": 0.5024141414141414, "val_recall": 0.5403, "lr": 0.004}, {"epoch": 2, "loss": 84.81933965404622, "eval_loss": 82.49755661304181, "train_recall": 0.5098727272727273, "val_recall": 0.5422, "lr": 0.004}, {"epoch": 3, "loss": 83.52280630601278, "eval_loss": 81.51000271088037, "train_recall": 0.5307575757575758, "val_recall": 0.558, "lr": 0.0004}, {"epoch": 4, "loss": 83.30384388950864, "eval_loss": 81.25412427462064, "train_recall": 0.534230303030303, "val_recall": 0.5609, "lr": 0.0004}, {"epoch": 5, "loss": 83.21212642290021, "eval_loss": 81.36971334310678, "train_recall": 0.5355434343434343, "val_recall": 0.5603, "lr": 0.0004}, {"epoch": 6, "loss": 83.13498021143148, "eval_loss": 81.3126078630105, "train_recall": 0.5364989898989899, "val_recall": 0.5636, "lr": 0.0004}, {"epoch": 7, "loss": 83.01616204826487, "eval_loss": 81.164527122791, "train_recall": 0.5386909090909091, "val_recall": 0.5627, "lr": 4e-05}, {"epoch": 8, "loss": 82.98646532006866, "eval_loss": 81.30244909188686, "train_recall": 0.5395272727272727, "val_recall": 0.5626, "lr": 4e-05}, {"epoch": 9, "loss": 82.97741522460547, "eval_loss": 81.18429380808121, "train_recall": 0.5397454545454545, "val_recall": 0.5629, "lr": 4e-05}, {"epoch": 10, "loss": 82.97812755264246, "eval_loss": 81.28825016510793, "train_recall": 0.5395787878787879, "val_recall": 0.5659, "lr": 4e-05}, {"epoch": 11, "loss": 82.97186960657515, "eval_loss": 81.20395211684398, "train_recall": 0.5399323232323232, "val_recall": 0.5625, "lr": 4e-05}], "train_total": {"correct": 534533, "final_recall": 0.5399323232323232}, "training_time": 2135.2627761363983, "eval_time": 0.022176742553710938}}, {"ins_id": 2, "dataset_partition": {"bulid_graph_time": 1183.8543741703033, "save_graph_time": 32.74483036994934, "graph_partition_time": 123.12372016906738, "total_time": 1339.8765232563019,