{"total_time_consume": 5867.757590532303, "preprocess": {"total_time": 0.05919170379638672}, "classifier": [{"ins_id": 0, "dataset_partition": {"bulid_graph_time": 2170.867435693741, "save_graph_time": 35.52411866188049, "graph_partition_time": 135.77464127540588, "total_time": 2342.3321454524994, "cluster_number_distribution": [4031, 3951, 3913, 4030, 4030, 3766, 4025, 3952, 4030, 4030, 3868, 4031, 4024, 4020, 4028, 4001, 3888, 3928, 3933, 4016, 4029, 3943, 3997, 4030, 3960, 0, 4031, 4012, 4028, 4031, 4017, 3785, 3974, 3903, 4030, 3943, 3945, 4030, 3919, 3938, 3929, 3305, 4031, 4030, 4031, 3942, 4031, 4031, 3949, 4006, 4004, 3591, 3746, 4025, 4030, 3820, 4031, 3935, 4020, 4030, 3941, 4031, 4030, 3926, 3893, 4031, 3989, 4031, 4030, 4031, 4031, 4031, 4030, 4030, 4030, 3751, 4030, 4031, 4031, 4031, 4031, 4031, 4031, 2497, 4030, 3829, 4029, 4028, 3881, 4005, 3895, 4031, 3894, 4030, 4030, 4031, 4031, 4030, 3744, 3884, 4031, 4009, 4031, 4031, 4017, 0, 4020, 4031, 4027, 3746, 3835, 3946, 4030, 3752, 4030, 4030, 4030, 3916, 4031, 4029, 4031, 3955, 3962, 4025, 4013, 3974, 3815, 3926, 3842, 4017, 3907, 3996, 3926, 4031, 3986, 2299, 3955, 4031, 4030, 4026, 4029, 4029, 3970, 4030, 3857, 4030, 3828, 4025, 3905, 3918, 4026, 4022, 3907, 4002, 3859, 3953, 3934, 4031, 4015, 4026, 3751, 3750, 4030, 4000, 4017, 3917, 3878, 4031, 4031, 3963, 4031, 4031, 4031, 3820, 3841, 4031, 3923, 4031, 3913, 4031, 4031, 3790, 3584, 4017, 4031, 3761, 3744, 3999, 4029, 4030, 3921, 3893, 4029, 4031, 4030, 4031, 4029, 4030, 3991, 4027, 3949, 3869, 4031, 3833, 4031, 4029, 3745, 4029, 3903, 3940, 3372, 4031, 4031, 4030, 4031, 4031, 4027, 3982, 3982, 3806, 3982, 3982, 3790, 3981, 3973, 3969, 3962, 3982, 3790, 3982, 3980, 3930, 3969, 3981, 3967, 3982, 2114, 3982, 3981, 3982, 3978, 3979, 3974, 3965, 2277, 3980, 3977, 3979, 3981, 3815, 3949, 3982, 3977, 3978, 3982, 3982]}, "prepare_train_sample": {"time": 0.5734267234802246}, "train_eval_model": {"train_intermediate": [{"epoch": 0, "loss": 94.57870114567508, "eval_loss": 85.44955066534189, "train_recall": 0.3742888888888889, "val_recall": 0.4682, "lr": 0.008}, {"epoch": 1, "loss": 92.35862713018555, "eval_loss": 85.07129867260272, "train_recall": 0.39984747474747473, "val_recall": 0.4855, "lr": 0.008}, {"epoch": 2, "loss": 91.69862908364792, "eval_loss": 84.3200198320242, "train_recall": 0.4078323232323232, "val_recall": 0.4954, "lr": 0.008}, {"epoch": 3, "loss": 89.69832279515929, "eval_loss": 83.25663011501997, "train_recall": 0.4350060606060606, "val_recall": 0.5093, "lr": 0.0008}, {"epoch": 4, "loss": 89.46465272388951, "eval_loss": 82.92789400540866, "train_recall": 0.4381141414141414, "val_recall": 0.5153, "lr": 0.0008}, {"epoch": 5, "loss": 89.38105702334701, "eval_loss": 83.4308454806988, "train_recall": 0.4398131313131313, "val_recall": 0.5084, "lr": 0.0008}, {"epoch": 6, "loss": 89.26192219542422, "eval_loss": 82.9329674182794, "train_recall": 0.4411141414141414, "val_recall": 0.5174, "lr": 0.0008}, {"epoch": 7, "loss": 89.04980671833893, "eval_loss": 82.63529424178294, "train_recall": 0.4444, "val_recall": 0.5129, "lr": 8e-05}, {"epoch": 8, "loss": 89.07065085576825, "eval_loss": 83.08378256284274, "train_recall": 0.44434242424242426, "val_recall": 0.5181, "lr": 8e-05}, {"epoch": 9, "loss": 89.03338808350138, "eval_loss": 82.86569317793234, "train_recall": 0.44402929292929294, "val_recall": 0.5131, "lr": 8e-05}, {"epoch": 10, "loss": 89.0152100008391, "eval_loss": 83.21587095505151, "train_recall": 0.4441080808080808, "val_recall": 0.5191, "lr": 8e-05}, {"epoch": 11, "loss": 89.0211699688277, "eval_loss": 82.88855280020299, "train_recall": 0.44506464646464644, "val_recall": 0.505, "lr": 8e-05}], "train_total": {"correct": 440614, "final_recall": 0.44506464646464644}, "training_time": 3276.7403655052185, "eval_time": 0.008520841598510742}}], "integrate": {"time": 107.40795397758484}, "count_recall": {"time": 127.77831101417542}}