{"total_time_consume": 3452.0020792484283, "preprocess": {"total_time": 0.04974937438964844}, "classifier": [{"ins_id": 0, "dataset_partition": {"bulid_graph_time": 69.4060788154602, "save_graph_time": 40.76707983016968, "graph_partition_time": 66.04677414894104, "total_time": 176.38218140602112, "cluster_number_distribution": [3739, 4023, 4016, 3737, 4024, 4024, 4018, 4023, 4024, 3743, 3933, 4022, 3737, 2280, 2843, 4021, 3760, 4014, 4012, 3961, 3994, 3751, 3552, 3894, 4023, 4024, 4024, 3745, 4024, 3834, 4024, 4024, 4023, 4024, 3738, 4021, 4020, 4024, 3897, 4023, 3794, 4024, 3741, 4024, 3973, 3746, 4019, 4022, 3982, 4024, 3740, 4024, 4024, 4024, 4022, 3882, 3884, 2116, 4004, 4023, 4023, 4022, 3880, 3929, 4009, 3742, 4020, 4020, 4023, 4023, 3945, 3743, 3893, 3876, 3741, 3801, 4014, 3966, 3942, 3934, 4024, 3903, 4022, 4021, 4024, 4024, 3947, 4024, 4024, 4024, 3912, 4024, 4024, 4004, 3857, 3862, 4022, 3982, 4001, 3740, 3912, 4003, 3745, 3853, 3895, 4024, 4023, 3898, 4023, 0, 4012, 4023, 3858, 4023, 4024, 3935, 4024, 4024, 3969, 4024, 4023, 4023, 3895, 3815, 4022, 3873, 4024, 3852, 3909, 3914, 4016, 4024, 4018, 3915, 2686, 3890, 3815, 4024, 3794, 4024, 4021, 3974, 4022, 3809, 3984, 3744, 4023, 4020, 3903, 4007, 3905, 4024, 4024, 3754, 4016, 4023, 3971, 3893, 4024, 4022, 3982, 4023, 4022, 4023, 4023, 3378, 4023, 4024, 3847, 4024, 4024, 3946, 3959, 3792, 4024, 3977, 3974, 3873, 3915, 3882, 4001, 3938, 3741, 4024, 4024, 3931, 4023, 3949, 3910, 3768, 3788, 4023, 4018, 4024, 2904, 4024, 3916, 4024, 3962, 4001, 4024, 4023, 3875, 3888, 3874, 4024, 4023, 3963, 3935, 4023, 3913, 4023, 3922, 3846, 4023, 3881, 3625, 4024, 4023, 4024, 4024, 3926, 4023, 3870, 4021, 3855, 4024, 3940, 4024, 4024, 3845, 4023, 4022, 3739, 3757, 4018, 3909, 4024, 4024, 3969, 4024, 4018, 3973, 4024, 4024, 4024, 4024, 4024, 3935, 4023, 3854, 4017, 4024, 3899, 3746, 3871]}, "prepare_train_sample": {"time": 0.6773605346679688}, "train_eval_model": {"train_intermediate": [{"epoch": 0, "loss": 93.99147299463733, "eval_loss": 85.19500517233824, "train_recall": 0.3358969696969697, "val_recall": 0.4132, "lr": 0.004}, {"epoch": 1, "loss": 92.61674236378126, "eval_loss": 84.56293301704602, "train_recall": 0.3511484848484848, "val_recall": 0.4225, "lr": 0.004}, {"epoch": 2, "loss": 85.75345852017676, "eval_loss": 77.47412439493033, "train_recall": 0.4333959595959596, "val_recall": 0.5226, "lr": 0.00084}, {"epoch": 3, "loss": 85.49759794615565, "eval_loss": 77.46434925764035, "train_recall": 0.43617676767676766, "val_recall": 0.5223, "lr": 0.00084}, {"epoch": 4, "loss": 85.41523580405955, "eval_loss": 77.86199542803642, "train_recall": 0.4380545454545455, "val_recall": 0.5175, "lr": 0.00084}, {"epoch": 5, "loss": 85.40553317846985, "eval_loss": 77.38009494390244, "train_recall": 0.43828181818181816, "val_recall": 0.5186, "lr": 0.00084}, {"epoch": 6, "loss": 83.43547121681702, "eval_loss": 75.48826337471986, "train_recall": 0.4620909090909091, "val_recall": 0.5489, "lr": 0.0001764}, {"epoch": 7, "loss": 83.07983551188154, "eval_loss": 75.33432109539325, "train_recall": 0.4661131313131313, "val_recall": 0.5469, "lr": 0.0001764}, {"epoch": 8, "loss": 82.87365032257328, "eval_loss": 74.33748828447781, "train_recall": 0.4682313131313131, "val_recall": 0.5521, "lr": 0.0001764}, {"epoch": 9, "loss": 82.64275295828348, "eval_loss": 74.32656482549814, "train_recall": 0.47126262626262627, "val_recall": 0.5567, "lr": 0.0001764}, {"epoch": 10, "loss": 82.48673530241004, "eval_loss": 74.55326746671628, "train_recall": 0.47315959595959595, "val_recall": 0.5615, "lr": 0.0001764}, {"epoch": 11, "loss": 82.32933390527019, "eval_loss": 73.70545285787338, "train_recall": 0.47482525252525254, "val_recall": 0.5591, "lr": 0.0001764}], "train_total": {"correct": 470077, "final_recall": 0.47482525252525254}, "training_time": 3018.350717306137, "eval_time": 0.007847070693969727}}], "integrate": {"time": 120.66954350471497}, "count_recall": {"time": 126.13531255722046}}