{"total_time_consume": 21388.750081062317, "preprocess": {"total_time": 0.24145817756652832}, "classifier": [{"ins_id": 0, "dataset_partition": {"bulid_graph_time": 1654.360288143158, "save_graph_time": 35.02029323577881, "graph_partition_time": 130.6746633052826, "total_time": 1820.2169435024261, "cluster_number_distribution": [4015, 4018, 4016, 4013, 3995, 3977, 4018, 4017, 4012, 4017, 4001, 4015, 4011, 4015, 4000, 4013, 4018, 3866, 4013, 4016, 4012, 3980, 3979, 4017, 4018, 4017, 4000, 3978, 4018, 4016, 4018, 4006, 4018, 3994, 4012, 4016, 4005, 4000, 4018, 4018, 3989, 4013, 3875, 3982, 3986, 4011, 3957, 3989, 3998, 4013, 3983, 3951, 4018, 3914, 4015, 4018, 4018, 4004, 4017, 4017, 4002, 3934, 3837, 4018, 4018, 4017, 4003, 4018, 4014, 4018, 3811, 4016, 4007, 4018, 3999, 4018, 4017, 3897, 3999, 4018, 4017, 4017, 4017, 4012, 0, 2195, 4018, 4018, 4018, 4015, 4018, 4012, 3999, 4007, 4001, 4003, 4018, 3879, 4015, 3950, 3926, 4009, 4013, 4015, 4000, 4018, 4014, 3980, 4006, 4011, 4012, 4018, 4018, 4017, 0, 4003, 4010, 3996, 4018, 4018, 4018, 4002, 4017, 4017, 4018, 4018, 4018, 4014, 4012, 4003, 4009, 4006, 4015, 4010, 4004, 4009, 4018, 4013, 0, 4018, 4018, 3393, 4009, 4018, 4018, 4030, 4030, 4027, 4027, 4011, 4030, 3965, 4024, 4028, 4029, 3947, 4023, 3935, 0, 4012, 4006, 4030, 4022, 4005, 4018, 4029, 4028, 4026, 4030, 4030, 4024, 4029, 4016, 4000, 3996, 4023, 4021, 4028, 4030, 3993, 4019, 4029, 4029, 4017, 4028, 4020, 4018, 4019, 4029, 4030, 4027, 4029, 4021, 1983, 4019, 3992, 4028, 4029, 4004, 4029, 2010, 4030, 4018, 4030, 4030, 4029, 4029, 3976, 4030, 4029, 3981, 4024, 4029, 4028, 4010, 4023, 4028, 4029, 4022, 4029, 4030, 3998, 4007, 4029, 4030, 4028, 4019, 4030, 4000, 4030, 4030, 4030, 4027, 4030, 3109, 4021, 4025, 4030, 4030, 4013, 4028, 4022, 1075, 4011, 4026, 4029, 4028, 4029, 4027, 4025, 4022, 4028, 4024, 4028, 4028, 4030]}, "prepare_train_sample": {"time": 0.5663325786590576}, "train_eval_model": {"train_intermediate": [{"epoch": 0, "loss": 91.74864485410481, "eval_loss": 82.31601667404175, "train_recall": 0.3928979797979798, "val_recall": 0.5047, "lr": 0.008}, {"epoch": 1, "loss": 89.5484108552946, "eval_loss": 81.8015101261628, "train_recall": 0.41986262626262627, "val_recall": 0.535, "lr": 0.008}, {"epoch": 2, "loss": 88.8756218739532, "eval_loss": 80.98811446703397, "train_recall": 0.4278939393939394, "val_recall": 0.5319, "lr": 0.008}, {"epoch": 3, "loss": 86.82674932450574, "eval_loss": 79.98976863958897, "train_recall": 0.4557151515151515, "val_recall": 0.5553, "lr": 0.0008}, {"epoch": 4, "loss": 86.5807219939129, "eval_loss": 79.55795508164626, "train_recall": 0.4591323232323232, "val_recall": 0.5581, "lr": 0.0008}, {"epoch": 5, "loss": 86.49608764367301, "eval_loss": 80.37799155406462, "train_recall": 0.46021616161616163, "val_recall": 0.5703, "lr": 0.0008}, {"epoch": 6, "loss": NaN, "eval_loss": NaN, "train_recall": 0.44205656565656565, "val_recall": 0.0039, "lr": 0.0008}, {"epoch": 7, "loss": NaN, "eval_loss": NaN, "train_recall": 0.004016161616161616, "val_recall": 0.0039, "lr": 8e-05}, {"epoch": 8, "loss": NaN, "eval_loss": NaN, "train_recall": 0.004016161616161616, "val_recall": 0.0039, "lr": 8e-05}, {"epoch": 9, "loss": NaN, "eval_loss": NaN, "train_recall": 0.004016161616161616, "val_recall": 0.0039, "lr": 8e-05}, {"epoch": 10, "loss": NaN, "eval_loss": NaN, "train_recall": 0.004016161616161616, "val_recall": 0.0039, "lr": 8e-05}, {"epoch": 11, "loss": NaN, "eval_loss": NaN, "train_recall": 0.004016161616161616, "val_recall": 0.0039, "lr": 8e-05}], "train_total": {"correct": 3976, "final_recall": 0.004016161616161616}, "training_time": 3027.907315969467, "eval_time": 0.009845972061157227}}, {"ins_id": 1, "dataset_partition": {"bulid_graph_time": 2178.5215678215027, "save_graph_time": 37.09295964241028, "graph_partition_time": 125.23306035995483, "total_time": 2341.0146164894104, "cluster_number_distribution": [4029, 4030, 4029, 4020, 3962, 4030, 1249, 4028, 4022, 4012, 4024, 4029, 4012, 4007, 4016, 3911, 4010, 4001, 4030, 4015, 4028, 3986, 4030, 4022, 4028, 4024, 4029, 3992, 4028, 4030, 4026, 4030, 4029, 4025, 4026, 4029, 4028, 4015, 4023, 4029, 4030, 1782, 4012, 4013, 4028, 4030, 4023, 1891, 4029, 3858, 4030, 4029, 4026, 4027, 4023, 311, 4016, 3759, 4010, 4027, 4024, 4030, 4029, 4014, 4031, 4025, 4028, 3997, 3969, 4030, 3827, 4004, 4030, 4017, 4028, 4028, 3997, 4028, 4023, 4022, 4002, 3970, 4005, 4028, 4026, 3998, 4007, 4027, 4007, 4030, 3945, 4029, 4008, 4005, 4027, 3995, 4030, 4030, 4025, 4031, 3971, 4030, 4001, 4017, 3953, 4024, 3988, 4023, 4026, 4023, 4026, 4016, 4017, 4008, 4008, 4016, 3996, 0, 4008, 4000, 4007, 4015, 3995, 4017, 4013, 4010, 3992, 4005, 4015, 4015, 4007, 4016, 4001, 4017, 4013, 4007, 4003, 4015, 4017, 4007, 4002, 4017, 3895, 4017, 4014, 4014, 4016, 1679, 4011, 3994, 4016, 4008, 1353, 4017, 4010, 4005, 4013, 4016, 4017, 4017, 3966, 3912, 4016, 4012, 4007, 3907, 4008, 3979, 4015, 4016, 4017, 3997, 4015, 4008, 4010, 4017, 4015, 4014, 3880, 4010, 4013, 4004, 4017, 4008, 4017, 3961, 4007, 4012, 4013, 4015, 4000, 4017, 2483, 4017, 4017, 4015, 4008, 4009, 4003, 3999, 4016, 4007, 4017, 4015, 3997, 4006, 4015, 4017, 4017, 4014, 4006, 4017, 4014, 3996, 4017, 4015, 4014, 4017, 0, 4017, 3801, 4017, 4015, 4012, 4017, 3982, 4009, 3866, 3998, 3992, 4017, 3993, 4001, 3974, 4010, 3988, 4015, 3982, 4014, 4016, 4015, 4010, 3992, 4013, 4014, 4017, 4016, 4016, 4016, 3854, 4008, 3841, 4007, 3993, 4017, 4010]}, "prepare_train_sample": {"time": 0.94964599609375}, "train_eval_model": {"train_intermediate": [{"epoch": 0, "loss": 90.94963473634344, "eval_loss": 81.69020063449175, "train_recall": 0.40444444444444444, "val_recall": 0.5104, "lr": 0.008}, {"epoch": 1, "loss": 88.76197969590962, "eval_loss": 80.61974931374574, "train_recall": 0.4306040404040404, "val_recall": 0.5422, "lr": 0.008}, {"epoch": 2, "loss": 87.99151129302895, "eval_loss": 80.2125271772727, "train_recall": 0.44033333333333335, "val_recall": 0.5191, "lr": 0.008}, {"epoch": 3, "loss": 86.0134023588761, "eval_loss": 78.66019165821565, "train_recall": 0.4673151515151515, "val_recall": 0.5583, "lr": 0.0008}, {"epoch": 4, "loss": 85.74572367935879, "eval_loss": 79.12188838078426, "train_recall": 0.47136262626262626, "val_recall": 0.5776, "lr": 0.0008}, {"epoch": 5, "loss": 85.58956738031877, "eval_loss": 79.34251003998976, "train_recall": 0.4735525252525252, "val_recall": 0.565, "lr": 0.0008}, {"epoch": 6, "loss": 85.5407897856, "eval_loss": 78.76842013383524, "train_recall": 0.47465959595959595, "val_recall": 0.5757, "lr": 0.0008}, {"epoch": 7, "loss": 85.32064393488619, "eval_loss": 78.50658898475842, "train_recall": 0.4776717171717172, "val_recall": 0.5507, "lr": 8e-05}, {"epoch": 8, "loss": 85.27000844536022, "eval_loss": 78.67369944010025, "train_recall": 0.4782858585858586, "val_recall": 0.5504, "lr": 8e-05}, {"epoch": 9, "loss": 85.28055809280677, "eval_loss": 78.62353308995564, "train_recall": 0.47806767676767675, "val_recall": 0.5637, "lr": 8e-05}, {"epoch": 10, "loss": NaN, "eval_loss": NaN, "train_recall": 0.3624909090909091, "val_recall": 0.0034, "lr": 8e-05}, {"epoch": 11, "loss": NaN, "eval_loss": NaN, "train_recall": 0.004035353535353535, "val_recall": 0.0034, "lr": 8e-05}], "train_total": {"correct": 3995, "final_recall": 0.004035353535353535}, "training_time": 3089.3991572856903, "eval_time": 0.010798931121826172}}, {"ins_id": 2, "dataset_partition": {"bulid_graph_time": 2206.287093400955, "save_graph_time": 38.609293699264526, "graph_partition_time": 139.7281138896942, "total_time": 2384.782772064209,