{"total_time_consume": 52717.89380168915, "preprocess": {"total_time": 0.10090136528015137}, "classifier": [{"ins_id": 0, "dataset_partition": {"bulid_graph_time": 78.71783471107483, "save_graph_time": 49.633968114852905, "graph_partition_time": 88.10213446617126, "total_time": 216.61345958709717, "cluster_number_distribution": [4024, 4024, 3746, 3977, 4021, 3846, 4022, 4022, 4023, 4019, 4024, 3873, 3938, 4014, 4024, 4021, 3911, 4024, 3968, 3803, 4022, 3996, 3824, 3972, 4024, 4006, 3900, 4018, 3807, 3886, 4011, 4023, 3854, 4023, 4024, 4004, 4020, 3890, 4023, 4022, 3917, 4022, 4024, 4024, 3785, 3988, 3914, 4024, 4014, 4023, 4024, 3889, 3858, 3876, 4023, 3936, 3847, 3925, 3830, 3748, 3969, 4024, 4024, 3958, 3878, 4023, 4020, 3765, 4024, 3920, 0, 4024, 3777, 3958, 4024, 4021, 3740, 4024, 4024, 3969, 4023, 3820, 3898, 4024, 4023, 4024, 3888, 4024, 3789, 4023, 4024, 3882, 3913, 4024, 3903, 4017, 3983, 3934, 4004, 4024, 3744, 4023, 3925, 4024, 4024, 4024, 3949, 4009, 4024, 3742, 4023, 4024, 4022, 4023, 4024, 3913, 4023, 4017, 3934, 4023, 3914, 4001, 3958, 4023, 3964, 4023, 3935, 4024, 3941, 3942, 4024, 3988, 4022, 4022, 4023, 4004, 4016, 4022, 4024, 4024, 3739, 4021, 3952, 3957, 4023, 3868, 3827, 4024, 4021, 4024, 4022, 4022, 3844, 4024, 4024, 4012, 3959, 862, 3819, 4024, 3857, 3921, 4021, 4024, 4023, 3978, 3861, 4023, 4024, 4024, 3877, 3936, 4024, 3921, 4023, 3945, 3748, 4015, 4024, 3846, 3967, 3868, 3952, 3915, 4020, 4023, 4024, 4011, 4024, 4021, 4005, 3940, 4023, 3973, 0, 4024, 4024, 4024, 3991, 3869, 3910, 4023, 4022, 4023, 4024, 3891, 3890, 3946, 4024, 4024, 4024, 4018, 3821, 3878, 4019, 4022, 4023, 3877, 3739, 3936, 3980, 4021, 3960, 4024, 3825, 3740, 3742, 4023, 4023, 3998, 3834, 4024, 3860, 4024, 3739, 4024, 3858, 4023, 4024, 4023, 3922, 574, 4022, 4021, 4024, 3976, 3837, 4024, 3874, 4022, 4024, 4024, 3814, 4024, 3929, 3923]}, "prepare_train_sample": {"time": 0.7395687103271484}, "train_eval_model": {"train_intermediate": [{"epoch": 0, "loss": 65.24953568536209, "eval_loss": 63.450924188662796, "train_recall": 0.6626737373737374, "val_recall": 0.6889, "lr": 0.001}, {"epoch": 1, "loss": 62.87355283108387, "eval_loss": 62.93176670563527, "train_recall": 0.7095434343434344, "val_recall": 0.699, "lr": 0.001}, {"epoch": 2, "loss": 62.417891275159455, "eval_loss": 62.719604064256714, "train_recall": 0.724029292929293, "val_recall": 0.7021, "lr": 0.001}, {"epoch": 3, "loss": 62.138691463902646, "eval_loss": 62.54134826171092, "train_recall": 0.7329424242424243, "val_recall": 0.7115, "lr": 0.001}, {"epoch": 4, "loss": 61.92961231235019, "eval_loss": 62.4922523743067, "train_recall": 0.7407161616161616, "val_recall": 0.7079, "lr": 0.001}, {"epoch": 5, "loss": 61.272270590801924, "eval_loss": 62.044853675059784, "train_recall": 0.7655515151515152, "val_recall": 0.7263, "lr": 0.0001}, {"epoch": 6, "loss": 61.17183478051121, "eval_loss": 62.024128950559174, "train_recall": 0.7695717171717171, "val_recall": 0.7273, "lr": 0.0001}, {"epoch": 7, "loss": 61.08911751534029, "eval_loss": 62.000570089389115, "train_recall": 0.7731, "val_recall": 0.7301, "lr": 1e-05}, {"epoch": 8, "loss": 61.0800479404696, "eval_loss": 61.99786144647843, "train_recall": 0.7733727272727273, "val_recall": 0.73, "lr": 1e-05}, {"epoch": 9, "loss": 61.07475060871308, "eval_loss": 61.998277517465446, "train_recall": 0.7736919191919192, "val_recall": 0.729, "lr": 1e-05}, {"epoch": 10, "loss": 61.07013955674074, "eval_loss": 61.996129121535866, "train_recall": 0.7738818181818182, "val_recall": 0.7286, "lr": 1e-05}, {"epoch": 11, "loss": 61.06572459059017, "eval_loss": 61.99500628006764, "train_recall": 0.7740737373737374, "val_recall": 0.7291, "lr": 1e-05}], "train_total": {"correct": 766333, "final_recall": 0.7740737373737374}, "training_time": 26337.846372127533, "eval_time": 0.03332710266113281}}, {"ins_id": 1, "dataset_partition": {"bulid_graph_time": 78.0637800693512, "save_graph_time": 49.75770163536072, "graph_partition_time": 89.60839343070984, "total_time": 217.5873885154724, "cluster_number_distribution": [4024, 4024, 4024, 4015, 4024, 3906, 4003, 3913, 4024, 4023, 1297, 4016, 4023, 3982, 4023, 4024, 3454, 4022, 3903, 3963, 3918, 3984, 4024, 3895, 4015, 4021, 4024, 4006, 4024, 3867, 0, 3996, 3984, 4008, 4020, 3996, 3930, 4007, 3995, 4016, 4024, 4023, 3975, 4024, 3940, 3300, 3942, 3925, 4024, 4024, 3752, 4024, 4021, 4023, 4023, 4024, 4022, 4018, 3989, 4024, 3853, 4015, 4024, 4016, 4024, 3756, 3905, 4024, 3980, 3987, 4024, 4024, 4024, 3742, 4023, 4023, 3889, 3886, 3897, 3957, 4023, 3990, 4024, 3905, 3973, 3629, 4001, 4021, 4006, 3956, 3983, 4023, 4023, 4024, 4023, 4022, 4022, 4020, 3969, 4023, 4024, 3937, 3971, 3956, 4023, 3963, 3982, 3979, 4024, 4009, 4000, 4024, 4008, 4003, 4024, 3809, 4023, 3950, 3962, 3763, 4019, 4017, 3796, 4024, 4022, 3932, 3945, 4024, 3920, 4021, 3998, 3992, 3940, 4024, 3743, 4024, 4023, 3997, 3389, 3842, 4016, 2354, 3975, 3897, 4024, 4024, 3848, 3792, 4023, 3976, 4023, 3861, 3944, 4023, 4024, 4024, 3997, 3859, 4004, 3928, 3946, 4023, 3748, 4024, 4024, 4023, 4021, 4022, 3791, 4024, 3936, 3740, 4003, 3995, 4024, 3973, 4024, 3930, 3754, 4012, 4024, 3924, 4023, 4024, 4024, 4024, 0, 4023, 4021, 4008, 3845, 4024, 4024, 4024, 4024, 4018, 4022, 4024, 4023, 4024, 3971, 4024, 4024, 3760, 4022, 3980, 4024, 3992, 4014, 4023, 4003, 4023, 4024, 3864, 4023, 3971, 4024, 4024, 3785, 3872, 3740, 4023, 4012, 4024, 3967, 4024, 3741, 3844, 4024, 4024, 4024, 4018, 3804, 3738, 4024, 4024, 3934, 4022, 3891, 3906, 4024, 3988, 3997, 3744, 3746, 4016, 4021, 3739, 3952, 4023, 4023, 1184, 4019, 4024, 4024, 4024]}, "prepare_train_sample": {"time": 0.7201170921325684}, "train_eval_model": {"train_intermediate": [{"epoch": 0, "loss": 69.19059959769453, "eval_loss": 67.73199228140024, "train_recall": 0.6099161616161616, "val_recall": 0.6254, "lr": 0.001}, {"epoch": 1, "loss": 66.89841352044085, "eval_loss": 67.15207865299323, "train_recall": 0.6522636363636364, "val_recall": 0.6416, "lr": 0.001}, {"epoch": 2, "loss": 66.42108017021042, "eval_loss": 66.9139629021669, "train_recall": 0.665730303030303, "val_recall": 0.6392, "lr": 0.001}, {"epoch": 3, "loss": 66.1206050601161, "eval_loss": 66.77585151867989, "train_recall": 0.6750262626262626, "val_recall": 0.647, "lr": 0.001}, {"epoch": 4, "loss": 65.89488021076721, "eval_loss": 66.68157709561862, "train_recall": 0.6820757575757576, "val_recall": 0.6484, "lr": 0.001}, {"epoch": 5, "loss": 65.18002566846744, "eval_loss": 66.1863502967052, "train_recall": 0.7055343434343434, "val_recall": 0.6673, "lr": 0.0001}, {"epoch": 6, "loss": 65.06714954481647, "eval_loss": 66.1636588267791, "train_recall": 0.7097858585858586, "val_recall": 0.6682, "lr": 0.0001}, {"epoch": 7, "loss": 64.97508258636472, "eval_loss": 66.1395750779372, "train_recall": 0.7130666666666666, "val_recall": 0.6687, "lr": 1e-05}, {"epoch": 8, "loss": 64.9651295284951, "eval_loss": 66.13816497264764, "train_recall": 0.713470707070707, "val_recall": 0.6683, "lr": 1e-05}, {"epoch": 9, "loss": 64.95901999939204, "eval_loss": 66.13560622777695, "train_recall": 0.7136191919191919, "val_recall": 0.6685, "lr": 1e-05}, {"epoch": 10, "loss": 64.95363354808539, "eval_loss": 66.13397156886565, "train_recall": 0.7139080808080808, "val_recall": 0.6689, "lr": 1e-05}, {"epoch": 11, "loss": 64.9487107770107, "eval_loss": 66.13379900272076, "train_recall": 0.7139969696969697, "val_recall": 0.6684, "lr": 1e-05}], "train_total": {"correct": 706857, "final_recall": 0.7139969696969697}, "training_time": 25851.0202729702, "eval_time": 0.03312516212463379}}], "integrate": {"time": 49.36906409263611}, "count_recall": {"time": 31.4233455657959}}