{"total_time_consume": 3427.293998003006, "preprocess": {"total_time": 0.04998493194580078}, "classifier": [{"ins_id": 0, "dataset_partition": {"bulid_graph_time": 66.80990672111511, "save_graph_time": 37.502610206604004, "graph_partition_time": 68.94160079956055, "total_time": 173.45448470115662, "cluster_number_distribution": [4024, 3972, 4018, 3953, 3964, 3991, 4021, 3950, 3996, 1944, 3997, 4024, 4024, 3990, 4022, 4023, 3980, 4023, 4023, 3739, 4024, 3939, 4023, 4015, 3740, 4023, 4023, 4023, 3998, 4023, 3977, 4023, 3978, 3905, 4023, 3905, 4023, 4024, 3965, 4024, 4023, 3989, 3740, 3988, 4024, 4024, 4019, 3806, 4024, 4024, 4021, 3478, 0, 3992, 4022, 4022, 4021, 3852, 4024, 4024, 4023, 4024, 4023, 4024, 4023, 3944, 4024, 4003, 4021, 3953, 4024, 4023, 4022, 4024, 3862, 3980, 3627, 3769, 3810, 3887, 3855, 4023, 4024, 4024, 4024, 4022, 4024, 4023, 4024, 4023, 3243, 3993, 3995, 4023, 4024, 3984, 3784, 4024, 4024, 4024, 4024, 4024, 3865, 4024, 4024, 3890, 4024, 3928, 3873, 2742, 4024, 4023, 3984, 3962, 4024, 3824, 3944, 4021, 4024, 4024, 3992, 4024, 4024, 3936, 4024, 4024, 4024, 4023, 3895, 4024, 4024, 3994, 3959, 4023, 4024, 4024, 4024, 4024, 4024, 4023, 4022, 4005, 4024, 4024, 3987, 3979, 3785, 4024, 4022, 3880, 3742, 3741, 4024, 3900, 4024, 3948, 4024, 4024, 4024, 4024, 4024, 4021, 4024, 3922, 3932, 4014, 4022, 3894, 4024, 3926, 4024, 4022, 0, 4024, 3881, 3974, 3997, 4002, 3759, 3327, 3837, 3873, 4023, 3988, 4023, 4010, 4024, 4024, 3973, 4024, 3908, 4024, 4024, 4024, 4024, 4023, 3860, 4024, 4021, 4023, 4024, 4023, 0, 4024, 4024, 4024, 3884, 3909, 3859, 4024, 4024, 3975, 4024, 3861, 4006, 3929, 4024, 3904, 3995, 4024, 4023, 3952, 4024, 3911, 3988, 4024, 4024, 4024, 3738, 4023, 4022, 4021, 4000, 3921, 3928, 4023, 3872, 3873, 4021, 4024, 4010, 3957, 4014, 3936, 3978, 4021, 3912, 3908, 4024, 4008, 2394, 4024, 3956, 3914, 4020, 3981]}, "prepare_train_sample": {"time": 0.6807186603546143}, "train_eval_model": {"train_intermediate": [{"epoch": 0, "loss": 98.04922763947646, "eval_loss": 82.12877389712212, "train_recall": 0.2994818181818182, "val_recall": 0.4176, "lr": 0.004}, {"epoch": 1, "loss": 96.97597990890824, "eval_loss": 82.93502983680138, "train_recall": 0.3114959595959596, "val_recall": 0.4102, "lr": 0.004}, {"epoch": 2, "loss": 91.05267089790482, "eval_loss": 77.51546534513815, "train_recall": 0.38546464646464645, "val_recall": 0.4902, "lr": 0.00084}, {"epoch": 3, "loss": 90.87016766007432, "eval_loss": 78.08701344025441, "train_recall": 0.3883747474747475, "val_recall": 0.4882, "lr": 0.00084}, {"epoch": 4, "loss": 90.8262075516735, "eval_loss": 77.73172893279639, "train_recall": 0.3882282828282828, "val_recall": 0.4971, "lr": 0.00084}, {"epoch": 5, "loss": 90.77946578457171, "eval_loss": 77.41564201697325, "train_recall": 0.3886171717171717, "val_recall": 0.4946, "lr": 0.00084}, {"epoch": 6, "loss": 89.17904387523167, "eval_loss": 75.58813285827637, "train_recall": 0.41093535353535354, "val_recall": 0.522, "lr": 0.0001764}, {"epoch": 7, "loss": 89.07334164583287, "eval_loss": 76.2720288619017, "train_recall": 0.4131212121212121, "val_recall": 0.5238, "lr": 0.0001764}, {"epoch": 8, "loss": 89.0118740742827, "eval_loss": 75.83917397719163, "train_recall": 0.4131717171717172, "val_recall": 0.5241, "lr": 0.0001764}, {"epoch": 9, "loss": 88.94790463223, "eval_loss": 74.59297914994069, "train_recall": 0.41314545454545454, "val_recall": 0.5243, "lr": 0.0001764}, {"epoch": 10, "loss": 88.91268169155109, "eval_loss": 75.49977610661433, "train_recall": 0.4135, "val_recall": 0.5259, "lr": 0.0001764}, {"epoch": 11, "loss": 88.88712535527326, "eval_loss": 76.17909672321417, "train_recall": 0.4143686868686869, "val_recall": 0.5238, "lr": 0.0001764}], "train_total": {"correct": 410225, "final_recall": 0.4143686868686869}, "training_time": 2996.0713024139404, "eval_time": 0.006051063537597656}}], "integrate": {"time": 123.1896014213562}, "count_recall": {"time": 124.13314580917358}}