{"total_time_consume": 17381.57253265381, "preprocess": {"total_time": 0.1972026824951172}, "classifier": [{"ins_id": 0, "dataset_partition": {"bulid_graph_time": 1001.5414299964905, "save_graph_time": 27.34025740623474, "graph_partition_time": 64.9895224571228, "total_time": 1094.051773071289, "cluster_number_distribution": [4002, 4032, 4030, 4030, 4042, 2538, 4040, 4042, 4042, 4038, 3985, 4036, 4041, 4042, 4042, 4043, 4042, 4039, 4043, 3620, 2325, 4042, 4037, 4041, 4041, 4040, 4037, 3992, 4039, 4026, 4042, 4029, 4042, 4042, 4042, 4042, 4020, 4008, 4035, 4042, 4042, 4041, 4034, 4030, 4031, 4042, 4035, 4041, 4018, 3757, 2861, 4043, 4042, 3996, 3933, 4030, 4006, 4042, 3973, 4038, 4040, 4031, 4042, 4041, 4042, 3818, 4042, 4042, 4042, 3829, 4025, 4041, 3975, 4021, 4042, 4026, 4042, 3958, 4029, 4042, 4036, 3989, 4007, 4042, 4041, 4041, 4042, 4036, 3997, 4036, 4043, 4040, 3968, 4037, 3903, 3989, 4028, 3830, 4041, 4034, 3915, 3916, 4041, 4018, 4027, 3939, 4021, 4042, 4043, 3428, 4040, 1158, 3701, 4043, 4042, 4025, 3747, 4040, 4010, 4042, 4042, 4018, 3875, 3918, 3744, 3555, 4041, 4042, 4042, 4030, 4038, 4042, 3889, 4036, 4038, 4042, 2128, 4042, 4042, 4026, 4040, 4042, 3378, 4035, 1899, 4035, 4042, 3358, 4042, 3985, 3993, 3951, 4040, 4035, 4042, 3961, 4042, 4038, 4013, 4042, 4025, 3277, 3943, 4043, 4042, 4042, 4035, 4042, 3793, 4042, 3978, 3982, 3983, 3983, 3970, 460, 3957, 3982, 3971, 3984, 3977, 3983, 3983, 3984, 3978, 3984, 815, 3931, 3984, 3966, 3984, 3984, 3956, 3984, 3979, 3982, 3984, 3982, 3982, 3977, 3976, 3935, 3984, 3973, 3984, 3738, 3811, 3984, 3981, 3984, 3969, 3970, 3984, 3855, 3983, 3978, 3980, 3840, 3984, 3979, 3980, 3942, 3983, 3985, 3983, 3915, 3977, 3974, 3975, 3245, 3984, 3980, 3983, 3946, 3957, 3984, 3982, 3976, 3980, 3984, 3984, 3983, 3984, 3774, 3984, 3985, 3975, 3935, 3970, 3958, 3983, 3295, 3754, 3982, 3970, 3985]}, "prepare_train_sample": {"time": 0.5417203903198242}, "train_eval_model": {"train_intermediate": [{"epoch": 0, "loss": 58.21956272225738, "eval_loss": 52.38897559581659, "train_recall": 0.6239070707070707, "val_recall": 0.6939, "lr": 0.008}, {"epoch": 1, "loss": 55.411902371476934, "eval_loss": 51.8451085457435, "train_recall": 0.659839393939394, "val_recall": 0.7014, "lr": 0.008}, {"epoch": 2, "loss": 54.879179758257536, "eval_loss": 51.598421928210136, "train_recall": 0.6679484848484849, "val_recall": 0.7116, "lr": 0.008}, {"epoch": 3, "loss": 53.26038639475388, "eval_loss": 50.35894780281262, "train_recall": 0.6952616161616162, "val_recall": 0.7349, "lr": 0.0008}, {"epoch": 4, "loss": 53.05059783577468, "eval_loss": 50.23800867031782, "train_recall": 0.6988808080808081, "val_recall": 0.7372, "lr": 0.0008}, {"epoch": 5, "loss": 52.96253590057133, "eval_loss": 50.24507399094411, "train_recall": 0.7005646464646464, "val_recall": 0.7397, "lr": 0.0008}, {"epoch": 6, "loss": 52.9207664842646, "eval_loss": 50.2259444701366, "train_recall": 0.7012131313131313, "val_recall": 0.7397, "lr": 0.0008}, {"epoch": 7, "loss": 52.77934192787311, "eval_loss": 50.140721480051674, "train_recall": 0.7039767676767676, "val_recall": 0.74, "lr": 8e-05}, {"epoch": 8, "loss": 52.76250045788205, "eval_loss": 50.088050133142715, "train_recall": 0.704480808080808, "val_recall": 0.7414, "lr": 8e-05}, {"epoch": 9, "loss": 52.759501603115396, "eval_loss": 50.15178780677991, "train_recall": 0.7045959595959596, "val_recall": 0.7385, "lr": 8e-05}, {"epoch": 10, "loss": 52.7508360058812, "eval_loss": 50.069818337758385, "train_recall": 0.7045414141414141, "val_recall": 0.7445, "lr": 8e-05}, {"epoch": 11, "loss": 52.74560456171593, "eval_loss": 50.13443198570838, "train_recall": 0.7044353535353536, "val_recall": 0.7416, "lr": 8e-05}], "train_total": {"correct": 697391, "final_recall": 0.7044353535353536}, "training_time": 3051.9970190525055, "eval_time": 0.007906675338745117}}, {"ins_id": 1, "dataset_partition": {"bulid_graph_time": 981.7623083591461, "save_graph_time": 28.018593549728394, "graph_partition_time": 66.97768020629883, "total_time": 1076.9210665225983, "cluster_number_distribution": [4008, 3792, 4025, 4017, 4012, 4023, 4007, 4028, 4025, 4026, 2798, 4024, 4020, 4028, 3859, 4028, 4016, 4012, 4004, 4027, 4025, 4007, 4025, 4028, 3920, 4014, 4028, 4029, 4027, 4028, 3686, 2809, 3970, 4026, 4028, 4022, 4013, 4007, 4007, 4017, 4028, 4025, 3870, 4028, 4028, 4026, 4027, 4027, 4028, 4000, 4027, 3989, 4028, 4028, 4028, 4027, 2006, 4028, 4025, 3750, 4026, 4013, 4026, 4023, 4028, 4027, 3843, 4026, 4028, 3975, 4007, 4026, 4023, 3748, 4023, 4028, 4028, 1051, 4024, 4028, 4025, 4026, 4024, 4027, 3856, 4019, 4012, 4019, 4008, 4020, 1280, 4020, 4019, 4020, 3838, 4020, 4015, 4018, 4018, 4015, 3682, 3971, 3974, 4016, 3996, 3951, 3999, 4020, 3995, 4016, 4010, 3948, 4019, 4020, 4014, 4001, 4020, 4020, 4020, 4008, 4004, 4019, 3994, 3966, 4019, 3987, 4010, 4002, 4014, 3933, 3974, 4005, 3996, 4016, 4016, 4008, 3976, 4014, 3687, 4006, 3912, 4000, 4015, 3976, 4020, 4020, 3931, 4014, 4010, 3976, 4021, 4021, 3985, 4020, 4020, 4020, 3985, 4014, 4018, 3948, 3976, 3678, 3963, 4020, 4019, 4016, 4010, 3799, 4008, 2700, 2084, 4020, 3986, 4019, 3803, 4020, 3688, 3898, 3976, 4014, 3106, 4021, 3955, 4005, 4020, 4020, 4004, 4015, 4020, 3961, 3579, 4019, 4021, 4020, 4020, 4020, 3787, 3747, 4010, 4019, 4016, 4020, 3990, 3786, 3986, 3992, 4014, 4018, 4021, 4016, 4012, 4016, 3749, 3988, 3980, 4016, 4015, 4020, 4020, 3821, 4019, 4006, 4016, 4015, 4014, 3991, 4003, 3966, 4019, 3965, 4018, 4019, 3967, 4020, 3030, 4019, 3979, 4018, 4020, 4020, 3990, 4018, 3999, 4002, 4020, 4017, 4019, 4021, 3580, 733, 4019, 3885, 4007, 4020, 4020, 1874]}, "prepare_train_sample": {"time": 0.7874026298522949}, "train_eval_model": {"train_intermediate": [{"epoch": 0, "loss": 58.09100676015996, "eval_loss": 52.49972778711564, "train_recall": 0.6223151515151515, "val_recall": 0.6874, "lr": 0.008}, {"epoch": 1, "loss": 55.33453106833178, "eval_loss": 51.85082142169659, "train_recall": 0.657849494949495, "val_recall": 0.7029, "lr": 0.008}, {"epoch": 2, "loss": 54.77750112004158, "eval_loss": 51.51532104687813, "train_recall": 0.6665474747474748, "val_recall": 0.7037, "lr": 0.008}, {"epoch": 3, "loss": 53.19535322923306, "eval_loss": 50.30281832279303, "train_recall": 0.6927333333333333, "val_recall": 0.7322, "lr": 0.0008}, {"epoch": 4, "loss": 52.97851256653438, "eval_loss": 50.27028495837481, "train_recall": 0.6968444444444445, "val_recall": 0.7334, "lr": 0.0008}, {"epoch": 5, "loss": 52.90211098071665, "eval_loss": 50.26514684236967, "train_recall": 0.6982949494949495, "val_recall": 0.7336, "lr": 0.0008}, {"epoch": 6, "loss": 52.848103713545356, "eval_loss": 50.273476123809814, "train_recall": 0.6987585858585859, "val_recall": 0.7361, "lr": 0.0008}, {"epoch": 7, "loss": 52.70789891193751, "eval_loss": 50.11481523513794, "train_recall": 0.7024383838383839, "val_recall": 0.7387, "lr": 8e-05}, {"epoch": 8, "loss": 52.69667153599367, "eval_loss": 50.12415153552325, "train_recall": 0.7020181818181818, "val_recall": 0.7376, "lr": 8e-05}, {"epoch": 9, "loss": 52.68095106849975, "eval_loss": 50.130271251385025, "train_recall": 0.7015919191919192, "val_recall": 0.7384, "lr": 8e-05}, {"epoch": 10, "loss": 52.66782260610803, "eval_loss": 50.09868281926864, "train_recall": 0.7018313131313131, "val_recall": 0.739, "lr": 8e-05}, {"epoch": 11, "loss": 52.673166058191974, "eval_loss": 50.17177358040443, "train_recall": 0.7023838383838383, "val_recall": 0.7356, "lr": 8e-05}], "train_total": {"correct": 695360, "final_recall": 0.7023838383838383}, "training_time": 3073.0226504802704, "eval_time": 0.008105754852294922}}, {"ins_id": 2, "dataset_partition": {"bulid_graph_time": 1078.8065898418427, "save_graph_time": 29.49450993537903, "graph_partition_time": 68.62096428871155, "total_time": 1177.079955816269,