{"total_time_consume": 281.9113721847534, "preprocess": {"total_time": 0.11651492118835449}, "classifier": [{"ins_id": 1, "dataset_partition": {"time": 3.3304193019866943, "cluster_number_distribution": [722258, 274668, 1018, 0, 0, 0, 0, 0, 0, 0, 0, 0, 0, 0, 0, 2056]}, "predict": {"time": 0.00040650367736816406}}, {"ins_id": 2, "dataset_partition": {"time": 1.796480655670166, "cluster_number_distribution": [963431, 30897, 134, 0, 0, 0, 0, 0, 0, 0, 0, 0, 0, 0, 2, 5536]}, "predict": {"time": 0.0032911300659179688}}], "integrate": {"time": 231.53801202774048}, "count_recall": {"time": 33.6824369430542}}