{"total_time_consume": 10839.35276722908, "preprocess": {"total_time": 0.21814489364624023}, "classifier": [{"ins_id": 0, "dataset_partition": {"bulid_graph_time": 69.3866708278656, "save_graph_time": 43.51203536987305, "graph_partition_time": 179.55195569992065, "total_time": 292.617614030838, "cluster_number_distribution": [3417, 3983, 2533, 4023, 4023, 3873, 3981, 3989, 3867, 3915, 4016, 4022, 3994, 4019, 3872, 4023, 4010, 4023, 3892, 4023, 4023, 4023, 4024, 3972, 4024, 3989, 3869, 4023, 4024, 3976, 3978, 4022, 4023, 4011, 3983, 3949, 4024, 4023, 4022, 3983, 4024, 4022, 4024, 4023, 3029, 3908, 4023, 4023, 4023, 4024, 4024, 2791, 4022, 4007, 4024, 2415, 4020, 4023, 4023, 4023, 4024, 4023, 4006, 4007, 3827, 4023, 4023, 3976, 4023, 3927, 3966, 4017, 3995, 3786, 4004, 4023, 4024, 4014, 3946, 4023, 4024, 3956, 4000, 3864, 3899, 3997, 3313, 4024, 3998, 3828, 3978, 4021, 3964, 3879, 3981, 4024, 3877, 3935, 4023, 3953, 4024, 4022, 4021, 4020, 3668, 3982, 4023, 4023, 3954, 4021, 4023, 3971, 4024, 3983, 3886, 4020, 3946, 3965, 3935, 4024, 3915, 4020, 3978, 3993, 4023, 3980, 4023, 4024, 3877, 4024, 4019, 4017, 3839, 4023, 3752, 4023, 4024, 4023, 4024, 3939, 3858, 4020, 4024, 3842, 4024, 4024, 4022, 3651, 3512, 4015, 4024, 3785, 4022, 3538, 3738, 3784, 4023, 3773, 4022, 4024, 3991, 4020, 4017, 4024, 4023, 4024, 2809, 3954, 4021, 3913, 4019, 3937, 3917, 4022, 3850, 3841, 3797, 4024, 3298, 4018, 4019, 3846, 2783, 4022, 4023, 4023, 4023, 3836, 3947, 4023, 4023, 3461, 4023, 3991, 3952, 4024, 3894, 4022, 3751, 4018, 3932, 3964, 4023, 3942, 4019, 3714, 4024, 3956, 4022, 3914, 4020, 3986, 4023, 3949, 3983, 4023, 4024, 3854, 4024, 3803, 4024, 4023, 3970, 4024, 4020, 4024, 3924, 4005, 996, 3942, 4020, 4024, 4023, 4022, 3895, 4024, 3932, 3903, 4024, 4024, 4024, 3944, 4024, 1391, 3990, 3604, 4024, 4023, 3414, 3964, 3973, 4015, 4024, 4022, 4014, 3332]}, "prepare_train_sample": {"time": 0.6716053485870361}, "train_eval_model": {"train_config": {"model_name": "one_block_2048_dim", "lr": 0.008, "n_epochs": 12, "milestones": [3, 7]}, "train_intermediate": [{"epoch": 0, "loss": 83.22667148021773, "eval_loss": 77.57085987237784, "train_recall": 0.548259595959596, "val_recall": 0.617, "lr": 0.008}, {"epoch": 1, "loss": 80.35243169264999, "eval_loss": 77.14014948331393, "train_recall": 0.5822757575757576, "val_recall": 0.6248, "lr": 0.008}, {"epoch": 2, "loss": 79.89457915252115, "eval_loss": 77.26905372815254, "train_recall": 0.5883242424242424, "val_recall": 0.632, "lr": 0.008}, {"epoch": 3, "loss": 77.6073405256591, "eval_loss": 75.3114550174811, "train_recall": 0.6211262626262626, "val_recall": 0.6569, "lr": 0.0008}, {"epoch": 4, "loss": 77.23957880194433, "eval_loss": 74.99979061958118, "train_recall": 0.6267989898989899, "val_recall": 0.6595, "lr": 0.0008}, {"epoch": 5, "loss": 77.08309581798639, "eval_loss": 74.75361220041911, "train_recall": 0.6294737373737374, "val_recall": 0.6636, "lr": 0.0008}, {"epoch": 6, "loss": 76.98632178229668, "eval_loss": 74.82414986537053, "train_recall": 0.6308848484848485, "val_recall": 0.6641, "lr": 0.0008}, {"epoch": 7, "loss": 76.7610520091798, "eval_loss": 74.58954812318851, "train_recall": 0.6354444444444445, "val_recall": 0.6647, "lr": 8e-05}, {"epoch": 8, "loss": 76.7414335781129, "eval_loss": 74.46329582654514, "train_recall": 0.6355676767676768, "val_recall": 0.6669, "lr": 8e-05}, {"epoch": 9, "loss": 76.72735678835585, "eval_loss": 74.54581629924284, "train_recall": 0.6359414141414141, "val_recall": 0.6635, "lr": 8e-05}, {"epoch": 10, "loss": 76.71489835022054, "eval_loss": 74.56452244978685, "train_recall": 0.6363111111111112, "val_recall": 0.665, "lr": 8e-05}, {"epoch": 11, "loss": 76.70884212354932, "eval_loss": 74.66468175252278, "train_recall": 0.6365191919191919, "val_recall": 0.6684, "lr": 8e-05}], "train_total": {"correct": 630154, "final_recall": 0.6365191919191919}, "training_time": 2568.585340499878, "eval_time": 0.013456583023071289}}, {"ins_id": 1, "dataset_partition": {"bulid_graph_time": 90.24022698402405, "save_graph_time": 52.36255097389221, "graph_partition_time": 92.57892370223999, "total_time": 235.34786295890808, "cluster_number_distribution": [4023, 4023, 4023, 4022, 3993, 4023, 4016, 3958, 3990, 4019, 4017, 4023, 3967, 4024, 3982, 4008, 3942, 4023, 4023, 489, 4013, 4020, 4016, 4022, 3971, 729, 4023, 3983, 4022, 3995, 3977, 3940, 3983, 4023, 4023, 3984, 4022, 4023, 3752, 4022, 4013, 4022, 4024, 3978, 4023, 4023, 4023, 251, 4023, 4019, 4023, 4021, 4022, 4023, 4019, 4023, 4022, 4021, 4023, 4023, 4023, 3929, 4023, 4023, 4023, 4024, 3999, 4022, 4024, 4023, 4023, 4023, 3986, 4023, 4020, 3928, 3876, 4024, 4023, 4024, 4023, 4021, 4021, 4024, 3901, 4023, 4024, 3868, 4001, 3976, 4023, 3775, 4009, 4024, 4022, 4023, 4020, 4019, 4009, 3827, 4008, 4022, 3936, 4023, 3926, 4023, 3996, 4023, 4024, 3973, 4023, 4023, 4018, 4021, 4012, 4020, 3854, 4024, 4019, 3792, 0, 4015, 3956, 3952, 4023, 4023, 4023, 4022, 4017, 4021, 3969, 3987, 4023, 4000, 4011, 4023, 4008, 4021, 4002, 4015, 4018, 3938, 3412, 4019, 4023, 4023, 4012, 4023, 4022, 4022, 3906, 4023, 4023, 4023, 1198, 4023, 4018, 3995, 4021, 4008, 3972, 3932, 4023, 4023, 3960, 4024, 3908, 3911, 3994, 4024, 4016, 4023, 3998, 4018, 3990, 4012, 4018, 4020, 3925, 4023, 4021, 4023, 4023, 3955, 4023, 3869, 4010, 4015, 4023, 4022, 4015, 4003, 3890, 4023, 3965, 4005, 3854, 3397, 4023, 4024, 4023, 4003, 3864, 3927, 4023, 4023, 4024, 3979, 4022, 4021, 3959, 4024, 4023, 4015, 4023, 4014, 3943, 4023, 4022, 3939, 3988, 4021, 4012, 3995, 3779, 4020, 4014, 3998, 4021, 4023, 4020, 4020, 3940, 3990, 3875, 4023, 4011, 3896, 4023, 4006, 4020, 3953, 3750, 4021, 3715, 3985, 4002, 4021, 0, 4023, 3770, 4016, 4023, 4024, 4023, 4021]}, "prepare_train_sample": {"time": 0.8646652698516846}, "train_eval_model": {"train_config": {"model_name": "one_block_2048_dim", "lr": 0.008, "n_epochs": 12, "milestones": [3, 7]}, "train_intermediate": [{"epoch": 0, "loss": 95.67486830639632, "eval_loss": 90.83022274115147, "train_recall": 0.4088282828282828, "val_recall": 0.4587, "lr": 0.008}, {"epoch": 1, "loss": 93.38751152071373, "eval_loss": 91.01338701981764, "train_recall": 0.4307212121212121, "val_recall": 0.4524, "lr": 0.008}, {"epoch": 2, "loss": 93.05263064043798, "eval_loss": 91.1954387029012, "train_recall": 0.4340969696969697, "val_recall": 0.4584, "lr": 0.008}, {"epoch": 3, "loss": 91.11673122166424, "eval_loss": 89.34655424264761, "train_recall": 0.4581545454545455, "val_recall": 0.4749, "lr": 0.0008}, {"epoch": 4, "loss": 90.80630271547378, "eval_loss": 89.14378256675525, "train_recall": 0.46283939393939394, "val_recall": 0.4782, "lr": 0.0008}, {"epoch": 5, "loss": 90.6767369359197, "eval_loss": 89.08935727828589, "train_recall": 0.4644080808080808, "val_recall": 0.4811, "lr": 0.0008}, {"epoch": 6, "loss": 90.5878919877706, "eval_loss": 89.14641404763246, "train_recall": 0.46673434343434345, "val_recall": 0.4797, "lr": 0.0008}, {"epoch": 7, "loss": 90.41507173915461, "eval_loss": 88.79710953052228, "train_recall": 0.4688282828282828, "val_recall": 0.4826, "lr": 8e-05}, {"epoch": 8, "loss": 90.38546927406742, "eval_loss": 88.95902922214606, "train_recall": 0.4688959595959596, "val_recall": 0.4806, "lr": 8e-05}, {"epoch": 9, "loss": 90.36953039539536, "eval_loss": 88.81016181065486, "train_recall": 0.46972929292929294, "val_recall": 0.4835, "lr": 8e-05}, {"epoch": 10, "loss": 90.37121917249144, "eval_loss": 88.99847062428792, "train_recall": 0.46993232323232326, "val_recall": 0.4839, "lr": 8e-05}, {"epoch": 11, "loss": 90.35037203257713, "eval_loss": 88.8890743744679, "train_recall": 0.4697060606060606, "val_recall": 0.4804, "lr": 8e-05}], "train_total": {"correct": 465009, "final_recall": 0.4697060606060606}, "training_time": 2603.1941092014313, "eval_time": 0.014684438705444336}}, {"ins_id": 2, "dataset_partition": {"bulid_graph_time": 100.1124324798584, "save_graph_time": 57.69869947433472, "graph_partition_time": 84.2922101020813, "total_time": 242.26149916648865,