{"total_time_consume": 16392.535984277725, "preprocess": {"kmeans_time": 5681.294203281403, "random_projection_time": 0.020757675170898438, "total_time": 5681.531719446182}, "classifier": [{"ins_id": 0, "dataset_partition": {"count_label_time": 193.37915754318237, "total_time": 193.5380835533142, "cluster_number_distribution": [7701, 5954, 5308, 4238, 4406, 4975, 5957, 2146, 2403, 4938, 2220, 2595, 3073, 3187, 4398, 5311, 5978, 4551, 2492, 3587, 7002, 2587, 5382, 3811, 4945, 5357, 3570, 4062, 2443, 2923, 5395, 2904, 7537, 3000, 4181, 2308, 1584, 1946, 3538, 2728, 3218, 2560, 1789, 9876, 3227, 2474, 2047, 2985, 1983, 2325, 3223, 3461, 3049, 1694, 1819, 7321, 2304, 4007, 1621, 2785, 2664, 3143, 2530, 3511, 4290, 12126, 2934, 3660, 2209, 3067, 3724, 2335, 2132, 3030, 1590, 3082, 6663, 1918, 7267, 4301, 1899, 4808, 3399, 2604, 4395, 2460, 3863, 9718, 4789, 2638, 5597, 2985, 4460, 2987, 6402, 5042, 3494, 4861, 8915, 3036, 3178, 4261, 3778, 2024, 6251, 5886, 3314, 2030, 4674, 2198, 7034, 3627, 4525, 6034, 2887, 2083, 3595, 3431, 6121, 5145, 1561, 6238, 2186, 2940, 4337, 3155, 3016, 4027, 7161, 3077, 1980, 1869, 4243, 2226, 9898, 5639, 2860, 2791, 4842, 3599, 3857, 7029, 2390, 3425, 4160, 3031, 3871, 3883, 2421, 3476, 2598, 2596, 4101, 1595, 4065, 7142, 5917, 4411, 5105, 2815, 3765, 3669, 3776, 4529, 3476, 3855, 4550, 2840, 4079, 4985, 5509, 5346, 4472, 3823, 4502, 3440, 2967, 2944, 4187, 2228, 3136, 2711, 4237, 5812, 3532, 3837, 2330, 4088, 2476, 2128, 3418, 3071, 3051, 4530, 1178, 3785, 3281, 2121, 1845, 3625, 2044, 2985, 2710, 4312, 1779, 3435, 1645, 1453, 4421, 4659, 5341, 12388, 5103, 12975, 6333, 2685, 1934, 9088, 3969, 3948, 6036, 10141, 2656, 3028, 2078, 4704, 4384, 2458, 2477, 2953, 3756, 2862, 3407, 2504, 4299, 2762, 2688, 1339, 2423, 5916, 3060, 6011, 3365, 3398, 7465, 2410, 2818, 3145, 2981, 2153, 1900, 4373, 3406, 6344, 4106, 5327]}, "prepare_train_sample": {"time": 0.5544576644897461}, "train_eval_model": {"train_config": {"model_name": "one_block_2048_dim", "lr": 0.008, "n_epochs": 12, "milestones": [3, 7]}, "train_intermediate": [{"epoch": 0, "loss": 59.902030270960545, "eval_loss": 49.420975966331284, "train_recall": 0.6363070707070707, "val_recall": 0.7264, "lr": 0.008}, {"epoch": 1, "loss": 58.01784516589252, "eval_loss": 49.208812683056564, "train_recall": 0.658079797979798, "val_recall": 0.7275, "lr": 0.008}, {"epoch": 2, "loss": 57.75213694896896, "eval_loss": 49.06112018609658, "train_recall": 0.6619020202020202, "val_recall": 0.7372, "lr": 0.008}, {"epoch": 3, "loss": 56.338378859763885, "eval_loss": 47.952908638196114, "train_recall": 0.6879050505050505, "val_recall": 0.7573, "lr": 0.0008}, {"epoch": 4, "loss": 56.169791021155, "eval_loss": 47.941605164454536, "train_recall": 0.6910424242424242, "val_recall": 0.7529, "lr": 0.0008}, {"epoch": 5, "loss": 56.110973449770164, "eval_loss": 47.86007842039451, "train_recall": 0.6919222222222222, "val_recall": 0.7566, "lr": 0.0008}, {"epoch": 6, "loss": 56.0597093585051, "eval_loss": 47.89635554338113, "train_recall": 0.6924939393939394, "val_recall": 0.7506, "lr": 0.0008}, {"epoch": 7, "loss": 55.945632861820165, "eval_loss": 47.76267384260129, "train_recall": 0.6946808080808081, "val_recall": 0.7636, "lr": 8e-05}, {"epoch": 8, "loss": 55.931015095413436, "eval_loss": 47.80355234635182, "train_recall": 0.6942939393939394, "val_recall": 0.7597, "lr": 8e-05}, {"epoch": 9, "loss": 55.91961780378797, "eval_loss": 47.72702240332579, "train_recall": 0.6949939393939394, "val_recall": 0.7583, "lr": 8e-05}, {"epoch": 10, "loss": 55.910710039554026, "eval_loss": 47.867656402098824, "train_recall": 0.6957474747474748, "val_recall": 0.7573, "lr": 8e-05}, {"epoch": 11, "loss": 55.9054331916503, "eval_loss": 47.75414516375615, "train_recall": 0.6956080808080808, "val_recall": 0.7597, "lr": 8e-05}], "train_total": {"correct": 688652, "final_recall": 0.6956080808080808}, "training_time": 2675.876254796982, "eval_time": 0.009602546691894531}}, {"ins_id": 1, "dataset_partition": {"count_label_time": 169.6496822834015, "total_time": 169.80258584022522, "cluster_number_distribution": [8033, 1512, 3838, 3968, 2818, 1904, 5058, 3356, 5231, 6394, 2061, 2729, 6778, 2614, 3353, 2885, 3647, 4508, 5438, 4432, 7034, 5797, 2327, 2358, 6400, 3520, 4077, 6050, 1209, 3170, 3766, 2522, 5118, 3251, 2104, 3886, 2107, 5738, 3947, 4270, 2451, 5639, 3750, 4389, 6759, 3321, 4955, 2260, 3430, 4674, 2827, 8849, 3295, 2760, 5183, 3776, 1697, 2807, 4145, 1568, 4847, 3390, 5159, 4780, 7958, 2982, 3681, 1754, 2363, 3591, 5618, 4392, 2751, 3463, 2831, 3801, 2499, 3190, 2397, 5079, 2883, 2927, 3378, 3465, 3746, 6838, 2464, 3382, 2885, 1505, 6611, 4358, 2848, 7506, 3194, 3126, 4156, 2208, 6034, 2816, 2682, 2888, 5382, 1804, 1891, 1935, 7875, 3127, 4701, 4650, 4993, 3338, 9882, 2514, 1920, 4217, 4561, 4071, 4580, 8791, 3122, 1962, 9149, 3118, 4531, 3505, 7248, 5223, 2350, 3655, 3809, 4878, 2214, 5702, 3216, 7289, 4127, 3829, 9688, 2947, 3301, 3448, 1545, 2183, 4176, 4164, 2567, 2337, 6304, 4076, 5624, 2461, 2611, 3237, 5574, 2635, 4119, 6978, 3050, 2424, 4014, 4212, 2509, 1822, 1995, 3276, 3012, 2437, 4203, 4613, 1655, 3175, 5401, 3241, 1503, 1504, 4339, 3268, 1833, 1910, 4354, 2183, 3736, 2930, 3363, 3313, 4130, 4314, 6823, 2964, 4088, 4307, 3762, 3582, 5801, 2232, 2521, 2945, 4714, 3607, 3393, 2706, 3000, 3944, 5299, 3628, 4105, 3323, 3123, 6640, 2380, 1845, 3414, 4718, 3336, 3699, 4533, 8371, 2698, 3265, 2681, 9029, 4619, 2496, 1908, 5023, 3555, 4577, 3060, 2049, 2843, 2159, 4890, 2776, 3105, 4262, 5189, 7910, 2531, 2451, 4817, 2320, 5452, 3725, 1993, 2888, 2395, 4172, 4621, 2067, 8942, 5197, 3974, 8872, 3548, 4116]}, "prepare_train_sample": {"time": 0.6032745838165283}, "train_eval_model": {"train_config": {"model_name": "one_block_2048_dim", "lr": 0.008, "n_epochs": 12, "milestones": [3, 7]}, "train_intermediate": [{"epoch": 0, "loss": 60.433497295631796, "eval_loss": 49.93061911754119, "train_recall": 0.6275747474747475, "val_recall": 0.7206, "lr": 0.008}, {"epoch": 1, "loss": 58.537310917822836, "eval_loss": 49.62019786467919, "train_recall": 0.6482030303030303, "val_recall": 0.7245, "lr": 0.008}, {"epoch": 2, "loss": 58.23971821527604, "eval_loss": 49.586560940131164, "train_recall": 0.6515525252525253, "val_recall": 0.7151, "lr": 0.008}, {"epoch": 3, "loss": 56.81848965917434, "eval_loss": 48.39684650836847, "train_recall": 0.6778909090909091, "val_recall": 0.7419, "lr": 0.0008}, {"epoch": 4, "loss": 56.65437999426573, "eval_loss": 48.41516612126277, "train_recall": 0.6807161616161617, "val_recall": 0.7496, "lr": 0.0008}, {"epoch": 5, "loss": 56.59353362502458, "eval_loss": 48.372313670622994, "train_recall": 0.6814535353535354, "val_recall": 0.7457, "lr": 0.0008}, {"epoch": 6, "loss": 56.549513051754694, "eval_loss": 48.314155438007454, "train_recall": 0.6821757575757575, "val_recall": 0.7474, "lr": 0.0008}, {"epoch": 7, "loss": 56.416343839520664, "eval_loss": 48.26586446395287, "train_recall": 0.6847111111111112, "val_recall": 0.7552, "lr": 8e-05}, {"epoch": 8, "loss": 56.405758837474146, "eval_loss": 48.29188315073649, "train_recall": 0.6849525252525253, "val_recall": 0.7493, "lr": 8e-05}, {"epoch": 9, "loss": 56.389227059877236, "eval_loss": 48.25661569375258, "train_recall": 0.6852040404040404, "val_recall": 0.7514, "lr": 8e-05}, {"epoch": 10, "loss": 56.397562304229595, "eval_loss": 48.2600925946847, "train_recall": 0.6846656565656566, "val_recall": 0.7519, "lr": 8e-05}, {"epoch": 11, "loss": 56.38199970943146, "eval_loss": 48.21197763467446, "train_recall": 0.6847333333333333, "val_recall": 0.747, "lr": 8e-05}], "train_total": {"correct": 677886, "final_recall": 0.6847333333333333}, "training_time": 2672.9793462753296, "eval_time": 0.005650758743286133}}, {"ins_id": 2, "dataset_partition": {"count_label_time": 183.75714993476868, "total_time": 183.9210946559906,