{"total_time_consume": 11072.82985329628, "preprocess": {"total_time": 0.2088475227355957}, "classifier": [{"ins_id": 0, "dataset_partition": {"bulid_graph_time": 70.88159513473511, "save_graph_time": 38.88711881637573, "graph_partition_time": 69.84505414962769, "total_time": 179.76903080940247, "cluster_number_distribution": [4023, 4024, 4024, 4003, 4023, 3564, 3816, 4023, 4023, 4024, 4022, 3857, 4002, 3738, 3750, 3739, 3985, 3929, 2458, 3962, 4024, 4024, 3983, 4024, 3742, 4024, 4022, 3806, 4023, 4024, 4024, 3742, 3373, 4023, 3854, 4024, 3959, 3741, 4022, 3762, 3907, 4024, 4023, 3902, 3988, 4024, 4023, 3974, 4023, 4024, 3859, 4020, 4023, 3901, 4024, 3891, 4023, 3196, 4001, 3885, 4018, 4020, 4024, 3890, 4004, 4024, 4012, 4023, 4024, 3812, 4024, 3918, 3947, 4024, 4024, 3905, 3860, 3979, 3341, 3926, 4004, 4024, 3985, 4003, 4024, 3664, 3964, 3710, 3707, 3798, 3989, 4024, 4018, 3208, 3969, 4023, 4023, 3994, 3983, 4024, 4024, 4021, 3967, 4024, 4023, 4024, 4024, 4024, 3834, 3807, 3972, 4023, 4023, 4022, 4024, 3948, 3861, 4024, 4001, 3971, 3914, 3980, 4022, 4024, 4012, 3889, 4024, 3930, 3980, 3939, 3758, 4013, 3922, 3953, 3981, 3946, 4024, 3327, 4024, 4024, 3950, 4024, 4024, 3941, 4024, 4023, 3953, 3748, 4024, 3748, 3914, 4024, 4024, 4003, 3589, 3805, 3739, 3926, 3741, 4024, 4023, 3993, 3738, 3579, 4023, 4024, 4024, 4022, 4023, 3747, 4023, 4015, 4024, 4008, 3900, 3987, 4023, 3943, 2254, 3112, 4024, 3740, 4024, 3676, 4024, 4024, 2113, 3740, 4023, 4024, 4024, 3741, 4023, 3871, 4024, 3992, 4024, 3804, 4020, 3916, 3939, 3977, 3935, 4024, 2060, 3937, 4023, 4022, 3890, 4024, 3864, 3832, 4024, 3530, 3980, 4024, 4024, 4022, 4020, 4024, 4024, 4009, 4023, 3970, 3919, 3993, 4024, 3924, 3742, 4024, 4024, 4024, 3999, 3769, 3739, 4023, 4022, 3812, 4023, 3977, 3955, 3926, 3744, 4020, 3943, 3961, 3986, 4023, 3889, 3745, 4023, 4024, 3855, 4022, 3863, 3990]}, "prepare_train_sample": {"time": 0.5595338344573975}, "train_eval_model": {"train_config": {"model_name": "one_block_2048_dim", "lr": 0.008, "n_epochs": 12, "milestones": [3, 7]}, "train_intermediate": [{"epoch": 0, "loss": 57.454727573347306, "eval_loss": 52.08257537010388, "train_recall": 0.639980808080808, "val_recall": 0.7121, "lr": 0.008}, {"epoch": 1, "loss": 55.060742114453916, "eval_loss": 51.89141526589027, "train_recall": 0.6696161616161617, "val_recall": 0.7081, "lr": 0.008}, {"epoch": 2, "loss": 54.704419772765306, "eval_loss": 51.49229564422216, "train_recall": 0.6753676767676767, "val_recall": 0.7161, "lr": 0.008}, {"epoch": 3, "loss": 52.817186595111444, "eval_loss": 50.063828822893974, "train_recall": 0.7077313131313131, "val_recall": 0.7468, "lr": 0.0008}, {"epoch": 4, "loss": 52.52443893072073, "eval_loss": 49.85439326212956, "train_recall": 0.7125686868686869, "val_recall": 0.7479, "lr": 0.0008}, {"epoch": 5, "loss": 52.41695259742331, "eval_loss": 49.78392166969104, "train_recall": 0.7137292929292929, "val_recall": 0.7489, "lr": 0.0008}, {"epoch": 6, "loss": 52.333652077839574, "eval_loss": 49.79402115406134, "train_recall": 0.7165989898989898, "val_recall": 0.7497, "lr": 0.0008}, {"epoch": 7, "loss": 52.16886625269263, "eval_loss": 49.69998038120759, "train_recall": 0.7198242424242425, "val_recall": 0.7523, "lr": 8e-05}, {"epoch": 8, "loss": 52.142870783624744, "eval_loss": 49.612965119190704, "train_recall": 0.7197323232323233, "val_recall": 0.7526, "lr": 8e-05}, {"epoch": 9, "loss": 52.14781947539288, "eval_loss": 49.62844711694962, "train_recall": 0.7202949494949495, "val_recall": 0.7523, "lr": 8e-05}, {"epoch": 10, "loss": 52.13973499926583, "eval_loss": 49.67181968688965, "train_recall": 0.7200959595959596, "val_recall": 0.7519, "lr": 8e-05}, {"epoch": 11, "loss": 52.13602113549586, "eval_loss": 49.6467143205496, "train_recall": 0.719819191919192, "val_recall": 0.7525, "lr": 8e-05}], "train_total": {"correct": 712621, "final_recall": 0.719819191919192}, "training_time": 2782.1506428718567, "eval_time": 0.021610260009765625}}, {"ins_id": 1, "dataset_partition": {"bulid_graph_time": 66.04689836502075, "save_graph_time": 44.19323205947876, "graph_partition_time": 51.52278804779053, "total_time": 161.9208071231842, "cluster_number_distribution": [3953, 4024, 3740, 4012, 3849, 4023, 4012, 3873, 4002, 4023, 3882, 3985, 4019, 4023, 4024, 4023, 3996, 4024, 3984, 4017, 3739, 3981, 4024, 3788, 3918, 4005, 3957, 4018, 3894, 4024, 4024, 3903, 3961, 4024, 3961, 3913, 3943, 4023, 4021, 4024, 4016, 4024, 3711, 2833, 4024, 4023, 3761, 4022, 3900, 4002, 3987, 3958, 4024, 4024, 4023, 3964, 4020, 4013, 3993, 3938, 3988, 3603, 3921, 3985, 3988, 4023, 4010, 3970, 3983, 4005, 4023, 4024, 3999, 4024, 3984, 4024, 4018, 4023, 4021, 4024, 3920, 4024, 4024, 3874, 4007, 3959, 3979, 4021, 4024, 4024, 4024, 4024, 4024, 4024, 4023, 4024, 4015, 4024, 4024, 3952, 4024, 3925, 3942, 4021, 3801, 4023, 3933, 4017, 3744, 4003, 4016, 4023, 4024, 4008, 4024, 2297, 3997, 3967, 3763, 4024, 3918, 3987, 3848, 4024, 3955, 4021, 4005, 3865, 3991, 4004, 4022, 4015, 4024, 2309, 3925, 4014, 3861, 4024, 3999, 4021, 3614, 4023, 4024, 4024, 4023, 3953, 3819, 0, 4022, 4024, 3997, 1606, 4021, 3972, 4024, 4022, 4024, 3826, 3934, 3987, 4011, 4023, 4023, 4024, 4011, 3958, 1073, 4024, 4006, 4023, 4018, 4018, 3949, 4023, 323, 4023, 3967, 3796, 3962, 4011, 4022, 3958, 4006, 4024, 3740, 3941, 4023, 3945, 4023, 4002, 4023, 4024, 4013, 3993, 4024, 3741, 3959, 4022, 3964, 4021, 3849, 3948, 4018, 4023, 4024, 3989, 4023, 3744, 3971, 3961, 4024, 4017, 4021, 4022, 4006, 4024, 4024, 4023, 3904, 4024, 4024, 4008, 3930, 3844, 3960, 4024, 4006, 4024, 3900, 4019, 4023, 4024, 3982, 3996, 3969, 4023, 4023, 3932, 4023, 3902, 3919, 3955, 4006, 4024, 3947, 4024, 4014, 4024, 4024, 3904, 3810, 3861, 3978, 3791, 3909, 3907]}, "prepare_train_sample": {"time": 0.6549980640411377}, "train_eval_model": {"train_config": {"model_name": "one_block_2048_dim", "lr": 0.008, "n_epochs": 12, "milestones": [3, 7]}, "train_intermediate": [{"epoch": 0, "loss": 66.37020020516213, "eval_loss": 61.37969767741668, "train_recall": 0.5540131313131313, "val_recall": 0.6086, "lr": 0.008}, {"epoch": 1, "loss": 64.15524666507493, "eval_loss": 60.94345878943419, "train_recall": 0.5793686868686869, "val_recall": 0.6158, "lr": 0.008}, {"epoch": 2, "loss": 63.80843427797231, "eval_loss": 60.69856594770383, "train_recall": 0.5833575757575757, "val_recall": 0.6155, "lr": 0.008}, {"epoch": 3, "loss": 61.967462628760956, "eval_loss": 59.27323735065949, "train_recall": 0.6118525252525252, "val_recall": 0.6441, "lr": 0.0008}, {"epoch": 4, "loss": 61.688172613730174, "eval_loss": 59.22941118631608, "train_recall": 0.6162131313131313, "val_recall": 0.6449, "lr": 0.0008}, {"epoch": 5, "loss": 61.56751970879982, "eval_loss": 59.11837681745872, "train_recall": 0.6185828282828283, "val_recall": 0.6444, "lr": 0.0008}, {"epoch": 6, "loss": 61.49923764193155, "eval_loss": 58.97261892220913, "train_recall": 0.619789898989899, "val_recall": 0.6489, "lr": 0.0008}, {"epoch": 7, "loss": 61.32092587241999, "eval_loss": 58.914051508292175, "train_recall": 0.6226232323232324, "val_recall": 0.6497, "lr": 8e-05}, {"epoch": 8, "loss": 61.30710856271868, "eval_loss": 58.877836557535026, "train_recall": 0.6232141414141414, "val_recall": 0.6513, "lr": 8e-05}, {"epoch": 9, "loss": 61.30673386085225, "eval_loss": 58.88017643415011, "train_recall": 0.6229121212121213, "val_recall": 0.651, "lr": 8e-05}, {"epoch": 10, "loss": 61.28923489171447, "eval_loss": 58.951681992946526, "train_recall": 0.6237878787878788, "val_recall": 0.6484, "lr": 8e-05}, {"epoch": 11, "loss": 61.27431990099457, "eval_loss": 58.82091926917052, "train_recall": 0.6239646464646464, "val_recall": 0.6504, "lr": 8e-05}], "train_total": {"correct": 617725, "final_recall": 0.6239646464646464}, "training_time": 2791.058926343918, "eval_time": 0.0072710514068603516}}, {"ins_id": 2, "dataset_partition": {"bulid_graph_time": 79.92103147506714, "save_graph_time": 48.86795163154602, "graph_partition_time": 68.62601327896118, "total_time": 197.57286548614502,