{"total_time_consume": 221301.21319437027, "preprocess": {"total_time": 0.20631861686706543}, "classifier": [{"ins_id": 0, "dataset_partition": {"bulid_graph_time": 70.77198791503906, "save_graph_time": 42.56128168106079, "graph_partition_time": 46876.20103812218, "total_time": 46989.69422197342, "cluster_number_distribution": [4023, 4023, 4023, 4023, 4023, 4023, 4023, 4023, 4023, 4023, 4023, 4023, 4023, 199, 4023, 4023, 4023, 4023, 4023, 4023, 4023, 4023, 4023, 4023, 4023, 4023, 4023, 4023, 4023, 4023, 4023, 4023, 4023, 4023, 4023, 4023, 4023, 4023, 4023, 4023, 4023, 2344, 4023, 4023, 4023, 4023, 1099, 4022, 4023, 4023, 4023, 4023, 4023, 4023, 4023, 250, 4023, 4023, 4023, 4023, 4023, 4023, 4023, 4023, 4023, 4023, 4023, 4023, 4023, 4023, 4023, 4023, 4023, 4023, 4023, 4023, 4023, 4023, 4023, 4023, 4023, 4023, 4023, 4023, 4023, 4023, 4023, 4023, 4023, 4023, 4023, 4023, 4023, 1996, 3666, 4023, 4023, 4023, 4023, 4023, 4023, 4023, 151, 4023, 4023, 4023, 4023, 4023, 4023, 4023, 4023, 4023, 4023, 4023, 4023, 4023, 4023, 4023, 4023, 4023, 4023, 4023, 4023, 4023, 3640, 4010, 3721, 3945, 4023, 4023, 4023, 4023, 4023, 4023, 4023, 4023, 4023, 4023, 4023, 4023, 1, 4023, 4023, 4023, 4023, 4023, 4023, 4023, 4023, 4023, 4023, 4023, 4023, 4023, 4023, 4023, 4023, 4023, 4023, 4023, 4023, 4023, 4023, 4023, 4023, 4023, 4023, 4023, 4023, 4023, 4023, 4023, 4023, 4023, 4023, 557, 4023, 4023, 4023, 4023, 4023, 4023, 4023, 4023, 4023, 4023, 4023, 4023, 4023, 4023, 4023, 4023, 4023, 4023, 4023, 4023, 4023, 4023, 4023, 4023, 4023, 4023, 4023, 4023, 4023, 4023, 4023, 4023, 4023, 4023, 4023, 4023, 4023, 4023, 4023, 4023, 4023, 4023, 856, 4023, 4023, 4023, 4023, 4023, 4023, 4023, 4023, 4023, 4023, 4023, 4023, 4023, 4023, 4023, 4023, 4023, 4023, 4023, 4023, 4023, 4023, 4023, 4023, 4023, 4023, 4023, 4023, 4023, 4023, 4023, 4023, 4023, 4023, 4023, 4023, 4023]}, "prepare_train_sample": {"time": 0.6772518157958984}, "train_eval_model": {"train_config": {"model_name": "one_block_8192_dim", "lr": 0.001, "n_epochs": 12, "milestones": [3, 7]}, "train_intermediate": [{"epoch": 0, "loss": 53.88163143904819, "eval_loss": 48.55100700182793, "train_recall": 0.6876222222222222, "val_recall": 0.7539, "lr": 0.001}, {"epoch": 1, "loss": 49.9918305436214, "eval_loss": 48.34219044905443, "train_recall": 0.7298030303030303, "val_recall": 0.765, "lr": 0.001}, {"epoch": 2, "loss": 49.470019773224394, "eval_loss": 48.08259578851553, "train_recall": 0.740979797979798, "val_recall": 0.7685, "lr": 0.001}, {"epoch": 3, "loss": 48.746136532760175, "eval_loss": 47.65596927740635, "train_recall": 0.7587101010101011, "val_recall": 0.7809, "lr": 0.0001}, {"epoch": 4, "loss": 48.62891383629932, "eval_loss": 47.608826368283005, "train_recall": 0.7612141414141415, "val_recall": 0.7806, "lr": 0.0001}, {"epoch": 5, "loss": 48.56221024003716, "eval_loss": 47.541415397937484, "train_recall": 0.762510101010101, "val_recall": 0.7847, "lr": 0.0001}, {"epoch": 6, "loss": 48.51055953992562, "eval_loss": 47.54273819312071, "train_recall": 0.763870707070707, "val_recall": 0.7854, "lr": 0.0001}, {"epoch": 7, "loss": 48.442763275561774, "eval_loss": 47.51609340080848, "train_recall": 0.7662969696969697, "val_recall": 0.786, "lr": 1e-05}, {"epoch": 8, "loss": 48.430830657260586, "eval_loss": 47.45335578918457, "train_recall": 0.7661313131313131, "val_recall": 0.7864, "lr": 1e-05}, {"epoch": 9, "loss": 48.42551042418846, "eval_loss": 47.51327559886835, "train_recall": 0.7662696969696969, "val_recall": 0.7847, "lr": 1e-05}, {"epoch": 10, "loss": 48.41639594034198, "eval_loss": 47.478889929942596, "train_recall": 0.7665636363636363, "val_recall": 0.785, "lr": 1e-05}, {"epoch": 11, "loss": 48.41252350942055, "eval_loss": 47.51145582932692, "train_recall": 0.7666353535353535, "val_recall": 0.7853, "lr": 1e-05}], "train_total": {"correct": 758969, "final_recall": 0.7666353535353535}, "training_time": 2381.4482543468475, "eval_time": 0.00806879997253418}}, {"ins_id": 1, "dataset_partition": {"bulid_graph_time": 56.397695541381836, "save_graph_time": 41.50692701339722, "graph_partition_time": 55898.72126507759, "total_time": 55996.78073120117, "cluster_number_distribution": [4023, 4023, 4023, 4023, 4023, 4023, 4023, 4023, 4023, 792, 4023, 4023, 4023, 4023, 4023, 4023, 4023, 4023, 4023, 4023, 4023, 4023, 4023, 4023, 4023, 4023, 4023, 4023, 4023, 4023, 4023, 4023, 4023, 4023, 4023, 4023, 4023, 4023, 4023, 4023, 4023, 4023, 4023, 4023, 4023, 4023, 4023, 4023, 4023, 4023, 4023, 4023, 4023, 3978, 4023, 4023, 4023, 4023, 4023, 262, 4023, 4023, 4023, 4023, 4023, 4023, 4023, 4023, 4023, 4023, 4023, 4023, 4023, 4023, 4023, 4023, 4023, 4023, 4023, 163, 4023, 4023, 4023, 4023, 4023, 4023, 4023, 4023, 4023, 4023, 4023, 4023, 4023, 4023, 4023, 4023, 4023, 4023, 4023, 4023, 4023, 4023, 4023, 4023, 4023, 4023, 4023, 4023, 4023, 4023, 4023, 4023, 4023, 4023, 4023, 4023, 4023, 4023, 4023, 4023, 4023, 4023, 4023, 4023, 4023, 328, 3888, 1384, 4023, 4023, 4023, 4023, 4023, 4023, 4023, 4023, 4023, 4023, 4023, 4023, 4023, 4023, 4023, 4023, 4023, 4023, 4023, 4023, 4023, 4023, 4023, 1, 4023, 4023, 4023, 4023, 4023, 4023, 4023, 1, 4023, 4023, 4023, 4023, 4023, 4023, 4023, 4023, 4023, 4023, 4023, 4023, 4023, 4023, 4023, 2677, 4023, 4023, 4023, 4023, 4023, 1647, 4023, 4023, 4023, 4023, 4023, 4023, 4023, 4023, 4023, 4023, 4023, 4023, 4023, 4023, 4023, 4023, 4023, 4023, 4023, 4023, 4023, 3470, 4023, 4023, 4023, 4023, 4023, 4023, 4023, 4023, 4023, 4023, 4023, 4023, 4023, 4023, 4023, 4023, 4023, 4023, 4023, 4021, 4023, 4023, 4023, 4023, 4023, 4023, 4023, 4023, 4023, 4023, 4021, 4023, 4023, 4023, 4023, 4023, 4023, 4023, 4023, 4023, 4023, 4023, 4023, 4023, 4023, 3962, 4023, 3885, 4023, 4023, 4023, 4023]}, "prepare_train_sample": {"time": 0.6844255924224854}, "train_eval_model": {"train_config": {"model_name": "one_block_8192_dim", "lr": 0.001, "n_epochs": 12, "milestones": [3, 7]}, "train_intermediate": [{"epoch": 0, "loss": 60.91029873055201, "eval_loss": 55.70159563651452, "train_recall": 0.6170383838383838, "val_recall": 0.6673, "lr": 0.001}, {"epoch": 1, "loss": 57.070441760740025, "eval_loss": 55.33773863621247, "train_recall": 0.6564656565656566, "val_recall": 0.6793, "lr": 0.001}, {"epoch": 2, "loss": 56.54308585382007, "eval_loss": 55.19281793252016, "train_recall": 0.6656838383838384, "val_recall": 0.6831, "lr": 0.001}, {"epoch": 3, "loss": 55.81789516184238, "eval_loss": 54.660325857309196, "train_recall": 0.6806060606060607, "val_recall": 0.6986, "lr": 0.0001}, {"epoch": 4, "loss": 55.68216212828412, "eval_loss": 54.67257066873404, "train_recall": 0.6835737373737374, "val_recall": 0.6947, "lr": 0.0001}, {"epoch": 5, "loss": 55.61849249983341, "eval_loss": 54.6096560160319, "train_recall": 0.6851626262626263, "val_recall": 0.6964, "lr": 0.0001}, {"epoch": 6, "loss": 55.56986969881446, "eval_loss": 54.57109726392306, "train_recall": 0.6857929292929293, "val_recall": 0.6992, "lr": 0.0001}, {"epoch": 7, "loss": 55.49235495062294, "eval_loss": 54.54503583908081, "train_recall": 0.6879484848484848, "val_recall": 0.6981, "lr": 1e-05}, {"epoch": 8, "loss": 55.48593613301235, "eval_loss": 54.5300762347686, "train_recall": 0.6870626262626263, "val_recall": 0.6987, "lr": 1e-05}, {"epoch": 9, "loss": 55.478011316275456, "eval_loss": 54.52725667219896, "train_recall": 0.6876151515151515, "val_recall": 0.6981, "lr": 1e-05}, {"epoch": 10, "loss": 55.4653758055084, "eval_loss": 54.52183310190836, "train_recall": 0.6882161616161616, "val_recall": 0.6968, "lr": 1e-05}, {"epoch": 11, "loss": 55.46721773671322, "eval_loss": 54.54706265376164, "train_recall": 0.6879555555555555, "val_recall": 0.6979, "lr": 1e-05}], "train_total": {"correct": 681076, "final_recall": 0.6879555555555555}, "training_time": 2374.221456050873, "eval_time": 0.014437198638916016}}, {"ins_id": 2, "dataset_partition": {"bulid_graph_time": 71.1123559474945, "save_graph_time": 41.294015645980835, "graph_partition_time": 53136.215567588806, "total_time": 53248.77730679512,