{"total_time_consume": 21482.654362916946, "preprocess": {"total_time": 0.11461734771728516}, "classifier": [{"ins_id": 0, "dataset_partition": {"bulid_graph_time": 1426.9919068813324, "save_graph_time": 29.760150909423828, "graph_partition_time": 84.43196487426758, "total_time": 1541.3759632110596, "cluster_number_distribution": [3996, 4023, 4016, 4020, 3718, 4021, 0, 3689, 4022, 4004, 4024, 4004, 4001, 3765, 4023, 4024, 4009, 4015, 3900, 4023, 4022, 4004, 4019, 4002, 4019, 4018, 4022, 4018, 3836, 3152, 4011, 4023, 4010, 3999, 4022, 4011, 4006, 4020, 4009, 4020, 4016, 3912, 4023, 3984, 4020, 4022, 3607, 4022, 4001, 4015, 4013, 4019, 4019, 4019, 4003, 3861, 4010, 4022, 4018, 0, 4022, 4011, 4001, 4020, 3724, 4023, 3987, 4018, 4021, 3979, 4023, 3966, 4020, 4013, 4020, 4022, 4019, 4021, 4022, 4014, 4008, 3975, 4016, 4023, 4015, 4021, 4010, 4013, 4015, 4006, 4023, 3977, 3976, 4017, 4000, 3997, 4023, 3992, 4012, 3969, 4021, 4022, 4022, 3989, 4010, 4023, 4021, 4017, 4018, 2622, 3997, 3910, 4003, 4005, 4020, 3745, 3723, 4017, 3953, 4010, 4024, 4023, 3874, 4023, 4016, 4024, 4016, 3672, 3984, 3988, 4010, 4023, 4022, 4023, 4021, 4021, 3999, 4021, 3916, 4017, 3952, 4018, 4023, 4023, 3997, 4024, 4003, 4018, 4021, 4010, 3983, 4022, 3977, 4023, 4023, 3999, 4019, 3922, 4017, 3932, 4007, 4016, 3999, 3959, 4021, 4023, 3961, 4023, 4022, 4023, 4024, 3976, 4022, 4020, 3935, 3628, 4023, 4022, 3961, 4019, 3883, 3846, 4022, 4023, 3955, 4014, 4017, 4023, 4004, 4019, 2423, 3991, 4018, 3989, 4015, 4006, 4023, 3531, 4023, 4019, 3963, 4003, 3915, 4008, 4001, 4022, 4020, 3952, 3995, 4017, 4020, 3937, 4023, 3802, 4023, 3966, 4018, 4016, 3968, 4023, 3961, 4021, 3963, 3919, 4023, 4019, 4020, 3931, 3975, 3748, 3400, 4022, 1939, 4024, 4022, 0, 4024, 4022, 4021, 3951, 3971, 4009, 2918, 4023, 3849, 4022, 4022, 4023, 3996, 4005, 3780, 3708, 3813, 3756, 4006, 3823]}, "prepare_train_sample": {"time": 0.5743529796600342}, "train_eval_model": {"train_config": {"model_name": "one_block_2048_dim", "lr": 0.004, "n_epochs": 8, "milestones": [3, 7]}, "train_intermediate": [{"epoch": 0, "loss": 62.927288645435965, "eval_loss": 51.40768865438608, "train_recall": 0.6164121212121212, "val_recall": 0.7013, "lr": 0.004}, {"epoch": 1, "loss": 60.67035158806366, "eval_loss": 50.9668864042331, "train_recall": 0.6534787878787879, "val_recall": 0.7135, "lr": 0.004}, {"epoch": 2, "loss": 60.25934980783149, "eval_loss": 50.71783984013093, "train_recall": 0.6614828282828282, "val_recall": 0.7227, "lr": 0.004}, {"epoch": 3, "loss": 59.146000476638264, "eval_loss": 49.89889425497789, "train_recall": 0.6878424242424243, "val_recall": 0.7378, "lr": 0.0004}, {"epoch": 4, "loss": 59.000387639679104, "eval_loss": 49.84278418467595, "train_recall": 0.6907343434343435, "val_recall": 0.7437, "lr": 0.0004}, {"epoch": 5, "loss": 58.931544550042325, "eval_loss": 49.773991260773094, "train_recall": 0.6926818181818182, "val_recall": 0.7384, "lr": 0.0004}, {"epoch": 6, "loss": 58.89141027029659, "eval_loss": 49.793459207583695, "train_recall": 0.6940040404040404, "val_recall": 0.7397, "lr": 0.0004}, {"epoch": 7, "loss": 58.78234818570734, "eval_loss": 49.72028059225816, "train_recall": 0.6965565656565657, "val_recall": 0.7437, "lr": 4e-05}], "train_total": {"correct": 689591, "final_recall": 0.6965565656565657}, "training_time": 3090.872335910797, "eval_time": 0.11752009391784668}}, {"ins_id": 1, "dataset_partition": {"bulid_graph_time": 2139.6653656959534, "save_graph_time": 30.32564687728882, "graph_partition_time": 59.199015378952026, "total_time": 2229.37233042717, "cluster_number_distribution": [4023, 3952, 4022, 4022, 3848, 3986, 4017, 3980, 4007, 4016, 3998, 3953, 1246, 4005, 3966, 4014, 4018, 4007, 4014, 4002, 4022, 4013, 4017, 4019, 4022, 4021, 3903, 3991, 4016, 4010, 3962, 4017, 4000, 4020, 4004, 4015, 4022, 4017, 4021, 4023, 4003, 4001, 4022, 2342, 3894, 4012, 4021, 3991, 4022, 4024, 4021, 3917, 4020, 4020, 4009, 2039, 4023, 4022, 4024, 3985, 4020, 4006, 4023, 4004, 4023, 4011, 4023, 0, 4023, 4021, 3953, 4020, 4013, 3968, 3969, 4023, 4023, 4016, 2476, 3836, 4024, 4024, 3974, 4017, 4019, 4023, 4020, 3946, 4011, 4016, 4023, 3891, 4011, 3958, 4010, 4021, 3924, 4024, 3902, 3995, 3985, 3982, 4023, 3974, 4023, 4023, 4017, 4014, 4022, 3989, 4015, 3949, 4021, 4023, 4020, 3995, 4019, 3996, 4014, 4024, 4020, 4020, 4022, 4015, 4018, 3804, 4023, 4023, 3984, 3859, 4008, 4021, 3985, 3971, 3897, 4018, 3955, 4020, 3263, 4016, 4002, 4022, 4007, 3993, 4021, 3984, 4023, 4016, 3995, 4023, 3982, 3925, 1834, 4021, 4023, 3896, 4023, 4008, 4014, 4014, 4023, 4004, 4018, 3997, 4022, 4020, 3987, 4006, 4010, 4023, 4016, 3999, 4023, 4020, 3051, 0, 3999, 4023, 4014, 4022, 4018, 4020, 4011, 4005, 4021, 4009, 4010, 3992, 3947, 4011, 3997, 4015, 4022, 4012, 4023, 4021, 4002, 3196, 3992, 4023, 4008, 4023, 4022, 4020, 3915, 3900, 4011, 4011, 3812, 4023, 3966, 4024, 3637, 4024, 3980, 4023, 4023, 3957, 4024, 4023, 4019, 4024, 4024, 4023, 4000, 3962, 4015, 4022, 3390, 4022, 4002, 4022, 4021, 4011, 3316, 4008, 4011, 4015, 3928, 4019, 2233, 4009, 4021, 4024, 4023, 3926, 4012, 4014, 3968, 4023, 4009, 3978, 4019, 4004, 3993, 4017]}, "prepare_train_sample": {"time": 0.5552887916564941}, "train_eval_model": {"train_config": {"model_name": "one_block_2048_dim", "lr": 0.004, "n_epochs": 8, "milestones": [3, 7]}, "train_intermediate": [{"epoch": 0, "loss": 66.4785842807961, "eval_loss": 54.535264553167885, "train_recall": 0.5775363636363636, "val_recall": 0.6771, "lr": 0.004}, {"epoch": 1, "loss": 64.2911446173043, "eval_loss": 54.14252339876615, "train_recall": 0.6123727272727273, "val_recall": 0.6842, "lr": 0.004}, {"epoch": 2, "loss": 63.86970022235879, "eval_loss": 53.848586302537186, "train_recall": 0.6213181818181818, "val_recall": 0.6979, "lr": 0.004}, {"epoch": 3, "loss": 62.78185089971506, "eval_loss": 53.107574071639625, "train_recall": 0.6457454545454545, "val_recall": 0.7142, "lr": 0.0004}, {"epoch": 4, "loss": 62.634780500062845, "eval_loss": 53.052433185088326, "train_recall": 0.6487909090909091, "val_recall": 0.7159, "lr": 0.0004}, {"epoch": 5, "loss": 62.571224194520596, "eval_loss": 53.002242944179436, "train_recall": 0.6498030303030303, "val_recall": 0.7151, "lr": 0.0004}, {"epoch": 6, "loss": 62.51849992439311, "eval_loss": 53.012842973073326, "train_recall": 0.6518676767676768, "val_recall": 0.7166, "lr": 0.0004}, {"epoch": 7, "loss": 62.41430138892731, "eval_loss": 52.96689756711324, "train_recall": 0.6536343434343435, "val_recall": 0.7159, "lr": 4e-05}], "train_total": {"correct": 647098, "final_recall": 0.6536343434343435}, "training_time": 3230.318930387497, "eval_time": 0.10323858261108398}}, {"ins_id": 2, "dataset_partition": {"bulid_graph_time": 2141.868441104889, "save_graph_time": 30.47317147254944, "graph_partition_time": 68.05692100524902, "total_time": 2240.5786004066467,