{"total_time_consume": 9330.97181892395, "preprocess": {"total_time": 0.2383882999420166}, "classifier": [{"ins_id": 0, "dataset_partition": {"bulid_graph_time": 68.28115630149841, "save_graph_time": 41.63689041137695, "graph_partition_time": 73.69593167304993, "total_time": 183.77284979820251, "cluster_number_distribution": [3970, 3830, 4024, 3862, 4021, 4024, 4024, 4015, 3820, 3942, 4024, 4024, 3917, 4024, 3868, 3961, 4023, 4024, 4024, 4024, 4024, 4024, 4023, 4023, 4024, 3750, 4024, 2924, 4024, 4020, 3979, 4024, 4024, 0, 4024, 3956, 4024, 4024, 4024, 1465, 4024, 4024, 4024, 4023, 4024, 4024, 4023, 3955, 3668, 4024, 3924, 4024, 3962, 4016, 3967, 3882, 3511, 4023, 4024, 4024, 4024, 3913, 3790, 4021, 3952, 4019, 4018, 4023, 4024, 3949, 3917, 4024, 4024, 4011, 4024, 4024, 4021, 3965, 3914, 3976, 4024, 4024, 3738, 4023, 4024, 4024, 4020, 3997, 4024, 4024, 3953, 4023, 3921, 4024, 3991, 3926, 3869, 4024, 3847, 4024, 3927, 4011, 4024, 4024, 3976, 4022, 4024, 4024, 4012, 4019, 3902, 4001, 4014, 3885, 4013, 3911, 4009, 3981, 4024, 3954, 4024, 3979, 4022, 3995, 4024, 4023, 4017, 3930, 4024, 3946, 4024, 4017, 3760, 4023, 4024, 4023, 1317, 4023, 4019, 3960, 3909, 4023, 3986, 4016, 3920, 4024, 3993, 4023, 1336, 4024, 4024, 3990, 4023, 4024, 4021, 3971, 4023, 3926, 4005, 3961, 4024, 4003, 3740, 4024, 3973, 3959, 4023, 4024, 3828, 3863, 4020, 3555, 3765, 4007, 3760, 4024, 4024, 4024, 3870, 1785, 4024, 3990, 3902, 4024, 3995, 4024, 3775, 3865, 3979, 3918, 4023, 3996, 4024, 4023, 4024, 4019, 4022, 4024, 4008, 4023, 3894, 3789, 3952, 3927, 3955, 3950, 4022, 3972, 3753, 4023, 4024, 4020, 4023, 4023, 4024, 4024, 4014, 4024, 3885, 3888, 4024, 4024, 3913, 4018, 3949, 4024, 3958, 3983, 3996, 3866, 4024, 4024, 3962, 4024, 4006, 4017, 4021, 4022, 3837, 3993, 4024, 3914, 3889, 3888, 4024, 4024, 4024, 1495, 4024, 3686, 4020, 4024, 4024, 4010, 3934, 3819]}, "prepare_train_sample": {"time": 0.6733253002166748}, "train_eval_model": {"train_config": {"model_name": "one_block_2048_dim", "lr": 0.008, "n_epochs": 12, "milestones": [3, 7]}, "train_intermediate": [{"epoch": 0, "loss": 65.91041116233278, "eval_loss": 51.90523386001587, "train_recall": 0.5765414141414141, "val_recall": 0.6819, "lr": 0.008}, {"epoch": 1, "loss": 63.49380260819812, "eval_loss": 51.30847732837383, "train_recall": 0.6075101010101011, "val_recall": 0.6912, "lr": 0.008}, {"epoch": 2, "loss": 63.09382567519912, "eval_loss": 51.04555775569035, "train_recall": 0.6146111111111111, "val_recall": 0.7014, "lr": 0.008}, {"epoch": 3, "loss": 61.22149723752243, "eval_loss": 49.69450973241757, "train_recall": 0.6477717171717172, "val_recall": 0.7264, "lr": 0.0008}, {"epoch": 4, "loss": 60.97940865799741, "eval_loss": 49.647927094728516, "train_recall": 0.6532040404040405, "val_recall": 0.7239, "lr": 0.0008}, {"epoch": 5, "loss": 60.87269089729587, "eval_loss": 49.51026126665947, "train_recall": 0.6559191919191919, "val_recall": 0.7276, "lr": 0.0008}, {"epoch": 6, "loss": 60.80436344913071, "eval_loss": 49.47016349205604, "train_recall": 0.6567434343434343, "val_recall": 0.7269, "lr": 0.0008}, {"epoch": 7, "loss": 60.64307416449861, "eval_loss": 49.36876384417216, "train_recall": 0.6601313131313131, "val_recall": 0.7316, "lr": 8e-05}, {"epoch": 8, "loss": 60.61859166284999, "eval_loss": 49.40483060249915, "train_recall": 0.6609747474747475, "val_recall": 0.7283, "lr": 8e-05}, {"epoch": 9, "loss": 60.60865297190192, "eval_loss": 49.316940766114456, "train_recall": 0.6607232323232323, "val_recall": 0.7307, "lr": 8e-05}, {"epoch": 10, "loss": 60.59576965797139, "eval_loss": 49.41091304558974, "train_recall": 0.6614606060606061, "val_recall": 0.7316, "lr": 8e-05}, {"epoch": 11, "loss": 60.58693529728231, "eval_loss": 49.28627566802196, "train_recall": 0.6611060606060606, "val_recall": 0.7324, "lr": 8e-05}], "train_total": {"correct": 654495, "final_recall": 0.6611060606060606}, "training_time": 1991.7224700450897, "eval_time": 0.01607966423034668}}, {"ins_id": 1, "dataset_partition": {"bulid_graph_time": 73.79560780525208, "save_graph_time": 49.60884952545166, "graph_partition_time": 50.85662531852722, "total_time": 174.42301845550537, "cluster_number_distribution": [4016, 3979, 3580, 4023, 4021, 4023, 4024, 4019, 3742, 4024, 4024, 4024, 4024, 0, 4023, 4024, 3954, 4024, 0, 4023, 4023, 3887, 4024, 4004, 4004, 3769, 3784, 3941, 4024, 4024, 3971, 3964, 3792, 4024, 4022, 4023, 4023, 4024, 4022, 4023, 4023, 4024, 4024, 3982, 3946, 4024, 4024, 4024, 4015, 4024, 3970, 4024, 4023, 4022, 3994, 3871, 4024, 4024, 4024, 3777, 4005, 4024, 3991, 4017, 4022, 4019, 3742, 3965, 4020, 3796, 4024, 4024, 4024, 4020, 3967, 3871, 4023, 3830, 4023, 4023, 4024, 4023, 4024, 3957, 4023, 4023, 4021, 3993, 3991, 3910, 4023, 4024, 3986, 4023, 4022, 3934, 0, 4024, 3992, 3918, 2051, 4023, 4018, 4024, 4023, 4023, 4020, 3783, 3778, 4022, 4011, 4022, 3777, 3865, 3994, 3773, 3903, 4024, 4023, 3791, 3889, 4024, 4024, 3842, 4004, 3845, 4024, 3979, 3930, 4012, 3932, 4022, 4022, 4024, 3948, 4024, 4021, 3857, 3967, 3995, 4024, 4024, 4024, 4024, 4006, 4024, 4024, 3971, 4023, 4024, 4021, 4024, 3997, 4024, 3922, 2974, 4023, 4024, 3881, 4022, 3989, 4024, 3874, 4024, 3991, 4024, 4021, 3811, 4024, 4023, 3903, 3898, 4008, 3873, 4020, 3950, 3968, 3798, 4021, 4024, 4024, 4023, 4024, 4022, 4024, 4022, 4023, 4024, 4023, 4024, 4024, 4024, 3943, 4023, 3938, 4023, 4024, 3750, 4024, 3997, 4024, 4023, 3872, 4013, 3960, 4012, 4024, 4023, 4019, 4023, 4024, 4024, 4024, 3993, 4010, 3912, 3829, 4009, 4024, 4024, 4023, 4006, 814, 4005, 4024, 4023, 4024, 4023, 3901, 4021, 4013, 4024, 4024, 4024, 4023, 4024, 4024, 4024, 3903, 3392, 4024, 4023, 3106, 4024, 4024, 3964, 4024, 4022, 3889, 4019, 3983, 4024, 3974, 3956, 4022, 3862]}, "prepare_train_sample": {"time": 0.7689981460571289}, "train_eval_model": {"train_config": {"model_name": "one_block_2048_dim", "lr": 0.008, "n_epochs": 12, "milestones": [3, 7]}, "train_intermediate": [{"epoch": 0, "loss": 70.25340356113769, "eval_loss": 59.1935786711864, "train_recall": 0.5344828282828283, "val_recall": 0.6194, "lr": 0.008}, {"epoch": 1, "loss": 67.99489393701889, "eval_loss": 58.37901094632271, "train_recall": 0.5634484848484849, "val_recall": 0.6309, "lr": 0.008}, {"epoch": 2, "loss": 67.60181589629364, "eval_loss": 58.222074300814896, "train_recall": 0.5688161616161617, "val_recall": 0.6409, "lr": 0.008}, {"epoch": 3, "loss": 65.80989177938261, "eval_loss": 56.922875025333504, "train_recall": 0.6000282828282828, "val_recall": 0.6623, "lr": 0.0008}, {"epoch": 4, "loss": 65.57288174873202, "eval_loss": 56.87891780413114, "train_recall": 0.6040525252525253, "val_recall": 0.6653, "lr": 0.0008}, {"epoch": 5, "loss": 65.4793981951695, "eval_loss": 56.789152903434555, "train_recall": 0.6056070707070708, "val_recall": 0.6705, "lr": 0.0008}, {"epoch": 6, "loss": 65.40841642732968, "eval_loss": 56.6317209586119, "train_recall": 0.6073767676767676, "val_recall": 0.6724, "lr": 0.0008}, {"epoch": 7, "loss": 65.23659644974771, "eval_loss": 56.61218363199479, "train_recall": 0.6107313131313131, "val_recall": 0.674, "lr": 8e-05}, {"epoch": 8, "loss": 65.21547005998606, "eval_loss": 56.62734843523074, "train_recall": 0.6114010101010101, "val_recall": 0.6721, "lr": 8e-05}, {"epoch": 9, "loss": 65.20563613578899, "eval_loss": 56.56419581633348, "train_recall": 0.6120343434343435, "val_recall": 0.6746, "lr": 8e-05}, {"epoch": 10, "loss": 65.20610949869597, "eval_loss": 56.592058218442475, "train_recall": 0.6118676767676767, "val_recall": 0.6738, "lr": 8e-05}, {"epoch": 11, "loss": 65.18743311375881, "eval_loss": 56.57119303483229, "train_recall": 0.611569696969697, "val_recall": 0.6731, "lr": 8e-05}], "train_total": {"correct": 605454, "final_recall": 0.611569696969697}, "training_time": 2014.3168778419495, "eval_time": 0.0072329044342041016}}, {"ins_id": 2, "dataset_partition": {"bulid_graph_time": 79.63223314285278, "save_graph_time": 55.18885517120361, "graph_partition_time": 47.57826590538025, "total_time": 182.55840921401978,