{"total_time_consume": 21107.36633324623, "preprocess": {"total_time": 0.12720727920532227}, "classifier": [{"ins_id": 0, "dataset_partition": {"bulid_graph_time": 1421.5361244678497, "save_graph_time": 28.45450520515442, "graph_partition_time": 85.21990180015564, "total_time": 1535.395007133484, "cluster_number_distribution": [3961, 4007, 3900, 4008, 4005, 3380, 4013, 3775, 3962, 4023, 4023, 4022, 3912, 3989, 4023, 4020, 4011, 4012, 3994, 4021, 3937, 4014, 3983, 4022, 3849, 4018, 4014, 3805, 4005, 4021, 4020, 4022, 4006, 4023, 4001, 4022, 4012, 4012, 4009, 4023, 4023, 4021, 3968, 3993, 4021, 3995, 3984, 3984, 4023, 0, 4022, 4005, 1840, 4020, 3955, 4017, 4014, 4023, 4020, 4022, 3998, 4023, 4019, 4020, 3913, 3860, 3962, 3967, 3742, 4021, 4024, 4024, 3756, 4023, 4010, 3665, 3607, 4017, 4017, 3995, 3997, 4019, 4006, 4021, 3752, 3994, 3946, 4015, 3991, 3952, 3992, 4018, 4022, 4024, 3974, 4008, 4011, 4022, 4007, 4017, 4021, 3989, 4018, 4012, 3993, 3988, 3992, 4022, 4020, 3964, 4005, 4014, 4008, 4023, 3755, 4021, 4004, 4004, 4007, 4001, 3998, 4023, 3950, 4023, 4022, 3988, 4023, 832, 4023, 4013, 4023, 3902, 4017, 3980, 3598, 3993, 4017, 3843, 4015, 4005, 3991, 4008, 4016, 4023, 4008, 3969, 4022, 3985, 3990, 4017, 4023, 3921, 4021, 4013, 4023, 4015, 3679, 4020, 4023, 4018, 4021, 4020, 3875, 1226, 4023, 4023, 4018, 4014, 4015, 3997, 4013, 4017, 4013, 3975, 4023, 4008, 4023, 3997, 4015, 3978, 4013, 4007, 3957, 4023, 4015, 4021, 2574, 4022, 4021, 4022, 4015, 4022, 3829, 3991, 4023, 3995, 4023, 1828, 3920, 4020, 4021, 4023, 4000, 3888, 4018, 4022, 4016, 4019, 4002, 4022, 4020, 4023, 4021, 3260, 3981, 3994, 4024, 4023, 4013, 4021, 4021, 4016, 4010, 4017, 3999, 4006, 4016, 3986, 4017, 4023, 4022, 4021, 4024, 3880, 4007, 4014, 3774, 3059, 4009, 3274, 4022, 3872, 4024, 3934, 4016, 4021, 3700, 4023, 3455, 4023, 2342, 4024, 4024, 4024, 4024, 4017]}, "prepare_train_sample": {"time": 0.47077178955078125}, "train_eval_model": {"train_config": {"model_name": "two_block_512_dim", "lr": 0.004, "n_epochs": 8, "milestones": [3, 7]}, "train_intermediate": [{"epoch": 0, "loss": 63.867065403053545, "eval_loss": 52.035462617874146, "train_recall": 0.5984888888888888, "val_recall": 0.6875, "lr": 0.004}, {"epoch": 1, "loss": 61.522901277387675, "eval_loss": 51.34696520291842, "train_recall": 0.6365909090909091, "val_recall": 0.6966, "lr": 0.004}, {"epoch": 2, "loss": 61.02676570862864, "eval_loss": 51.013283607287285, "train_recall": 0.645669696969697, "val_recall": 0.7137, "lr": 0.004}, {"epoch": 3, "loss": 60.072744883628445, "eval_loss": 50.4355180752583, "train_recall": 0.6662727272727272, "val_recall": 0.7274, "lr": 0.0004}, {"epoch": 4, "loss": 59.94291204049368, "eval_loss": 50.38749027863527, "train_recall": 0.6697727272727273, "val_recall": 0.7255, "lr": 0.0004}, {"epoch": 5, "loss": 59.8883526764424, "eval_loss": 50.38613744882437, "train_recall": 0.6705969696969697, "val_recall": 0.7309, "lr": 0.0004}, {"epoch": 6, "loss": 59.8484036913284, "eval_loss": 50.32681202888489, "train_recall": 0.6722121212121213, "val_recall": 0.7277, "lr": 0.0004}, {"epoch": 7, "loss": 59.75479159737564, "eval_loss": 50.33808413530007, "train_recall": 0.6741070707070707, "val_recall": 0.7257, "lr": 4e-05}], "train_total": {"correct": 667366, "final_recall": 0.6741070707070707}, "training_time": 3051.87739276886, "eval_time": 0.011808395385742188}}, {"ins_id": 1, "dataset_partition": {"bulid_graph_time": 2135.6742260456085, "save_graph_time": 29.27640151977539, "graph_partition_time": 60.23913812637329, "total_time": 2225.3687393665314, "cluster_number_distribution": [3988, 4005, 4007, 4022, 4023, 4017, 3985, 3998, 4020, 4021, 3984, 4005, 4015, 4021, 4015, 3974, 4018, 3893, 4023, 4019, 4016, 4023, 4017, 4023, 4019, 4021, 4013, 4016, 4022, 4002, 4014, 4020, 1351, 4024, 4023, 4022, 4013, 4019, 3993, 4023, 4014, 3013, 4018, 4023, 3220, 3985, 4018, 3992, 4023, 4017, 4005, 4019, 3982, 4020, 3958, 4013, 4023, 4021, 2007, 3985, 3975, 4012, 4020, 3972, 3989, 4024, 4020, 3932, 4020, 3941, 4022, 4024, 3882, 4004, 3994, 3959, 3980, 4012, 4023, 4009, 4024, 4019, 4021, 4022, 3053, 4023, 4024, 3384, 3908, 4010, 4023, 4018, 4009, 4020, 3472, 4021, 4016, 4022, 4008, 0, 4020, 4011, 4002, 4022, 4020, 4014, 4023, 4022, 4023, 4024, 4023, 3891, 3896, 4020, 4023, 4017, 3992, 4013, 4020, 4012, 3965, 3952, 4020, 3954, 4021, 4014, 3990, 4002, 4023, 4009, 4023, 4017, 4017, 3985, 3986, 4014, 3996, 4002, 4022, 3391, 4007, 4021, 3917, 4017, 4022, 4022, 3974, 4022, 4023, 4023, 4021, 4014, 4001, 2222, 4013, 4022, 3997, 4022, 4018, 3929, 4024, 3281, 2431, 4023, 4022, 3973, 3926, 3982, 4009, 4022, 4023, 4022, 4013, 3883, 3058, 4019, 4023, 4022, 4013, 3863, 3880, 4023, 4021, 3259, 4019, 4002, 3996, 3853, 3993, 3189, 4023, 4012, 3897, 4012, 3978, 4019, 4022, 4002, 3999, 3987, 4003, 3802, 4013, 4017, 3962, 3999, 4021, 4014, 3822, 4004, 4023, 4006, 3883, 3879, 4003, 4011, 4024, 4005, 4023, 4016, 4015, 1761, 3999, 4022, 3996, 4015, 4010, 4023, 4010, 3895, 4008, 4023, 1916, 4023, 4018, 4016, 4022, 4023, 4020, 4022, 4004, 3996, 4019, 4009, 4016, 4022, 3959, 4018, 4010, 4023, 4017, 3992, 3910, 4009, 4004, 4015]}, "prepare_train_sample": {"time": 0.5609290599822998}, "train_eval_model": {"train_config": {"model_name": "two_block_512_dim", "lr": 0.004, "n_epochs": 8, "milestones": [3, 7]}, "train_intermediate": [{"epoch": 0, "loss": 67.01980853473015, "eval_loss": 54.45270051711645, "train_recall": 0.5652060606060606, "val_recall": 0.6686, "lr": 0.004}, {"epoch": 1, "loss": 64.76153494095098, "eval_loss": 53.831674844790726, "train_recall": 0.600489898989899, "val_recall": 0.6827, "lr": 0.004}, {"epoch": 2, "loss": 64.27427047639233, "eval_loss": 53.599717103517975, "train_recall": 0.6091606060606061, "val_recall": 0.6855, "lr": 0.004}, {"epoch": 3, "loss": 63.33661311411898, "eval_loss": 52.994183833782486, "train_recall": 0.628749494949495, "val_recall": 0.7065, "lr": 0.0004}, {"epoch": 4, "loss": 63.20951777811245, "eval_loss": 52.92157527727959, "train_recall": 0.6311717171717172, "val_recall": 0.7032, "lr": 0.0004}, {"epoch": 5, "loss": 63.14916712654297, "eval_loss": 52.886310381767075, "train_recall": 0.6325111111111111, "val_recall": 0.7087, "lr": 0.0004}, {"epoch": 6, "loss": 63.11657534337065, "eval_loss": 52.81823461483686, "train_recall": 0.6324898989898989, "val_recall": 0.7108, "lr": 0.0004}, {"epoch": 7, "loss": 63.0266404870016, "eval_loss": 52.82277359106602, "train_recall": 0.6353454545454545, "val_recall": 0.7074, "lr": 4e-05}], "train_total": {"correct": 628992, "final_recall": 0.6353454545454545}, "training_time": 3232.6399459838867, "eval_time": 0.03917527198791504}}, {"ins_id": 2, "dataset_partition": {"bulid_graph_time": 2076.2371151447296, "save_graph_time": 30.31925868988037, "graph_partition_time": 67.52945709228516, "total_time": 2174.263969898224,