{"total_time_consume": 15621.610556602478, "preprocess": {"total_time": 0.19974112510681152}, "classifier": [{"ins_id": 0, "dataset_partition": {"bulid_graph_time": 993.9822952747345, "save_graph_time": 30.42354130744934, "graph_partition_time": 72.39144468307495, "total_time": 1096.9564802646637, "cluster_number_distribution": [4008, 4023, 4021, 4023, 4023, 4020, 4013, 3920, 4017, 4015, 4023, 4018, 4019, 4011, 4016, 4005, 3968, 4011, 4023, 3924, 4024, 4014, 4018, 4021, 4016, 4019, 4020, 4023, 4023, 4021, 4016, 4010, 3771, 4015, 4024, 2968, 3856, 3982, 3988, 4024, 4023, 4023, 4020, 4024, 3878, 4023, 4016, 4004, 4023, 4023, 4014, 4020, 1872, 4022, 4022, 4003, 4024, 4003, 4023, 3866, 3982, 4007, 4023, 4019, 4006, 3754, 3894, 3982, 3955, 4011, 4004, 4022, 4023, 4023, 2248, 3874, 3972, 4024, 3957, 4023, 4006, 4023, 4015, 4008, 3925, 1406, 3376, 4023, 4018, 4023, 4011, 4020, 4023, 4022, 4021, 3973, 4024, 3891, 4024, 4023, 3865, 3511, 4023, 3974, 4024, 2979, 3910, 4023, 4023, 4023, 3738, 4012, 4012, 4023, 4018, 3986, 4020, 4014, 3876, 4023, 2354, 4022, 4006, 4021, 4019, 3922, 4021, 4020, 4001, 4009, 4012, 4006, 3992, 4022, 4023, 4022, 4022, 1011, 4023, 4012, 3912, 4021, 4022, 3970, 4023, 4024, 3741, 4012, 3720, 4023, 4023, 4024, 4021, 4016, 3940, 4014, 4023, 3957, 4024, 4014, 3844, 4004, 4023, 3821, 4022, 3820, 4023, 3998, 4022, 4018, 4022, 4009, 3994, 4006, 4023, 4023, 4015, 4006, 4021, 4009, 4015, 4022, 4018, 4023, 4018, 4017, 3997, 3998, 4014, 4002, 3911, 3955, 4019, 4021, 4020, 4019, 4018, 4022, 3947, 4023, 4019, 4008, 4023, 3968, 4023, 3994, 4024, 4001, 4024, 3927, 4024, 4024, 3654, 4024, 4021, 4024, 3972, 3857, 4024, 4023, 4023, 3565, 3933, 2576, 3967, 4018, 4008, 3868, 4016, 3842, 4014, 4007, 3832, 3950, 3467, 3717, 4022, 0, 4014, 4023, 4021, 4013, 3760, 4020, 3897, 4018, 3993, 3989, 3983, 4021, 3295, 4020, 3912, 4023, 4019, 4015]}, "prepare_train_sample": {"time": 0.5060510635375977}, "train_eval_model": {"train_config": {"model_name": "one_block_2048_dim", "lr": 0.004, "n_epochs": 12, "milestones": [3, 7]}, "train_intermediate": [{"epoch": 0, "loss": 65.00459276159822, "eval_loss": 51.96337075111194, "train_recall": 0.5856060606060606, "val_recall": 0.6977, "lr": 0.004}, {"epoch": 1, "loss": 62.45713409651697, "eval_loss": 51.37624169007326, "train_recall": 0.6235424242424242, "val_recall": 0.7103, "lr": 0.004}, {"epoch": 2, "loss": 61.9797164653612, "eval_loss": 51.37977180725489, "train_recall": 0.632179797979798, "val_recall": 0.7091, "lr": 0.004}, {"epoch": 3, "loss": 60.703537645015366, "eval_loss": 50.36404591340285, "train_recall": 0.6592515151515151, "val_recall": 0.7387, "lr": 0.0004}, {"epoch": 4, "loss": 60.53600726115448, "eval_loss": 50.37458140422137, "train_recall": 0.6624969696969697, "val_recall": 0.7371, "lr": 0.0004}, {"epoch": 5, "loss": 60.456090761093385, "eval_loss": 50.27895983060201, "train_recall": 0.6642282828282828, "val_recall": 0.7338, "lr": 0.0004}, {"epoch": 6, "loss": 60.40183894398503, "eval_loss": 50.23465035511897, "train_recall": 0.6657757575757576, "val_recall": 0.7363, "lr": 0.0004}, {"epoch": 7, "loss": 60.29059067694785, "eval_loss": 50.148268173902466, "train_recall": 0.6680292929292929, "val_recall": 0.7412, "lr": 4e-05}, {"epoch": 8, "loss": 60.26801744280972, "eval_loss": 50.203988301448334, "train_recall": 0.6685060606060607, "val_recall": 0.7403, "lr": 4e-05}, {"epoch": 9, "loss": 60.25999593236896, "eval_loss": 50.12334707455757, "train_recall": 0.6688848484848485, "val_recall": 0.7437, "lr": 4e-05}, {"epoch": 10, "loss": 60.25376057953888, "eval_loss": 50.256271533477, "train_recall": 0.6690323232323232, "val_recall": 0.7402, "lr": 4e-05}, {"epoch": 11, "loss": 60.248876363700816, "eval_loss": 50.13562285594451, "train_recall": 0.6690676767676768, "val_recall": 0.7406, "lr": 4e-05}], "train_total": {"correct": 662377, "final_recall": 0.6690676767676768}, "training_time": 2555.42334318161, "eval_time": 0.01167607307434082}}, {"ins_id": 1, "dataset_partition": {"bulid_graph_time": 1456.9183011054993, "save_graph_time": 29.412922382354736, "graph_partition_time": 56.553159952163696, "total_time": 1543.0409140586853, "cluster_number_distribution": [4008, 4023, 4023, 4000, 4021, 4023, 3995, 4016, 4013, 4019, 4017, 3973, 4020, 4023, 3992, 4016, 3927, 4023, 4010, 4012, 4022, 3967, 3951, 4023, 4013, 4011, 4022, 4016, 4010, 2096, 3941, 4013, 4023, 4009, 4015, 4008, 4020, 4022, 4024, 4021, 4021, 4016, 4023, 4024, 4024, 2829, 4019, 4022, 3934, 4022, 3854, 3050, 4024, 4023, 4023, 4024, 4022, 4024, 4024, 3971, 4018, 3832, 3908, 4023, 4018, 4018, 4021, 3961, 3973, 4023, 3896, 3944, 4021, 4019, 4014, 4016, 4019, 4018, 4024, 4023, 3943, 3967, 4024, 4021, 4022, 0, 4017, 4021, 4015, 4020, 4022, 4006, 4020, 4022, 4021, 4011, 3795, 4021, 4016, 3834, 4018, 3909, 4023, 3605, 4023, 4016, 4021, 4021, 4022, 4014, 3997, 4023, 3996, 3948, 4022, 3982, 4017, 3858, 522, 4024, 4011, 4016, 4024, 3845, 4021, 4021, 4020, 4020, 3989, 4023, 4022, 4023, 3972, 4020, 4019, 4018, 4021, 3358, 4000, 4022, 4021, 4013, 4018, 3990, 4022, 4015, 4023, 4002, 4023, 4011, 3814, 4016, 3995, 4009, 3986, 4021, 2026, 4018, 4017, 4022, 3995, 4015, 3987, 4006, 3975, 1080, 4021, 4022, 1494, 4015, 4023, 4018, 4008, 4023, 4022, 4024, 4023, 4003, 4011, 4022, 4018, 3991, 4014, 4019, 4022, 3943, 3983, 4018, 4016, 4021, 3927, 4021, 3872, 4023, 3996, 3851, 3994, 3989, 4003, 4022, 3956, 4023, 4022, 3994, 4018, 4023, 4023, 4014, 4011, 4023, 4017, 4013, 4021, 4023, 4022, 4016, 4018, 4023, 563, 4023, 4019, 4011, 4019, 4014, 4022, 4019, 4019, 3993, 3993, 4007, 3901, 4014, 4000, 4014, 3984, 4023, 4014, 4010, 4023, 3853, 3999, 4020, 4023, 3435, 3997, 3971, 3814, 4020, 3862, 3921, 4016, 4021, 4009, 4004, 4024, 3987]}, "prepare_train_sample": {"time": 0.5819048881530762}, "train_eval_model": {"train_config": {"model_name": "one_block_2048_dim", "lr": 0.004, "n_epochs": 12, "milestones": [3, 7]}, "train_intermediate": [{"epoch": 0, "loss": 68.75018330189415, "eval_loss": 55.43057381801116, "train_recall": 0.5466969696969697, "val_recall": 0.6461, "lr": 0.004}, {"epoch": 1, "loss": 66.29360973307476, "eval_loss": 54.85047197341919, "train_recall": 0.5807626262626263, "val_recall": 0.6593, "lr": 0.004}, {"epoch": 2, "loss": 65.82821510586953, "eval_loss": 54.87905991383088, "train_recall": 0.5893717171717172, "val_recall": 0.6682, "lr": 0.004}, {"epoch": 3, "loss": 64.60237814508713, "eval_loss": 53.79796759287516, "train_recall": 0.6143232323232323, "val_recall": 0.6887, "lr": 0.0004}, {"epoch": 4, "loss": 64.42998260531093, "eval_loss": 53.7944462115948, "train_recall": 0.6175080808080808, "val_recall": 0.6895, "lr": 0.0004}, {"epoch": 5, "loss": 64.35698105545455, "eval_loss": 53.672318177345474, "train_recall": 0.6190838383838384, "val_recall": 0.6893, "lr": 0.0004}, {"epoch": 6, "loss": 64.30050865790113, "eval_loss": 53.58604070467827, "train_recall": 0.6202575757575758, "val_recall": 0.6925, "lr": 0.0004}, {"epoch": 7, "loss": 64.17298787753846, "eval_loss": 53.55380670840923, "train_recall": 0.6221959595959596, "val_recall": 0.6937, "lr": 4e-05}, {"epoch": 8, "loss": 64.16174604250233, "eval_loss": 53.55612122706878, "train_recall": 0.6230565656565656, "val_recall": 0.6939, "lr": 4e-05}, {"epoch": 9, "loss": 64.14773641099802, "eval_loss": 53.55857663276868, "train_recall": 0.6236737373737373, "val_recall": 0.6948, "lr": 4e-05}, {"epoch": 10, "loss": 64.15502307772363, "eval_loss": 53.54753975990491, "train_recall": 0.6233979797979798, "val_recall": 0.6942, "lr": 4e-05}, {"epoch": 11, "loss": 64.13877935829092, "eval_loss": 53.48930774590908, "train_recall": 0.6237909090909091, "val_recall": 0.6943, "lr": 4e-05}], "train_total": {"correct": 617553, "final_recall": 0.6237909090909091}, "training_time": 2238.962665081024, "eval_time": 0.029471874237060547}}, {"ins_id": 2, "dataset_partition": {"bulid_graph_time": 1440.0808074474335, "save_graph_time": 27.67017912864685, "graph_partition_time": 61.57731795310974, "total_time": 1529.4914605617523,