{"total_time_consume": 9539.491503715515, "preprocess": {"total_time": 0.23411870002746582}, "classifier": [{"ins_id": 0, "dataset_partition": {"bulid_graph_time": 74.94942665100098, "save_graph_time": 44.53053545951843, "graph_partition_time": 87.11031484603882, "total_time": 206.76105213165283, "cluster_number_distribution": [3744, 4024, 3962, 4024, 1645, 4023, 4006, 4024, 4024, 3860, 3749, 4024, 3899, 4024, 3876, 4024, 4024, 3934, 4024, 4024, 4023, 4024, 3942, 3837, 4024, 4024, 4023, 4022, 3890, 3864, 4021, 4024, 4024, 4024, 3995, 3798, 4024, 3882, 3905, 4014, 4023, 4024, 3974, 4024, 3846, 4018, 4002, 3965, 4007, 4024, 3855, 3895, 4007, 4024, 3758, 4024, 3894, 3952, 3868, 4008, 4024, 3962, 4024, 4022, 3970, 4023, 3828, 4023, 3850, 3935, 4024, 4003, 3804, 3961, 4023, 4007, 4023, 3753, 3941, 3833, 3988, 4008, 4015, 4024, 4023, 4024, 3745, 4023, 4023, 3927, 3940, 4024, 4024, 3824, 3783, 3914, 4024, 4023, 4009, 4024, 4024, 3920, 3973, 3974, 3986, 3936, 4024, 4016, 3981, 4020, 4024, 3962, 3909, 4020, 4023, 3886, 3882, 3861, 4023, 3881, 4024, 4024, 3854, 3890, 3981, 4024, 3901, 4023, 4024, 4012, 4024, 3936, 3753, 4020, 4008, 4023, 4023, 4024, 4023, 4022, 3737, 4021, 3740, 3757, 4024, 3932, 4024, 4022, 3833, 4012, 4024, 3964, 4020, 3851, 3858, 3929, 4024, 4024, 3411, 3772, 3881, 4024, 4024, 4023, 4024, 4023, 3738, 3765, 4024, 4024, 3845, 3951, 3644, 3749, 3646, 3983, 4024, 4023, 3915, 3919, 4024, 3928, 3040, 4024, 4024, 4015, 3818, 4024, 4023, 4024, 3850, 4023, 3986, 4024, 4023, 4023, 4024, 4023, 4024, 4024, 4023, 4022, 4023, 4014, 0, 3980, 4024, 4024, 4024, 4024, 4024, 4024, 3894, 4023, 0, 4022, 3968, 4021, 4024, 4023, 4024, 4023, 3869, 3922, 3770, 3862, 3996, 4024, 3738, 3999, 4024, 4021, 3933, 4023, 1145, 3993, 4007, 4013, 4024, 4024, 4024, 4024, 4024, 4023, 3909, 4017, 3795, 4024, 4024, 3796, 4024, 4024, 3768, 4024, 4023, 3792]}, "prepare_train_sample": {"time": 0.6426718235015869}, "train_eval_model": {"train_config": {"model_name": "one_block_2048_dim", "lr": 0.008, "n_epochs": 12, "milestones": [3, 7]}, "train_intermediate": [{"epoch": 0, "loss": 65.81564813363521, "eval_loss": 51.82081899276147, "train_recall": 0.5787151515151515, "val_recall": 0.6861, "lr": 0.008}, {"epoch": 1, "loss": 63.392086460251505, "eval_loss": 51.406386081989, "train_recall": 0.6101909090909091, "val_recall": 0.696, "lr": 0.008}, {"epoch": 2, "loss": 63.00151007017538, "eval_loss": 51.58827641071417, "train_recall": 0.6170454545454546, "val_recall": 0.6969, "lr": 0.008}, {"epoch": 3, "loss": 61.13751147163821, "eval_loss": 49.929224099868385, "train_recall": 0.6510757575757575, "val_recall": 0.7282, "lr": 0.0008}, {"epoch": 4, "loss": 60.88729718927769, "eval_loss": 49.82603927759024, "train_recall": 0.6566272727272727, "val_recall": 0.7308, "lr": 0.0008}, {"epoch": 5, "loss": 60.78276481422498, "eval_loss": 49.71655613336808, "train_recall": 0.6576878787878788, "val_recall": 0.732, "lr": 0.0008}, {"epoch": 6, "loss": 60.71127812323012, "eval_loss": 49.69746475953322, "train_recall": 0.6593767676767677, "val_recall": 0.7333, "lr": 0.0008}, {"epoch": 7, "loss": 60.5417661218347, "eval_loss": 49.533841218703834, "train_recall": 0.6628464646464647, "val_recall": 0.7368, "lr": 8e-05}, {"epoch": 8, "loss": 60.516110365325346, "eval_loss": 49.60342320417747, "train_recall": 0.664289898989899, "val_recall": 0.7332, "lr": 8e-05}, {"epoch": 9, "loss": 60.50884961454593, "eval_loss": 49.53351192596631, "train_recall": 0.6639565656565657, "val_recall": 0.7325, "lr": 8e-05}, {"epoch": 10, "loss": 60.498090792045986, "eval_loss": 49.698206913776886, "train_recall": 0.6645959595959596, "val_recall": 0.7307, "lr": 8e-05}, {"epoch": 11, "loss": 60.49165236666704, "eval_loss": 49.49579277405372, "train_recall": 0.6643333333333333, "val_recall": 0.7328, "lr": 8e-05}], "train_total": {"correct": 657690, "final_recall": 0.6643333333333333}, "training_time": 2064.4072465896606, "eval_time": 0.021695852279663086}}, {"ins_id": 1, "dataset_partition": {"bulid_graph_time": 82.42258906364441, "save_graph_time": 49.2206072807312, "graph_partition_time": 52.48436999320984, "total_time": 184.29474925994873, "cluster_number_distribution": [3976, 4024, 3841, 3615, 4024, 3933, 3930, 4024, 4023, 4024, 4016, 3444, 3973, 3756, 4024, 3952, 4024, 3867, 4023, 3878, 4024, 3749, 4023, 3739, 3855, 4024, 4009, 4014, 3822, 4024, 3840, 3996, 3942, 3895, 3975, 4012, 3924, 4023, 4024, 3970, 4024, 4024, 4022, 4024, 4012, 4024, 4001, 4023, 4024, 4023, 4024, 4023, 4024, 4024, 3824, 4024, 4024, 3979, 3857, 4024, 4022, 2099, 3742, 4022, 4023, 3923, 3846, 4019, 3953, 3737, 4023, 3586, 4024, 4022, 3894, 4024, 3830, 4023, 4024, 4014, 4021, 3968, 3994, 3986, 3993, 3991, 4023, 4024, 4022, 4024, 4000, 4020, 4024, 4024, 4021, 4023, 4024, 3992, 4020, 4024, 4024, 4024, 3946, 3815, 3942, 4024, 3959, 4024, 4006, 4023, 3758, 3919, 4023, 3922, 4021, 4023, 4024, 4023, 3942, 3984, 4005, 4024, 4007, 4021, 3906, 4021, 4024, 3873, 3984, 3909, 4017, 3988, 4024, 3993, 4021, 4024, 4003, 4024, 2730, 3992, 4024, 4024, 3991, 0, 3937, 4023, 4009, 4005, 4024, 4024, 4024, 3803, 4024, 3966, 3988, 4024, 4023, 3956, 4024, 3907, 4023, 3748, 4024, 3706, 4024, 4023, 3806, 4014, 4022, 4024, 3868, 0, 3987, 4024, 4024, 4024, 4024, 4024, 1523, 4024, 4024, 4014, 3974, 4014, 4024, 4008, 0, 4023, 3898, 4023, 3882, 3856, 4013, 4023, 4024, 3891, 4024, 3923, 3967, 4024, 4001, 3961, 4024, 4023, 3910, 3929, 3886, 4024, 4023, 4024, 3916, 4024, 4024, 3936, 4024, 4024, 3989, 4024, 4024, 3956, 4024, 4024, 4024, 4023, 3967, 3966, 3893, 4018, 4024, 3993, 4023, 4024, 4018, 4024, 3990, 4022, 4018, 4022, 4001, 4022, 4024, 4024, 3977, 4024, 4024, 4023, 3919, 3963, 3901, 4024, 3821, 4024, 4024, 3924, 3746, 3960]}, "prepare_train_sample": {"time": 0.9075994491577148}, "train_eval_model": {"train_config": {"model_name": "one_block_2048_dim", "lr": 0.008, "n_epochs": 12, "milestones": [3, 7]}, "train_intermediate": [{"epoch": 0, "loss": 70.80165680631522, "eval_loss": 58.987956303816574, "train_recall": 0.5271272727272728, "val_recall": 0.6192, "lr": 0.008}, {"epoch": 1, "loss": 68.55805864983617, "eval_loss": 58.34674671368721, "train_recall": 0.5556080808080808, "val_recall": 0.6257, "lr": 0.008}, {"epoch": 2, "loss": 68.16509709751405, "eval_loss": 58.50943139883188, "train_recall": 0.5620474747474747, "val_recall": 0.6311, "lr": 0.008}, {"epoch": 3, "loss": 66.36640399691552, "eval_loss": 56.7511834242405, "train_recall": 0.5928393939393939, "val_recall": 0.6543, "lr": 0.0008}, {"epoch": 4, "loss": 66.12406458202544, "eval_loss": 56.8095492093991, "train_recall": 0.5969636363636364, "val_recall": 0.658, "lr": 0.0008}, {"epoch": 5, "loss": 66.02673785234964, "eval_loss": 56.67448279796503, "train_recall": 0.598010101010101, "val_recall": 0.6618, "lr": 0.0008}, {"epoch": 6, "loss": 65.95661934444675, "eval_loss": 56.558448388026314, "train_recall": 0.599919191919192, "val_recall": 0.664, "lr": 0.0008}, {"epoch": 7, "loss": 65.78305683468294, "eval_loss": 56.54672484520154, "train_recall": 0.6036494949494949, "val_recall": 0.6673, "lr": 8e-05}, {"epoch": 8, "loss": 65.76434211152655, "eval_loss": 56.53839284945757, "train_recall": 0.6039444444444444, "val_recall": 0.6654, "lr": 8e-05}, {"epoch": 9, "loss": 65.7499355617397, "eval_loss": 56.50431714913784, "train_recall": 0.6041080808080808, "val_recall": 0.6662, "lr": 8e-05}, {"epoch": 10, "loss": 65.75529868121014, "eval_loss": 56.52339202929766, "train_recall": 0.6040434343434343, "val_recall": 0.6636, "lr": 8e-05}, {"epoch": 11, "loss": 65.73517997214692, "eval_loss": 56.43737780742156, "train_recall": 0.6046535353535354, "val_recall": 0.667, "lr": 8e-05}], "train_total": {"correct": 598607, "final_recall": 0.6046535353535354}, "training_time": 2040.10999417305, "eval_time": 0.02291417121887207}}, {"ins_id": 2, "dataset_partition": {"bulid_graph_time": 80.70880103111267, "save_graph_time": 54.12783980369568, "graph_partition_time": 49.511479139328, "total_time": 184.5103793144226,