{"total_time_consume": 14186.190905809402, "preprocess": {"total_time": 0.20003342628479004}, "classifier": [{"ins_id": 0, "dataset_partition": {"bulid_graph_time": 811.622385263443, "save_graph_time": 30.019200086593628, "graph_partition_time": 82.61443638801575, "total_time": 924.4159445762634, "cluster_number_distribution": [4020, 3775, 4022, 4022, 4022, 4024, 4001, 4014, 4001, 4016, 3995, 4023, 3987, 4005, 4015, 4005, 460, 4021, 4021, 3985, 4020, 3992, 4012, 4017, 4015, 4016, 4022, 4010, 3944, 4016, 4003, 3999, 4017, 4023, 4022, 4020, 4019, 3922, 4001, 3963, 2857, 4001, 4022, 4018, 3996, 4021, 4022, 1617, 4020, 4015, 4019, 4023, 4000, 3999, 4016, 4018, 4023, 4002, 4021, 3978, 4013, 4020, 4023, 4023, 3963, 3868, 4021, 4023, 4014, 4018, 4023, 4023, 3985, 4012, 4024, 3896, 4007, 3992, 3857, 4022, 4023, 3774, 4013, 3930, 4016, 3436, 4024, 4023, 4011, 4023, 4010, 4024, 4023, 3989, 4017, 2735, 4018, 4024, 4023, 3945, 4015, 4023, 4022, 4014, 4013, 4024, 4017, 4006, 4024, 3992, 4019, 4023, 4001, 591, 4005, 4021, 4023, 4023, 4022, 4023, 4022, 3996, 4021, 4023, 3997, 4017, 4023, 3917, 4022, 4023, 4021, 4018, 2398, 3998, 4024, 3989, 4006, 3998, 4023, 4016, 4011, 4023, 3883, 3993, 3929, 3709, 4013, 4021, 4022, 4021, 4024, 4023, 3692, 4023, 3938, 3915, 3808, 3880, 3970, 3867, 4016, 4022, 4008, 4008, 3957, 4023, 4015, 4004, 4007, 4010, 3961, 4021, 4018, 4023, 4001, 4001, 4023, 4022, 4021, 4017, 4019, 4023, 4018, 4021, 4020, 4019, 3922, 4019, 4020, 3953, 4023, 3374, 4023, 4020, 3943, 4008, 0, 4012, 3982, 4021, 3961, 4019, 4021, 4016, 4015, 4019, 4023, 3999, 4021, 4022, 4021, 3773, 3921, 4022, 3977, 4012, 4023, 4018, 4013, 3763, 4017, 4021, 3908, 3988, 3992, 4017, 3903, 4018, 4022, 4003, 4020, 4019, 3308, 4023, 4014, 4023, 3923, 3975, 4021, 4023, 4009, 4018, 4006, 4014, 4022, 3942, 4019, 4017, 4015, 0, 4022, 4021, 4021, 4021, 4014, 4023]}, "prepare_train_sample": {"time": 0.5869979858398438}, "train_eval_model": {"train_config": {"model_name": "one_block_2048_dim", "lr": 0.004, "n_epochs": 12, "milestones": [3, 7]}, "train_intermediate": [{"epoch": 0, "loss": 64.9943940224034, "eval_loss": 52.09011129843883, "train_recall": 0.5859909090909091, "val_recall": 0.6954, "lr": 0.004}, {"epoch": 1, "loss": 62.46604587754563, "eval_loss": 51.70911081020649, "train_recall": 0.6223909090909091, "val_recall": 0.7028, "lr": 0.004}, {"epoch": 2, "loss": 61.98146955494613, "eval_loss": 51.56774604014861, "train_recall": 0.6316191919191919, "val_recall": 0.7007, "lr": 0.004}, {"epoch": 3, "loss": 60.72303230279972, "eval_loss": 50.50305309051122, "train_recall": 0.6577737373737373, "val_recall": 0.734, "lr": 0.0004}, {"epoch": 4, "loss": 60.54677311563459, "eval_loss": 50.40625619888306, "train_recall": 0.661059595959596, "val_recall": 0.7347, "lr": 0.0004}, {"epoch": 5, "loss": 60.45887523645821, "eval_loss": 50.33842956714141, "train_recall": 0.6630090909090909, "val_recall": 0.7356, "lr": 0.0004}, {"epoch": 6, "loss": 60.41354968012445, "eval_loss": 50.26236492548234, "train_recall": 0.6639393939393939, "val_recall": 0.7375, "lr": 0.0004}, {"epoch": 7, "loss": 60.2938583853188, "eval_loss": 50.209202888684395, "train_recall": 0.667160606060606, "val_recall": 0.7413, "lr": 4e-05}, {"epoch": 8, "loss": 60.27257605104859, "eval_loss": 50.25095827151568, "train_recall": 0.6675525252525253, "val_recall": 0.7416, "lr": 4e-05}, {"epoch": 9, "loss": 60.264738349040314, "eval_loss": 50.18315853216709, "train_recall": 0.667650505050505, "val_recall": 0.7406, "lr": 4e-05}, {"epoch": 10, "loss": 60.260647782713136, "eval_loss": 50.30178987674224, "train_recall": 0.6681505050505051, "val_recall": 0.7391, "lr": 4e-05}, {"epoch": 11, "loss": 60.25117953899401, "eval_loss": 50.15773494427021, "train_recall": 0.6679363636363637, "val_recall": 0.742, "lr": 4e-05}], "train_total": {"correct": 661257, "final_recall": 0.6679363636363637}, "training_time": 2617.465957403183, "eval_time": 0.010871410369873047}}, {"ins_id": 1, "dataset_partition": {"bulid_graph_time": 1083.029967546463, "save_graph_time": 27.136345624923706, "graph_partition_time": 56.11594367027283, "total_time": 1166.4548711776733, "cluster_number_distribution": [4021, 3994, 4024, 4016, 4023, 4021, 4023, 3788, 4024, 4023, 4023, 4021, 4024, 3972, 3992, 3762, 4003, 4011, 3995, 4018, 4017, 3991, 3873, 3909, 4010, 3925, 4019, 4020, 2500, 3986, 3855, 3994, 4023, 4018, 4019, 4000, 4013, 4008, 3850, 2105, 4000, 3946, 3958, 4017, 4020, 4021, 4017, 3893, 4020, 4004, 3978, 3975, 3993, 4022, 3986, 3876, 4023, 4005, 4021, 3985, 3998, 4023, 4023, 3928, 4020, 4011, 4013, 4015, 3922, 3989, 4000, 4011, 4018, 4017, 3988, 4019, 4015, 0, 3001, 4023, 4022, 4023, 4017, 4020, 4016, 3926, 3990, 4024, 3954, 3995, 3941, 4023, 3940, 3931, 4023, 4023, 4011, 4002, 3988, 4015, 4023, 4013, 4021, 2142, 3844, 4023, 3823, 3997, 4021, 3950, 4017, 4023, 4021, 4021, 4023, 4022, 4023, 3469, 4019, 3927, 4019, 4023, 4013, 4008, 4022, 3968, 4010, 3924, 4023, 3980, 4005, 3969, 4019, 3728, 3986, 4013, 3995, 4020, 4011, 4015, 3884, 3984, 4009, 3827, 3991, 4020, 3790, 1238, 4021, 4021, 4003, 4016, 3859, 4021, 3887, 4023, 4010, 3912, 4022, 4023, 4022, 3899, 3969, 3904, 4022, 3979, 4022, 3840, 3956, 4010, 4023, 4012, 4004, 4023, 4012, 4018, 3978, 4021, 4021, 3995, 4019, 3996, 3965, 3971, 3933, 4023, 3895, 3816, 1146, 4021, 4006, 3992, 4023, 4000, 4023, 4019, 4021, 4014, 4022, 4023, 4022, 3992, 4023, 4023, 4020, 3963, 4020, 3708, 3977, 4006, 2290, 3963, 3238, 4013, 4009, 3992, 3970, 3998, 4022, 3990, 4023, 3365, 4022, 3846, 3990, 4017, 4023, 4022, 4013, 3108, 3991, 4022, 3986, 4022, 4013, 3957, 4010, 3991, 4014, 3980, 4022, 4008, 3953, 4019, 4014, 4015, 4018, 4011, 4023, 4019, 4022, 4023, 4017, 4020, 3172, 4007]}, "prepare_train_sample": {"time": 0.843101978302002}, "train_eval_model": {"train_config": {"model_name": "one_block_2048_dim", "lr": 0.004, "n_epochs": 12, "milestones": [3, 7]}, "train_intermediate": [{"epoch": 0, "loss": 68.6106345230982, "eval_loss": 56.17451632939852, "train_recall": 0.5502050505050505, "val_recall": 0.6484, "lr": 0.004}, {"epoch": 1, "loss": 66.13935198692782, "eval_loss": 55.75644266911042, "train_recall": 0.5851565656565657, "val_recall": 0.661, "lr": 0.004}, {"epoch": 2, "loss": 65.67732747810962, "eval_loss": 55.6262071010394, "train_recall": 0.5932676767676768, "val_recall": 0.6616, "lr": 0.004}, {"epoch": 3, "loss": 64.4437253504243, "eval_loss": 54.68887790044149, "train_recall": 0.6186848484848485, "val_recall": 0.6801, "lr": 0.0004}, {"epoch": 4, "loss": 64.27027511806298, "eval_loss": 54.55477293943748, "train_recall": 0.6217686868686869, "val_recall": 0.6856, "lr": 0.0004}, {"epoch": 5, "loss": 64.19630996990664, "eval_loss": 54.37430953979492, "train_recall": 0.6231949494949495, "val_recall": 0.6869, "lr": 0.0004}, {"epoch": 6, "loss": 64.1470790374378, "eval_loss": 54.37190631719736, "train_recall": 0.6238010101010101, "val_recall": 0.6887, "lr": 0.0004}, {"epoch": 7, "loss": 64.01784356058032, "eval_loss": 54.397082823973435, "train_recall": 0.6274141414141414, "val_recall": 0.6911, "lr": 4e-05}, {"epoch": 8, "loss": 64.00380154268217, "eval_loss": 54.348115315804115, "train_recall": 0.6279737373737374, "val_recall": 0.6894, "lr": 4e-05}, {"epoch": 9, "loss": 63.98416939932177, "eval_loss": 54.311691761016846, "train_recall": 0.6278161616161616, "val_recall": 0.6937, "lr": 4e-05}, {"epoch": 10, "loss": 64.00363145455803, "eval_loss": 54.34605031747084, "train_recall": 0.6278121212121213, "val_recall": 0.6894, "lr": 4e-05}, {"epoch": 11, "loss": 63.979310657750176, "eval_loss": 54.281067915451835, "train_recall": 0.628110101010101, "val_recall": 0.688, "lr": 4e-05}], "train_total": {"correct": 621829, "final_recall": 0.628110101010101}, "training_time": 2138.198449611664, "eval_time": 0.02387857437133789}}, {"ins_id": 2, "dataset_partition": {"bulid_graph_time": 1119.2986869812012, "save_graph_time": 29.21273183822632, "graph_partition_time": 79.70284795761108, "total_time": 1228.3793308734894,