{"total_time_consume": 15991.492449522018, "preprocess": {"kmeans_time": 56.78203058242798, "random_projection_time": 0.000408172607421875, "total_time": 56.984615087509155}, "classifier": [{"ins_id": 0, "dataset_partition": {"bulid_graph_time": 829.1493334770203, "save_graph_time": 26.478310108184814, "graph_partition_time": 79.80802083015442, "total_time": 935.6046512126923, "cluster_number_distribution": [4011, 4015, 4016, 4022, 4015, 3502, 4016, 4015, 4011, 1682, 4008, 4009, 0, 4010, 4010, 4012, 4010, 4010, 4010, 4012, 4010, 4011, 4012, 4010, 4009, 4010, 4010, 4010, 4010, 4006, 4009, 4009, 4009, 4010, 4009, 4008, 4010, 4013, 4016, 4011, 4011, 4010, 4013, 3079, 4012, 4009, 4010, 4011, 3653, 2771, 4008, 3954, 3800, 4012, 4010, 4014, 4014, 4013, 4008, 4009, 4007, 4008, 4008, 4009, 4010, 4012, 4020, 4005, 4009, 4013, 4005, 4010, 4013, 4011, 4010, 4012, 4010, 4010, 4012, 4009, 4015, 4009, 4010, 4007, 4013, 4009, 4012, 4010, 2124, 4010, 4013, 4015, 4009, 4009, 4010, 3404, 4010, 4010, 4010, 4010, 4009, 4011, 4014, 4010, 4010, 4010, 4010, 1487, 4012, 4011, 4009, 4012, 4010, 4010, 4011, 4010, 4009, 4014, 4009, 3956, 4008, 4008, 4011, 3796, 4011, 4010, 4012, 4010, 4010, 3679, 4037, 4037, 4037, 2819, 4037, 4039, 4036, 4037, 4037, 4036, 4037, 4039, 4037, 4039, 4036, 4028, 4034, 4038, 4033, 4039, 4038, 4037, 4038, 4037, 4039, 4038, 4035, 4041, 4037, 4037, 4040, 4037, 4037, 4039, 4036, 4037, 4037, 4037, 4030, 4037, 0, 4035, 4039, 4038, 4040, 3305, 4037, 4043, 4037, 4034, 4033, 4034, 4036, 4037, 3968, 4037, 3703, 4039, 4038, 4039, 4037, 4038, 3498, 4038, 4036, 4040, 4037, 4035, 4039, 4038, 4042, 4033, 4037, 4037, 4038, 4041, 4038, 4034, 4037, 4038, 4037, 4040, 4036, 4033, 4040, 4037, 2566, 4037, 4037, 4038, 4038, 4038, 4038, 771, 4036, 4039, 3743, 4037, 4038, 4038, 4037, 4039, 4037, 3765, 4039, 3898, 4037, 4033, 4039, 4037, 4037, 4037, 4036, 4037, 4037, 4037, 4037, 4036, 4038, 4035, 4036, 4037, 3888, 3969, 4037, 1819]}, "prepare_train_sample": {"time": 0.5892906188964844}, "train_eval_model": {"train_config": {"model_name": "one_block_8192_dim", "lr": 0.001, "n_epochs": 12, "milestones": [3, 7]}, "train_intermediate": [{"epoch": 0, "loss": 62.79446994009479, "eval_loss": 48.7167231180729, "train_recall": 0.631239393939394, "val_recall": 0.7408, "lr": 0.001}, {"epoch": 1, "loss": 58.3171767575649, "eval_loss": 48.16254846254984, "train_recall": 0.6899686868686868, "val_recall": 0.7506, "lr": 0.001}, {"epoch": 2, "loss": 57.643432988953094, "eval_loss": 47.96012581923069, "train_recall": 0.7054090909090909, "val_recall": 0.7662, "lr": 0.001}, {"epoch": 3, "loss": 56.67326579420846, "eval_loss": 47.13999446233114, "train_recall": 0.7306272727272727, "val_recall": 0.787, "lr": 0.0001}, {"epoch": 4, "loss": 56.51653673311517, "eval_loss": 47.14776002443754, "train_recall": 0.7351959595959596, "val_recall": 0.7878, "lr": 0.0001}, {"epoch": 5, "loss": 56.440939054949375, "eval_loss": 47.024082666788345, "train_recall": 0.7370636363636364, "val_recall": 0.7848, "lr": 0.0001}, {"epoch": 6, "loss": 56.380148532422425, "eval_loss": 47.042450097891, "train_recall": 0.7386272727272727, "val_recall": 0.7875, "lr": 0.0001}, {"epoch": 7, "loss": 56.300569181093614, "eval_loss": 46.9230590233436, "train_recall": 0.7405868686868687, "val_recall": 0.7909, "lr": 1e-05}, {"epoch": 8, "loss": 56.27721782984821, "eval_loss": 46.91805968529139, "train_recall": 0.7414333333333334, "val_recall": 0.7902, "lr": 1e-05}, {"epoch": 9, "loss": 56.263425998112524, "eval_loss": 46.938136669305656, "train_recall": 0.742249494949495, "val_recall": 0.7911, "lr": 1e-05}, {"epoch": 10, "loss": 56.25558927638169, "eval_loss": 47.030821506793686, "train_recall": 0.742149494949495, "val_recall": 0.7909, "lr": 1e-05}, {"epoch": 11, "loss": 56.24993936657254, "eval_loss": 46.9289536904066, "train_recall": 0.7423888888888889, "val_recall": 0.7905, "lr": 1e-05}], "train_total": {"correct": 734965, "final_recall": 0.7423888888888889}, "training_time": 2395.254233121872, "eval_time": 0.010790586471557617}}, {"ins_id": 1, "dataset_partition": {"bulid_graph_time": 1136.0730695724487, "save_graph_time": 27.410168647766113, "graph_partition_time": 66.1064805984497, "total_time": 1229.7522294521332, "cluster_number_distribution": [4028, 4030, 4032, 4029, 4033, 4027, 2955, 3792, 4026, 4030, 4029, 4022, 4029, 4029, 4032, 4028, 4033, 4028, 4030, 1518, 4027, 4030, 4035, 4027, 4028, 4028, 3149, 4030, 4026, 4031, 4028, 4021, 4027, 4032, 4028, 4028, 4028, 4028, 4027, 4024, 3379, 4028, 4028, 4030, 4030, 4028, 4028, 4029, 2901, 4030, 4028, 4027, 4028, 4029, 4030, 4029, 4028, 4028, 4027, 4031, 4028, 4028, 4029, 4028, 4031, 4028, 4034, 4025, 4030, 4031, 4028, 0, 4028, 4028, 4032, 4026, 4031, 4029, 4031, 1288, 4028, 4029, 4025, 4029, 4028, 4029, 4026, 4032, 4029, 4024, 4028, 4028, 3225, 4027, 4029, 4028, 4029, 4030, 4026, 4030, 4033, 4028, 4027, 4030, 4029, 4027, 4027, 4028, 4028, 4028, 4030, 4028, 3628, 4026, 4029, 4031, 4028, 4028, 4030, 4028, 4028, 3926, 2574, 4029, 4028, 4027, 4028, 4030, 4028, 4032, 4029, 4029, 4028, 4028, 4028, 4025, 3985, 3812, 4005, 2356, 3789, 4007, 4018, 4011, 4011, 3842, 4019, 4018, 4012, 4011, 3984, 4019, 4018, 4017, 4008, 4009, 4019, 4019, 4018, 4018, 3973, 4017, 3246, 4000, 3770, 3962, 4009, 4018, 3948, 3981, 4017, 3877, 3999, 4008, 4017, 4008, 3993, 4015, 4018, 4016, 2451, 4011, 4018, 4000, 4017, 4012, 4018, 4018, 3806, 4014, 4018, 4018, 3473, 4019, 4013, 3995, 4014, 4018, 3982, 3991, 3994, 4013, 4003, 4011, 4017, 4016, 4018, 4000, 4000, 4019, 0, 4012, 4018, 4012, 4016, 3964, 4001, 3990, 3963, 4015, 4014, 4017, 3999, 4015, 4016, 4014, 4015, 4017, 4006, 3800, 3993, 3911, 3989, 3994, 3937, 3898, 4009, 4011, 4016, 4018, 4018, 4016, 4004, 4013, 4006, 3546, 4019, 4018, 4018, 4012, 4018, 2476, 4016, 4010, 3952, 3386]}, "prepare_train_sample": {"time": 0.8238449096679688}, "train_eval_model": {"train_config": {"model_name": "one_block_8192_dim", "lr": 0.001, "n_epochs": 12, "milestones": [3, 7]}, "train_intermediate": [{"epoch": 0, "loss": 64.42810022083039, "eval_loss": 50.29502912056752, "train_recall": 0.6105909090909091, "val_recall": 0.7132, "lr": 0.001}, {"epoch": 1, "loss": 59.964324891122175, "eval_loss": 49.70471015343299, "train_recall": 0.6682646464646465, "val_recall": 0.7312, "lr": 0.001}, {"epoch": 2, "loss": 59.30841082887273, "eval_loss": 49.5245536840879, "train_recall": 0.6818606060606061, "val_recall": 0.7332, "lr": 0.001}, {"epoch": 3, "loss": 58.33713872408741, "eval_loss": 48.924477271544625, "train_recall": 0.7066757575757576, "val_recall": 0.7552, "lr": 0.0001}, {"epoch": 4, "loss": 58.17239710809681, "eval_loss": 48.77375849088033, "train_recall": 0.7103676767676768, "val_recall": 0.756, "lr": 0.0001}, {"epoch": 5, "loss": 58.09675495838092, "eval_loss": 48.792151781228874, "train_recall": 0.7124030303030303, "val_recall": 0.7563, "lr": 0.0001}, {"epoch": 6, "loss": 58.03936474740276, "eval_loss": 48.747055768966675, "train_recall": 0.7140606060606061, "val_recall": 0.7547, "lr": 0.0001}, {"epoch": 7, "loss": 57.93689533355345, "eval_loss": 48.705414154590706, "train_recall": 0.7164969696969697, "val_recall": 0.7547, "lr": 1e-05}, {"epoch": 8, "loss": 57.92358403776621, "eval_loss": 48.74384112847157, "train_recall": 0.7167808080808081, "val_recall": 0.7578, "lr": 1e-05}, {"epoch": 9, "loss": 57.913686664094364, "eval_loss": 48.70279469245519, "train_recall": 0.7183555555555555, "val_recall": 0.7589, "lr": 1e-05}, {"epoch": 10, "loss": 57.91375097300736, "eval_loss": 48.653118164111405, "train_recall": 0.7180282828282828, "val_recall": 0.7532, "lr": 1e-05}, {"epoch": 11, "loss": 57.90370017975038, "eval_loss": 48.628279545368294, "train_recall": 0.7183979797979798, "val_recall": 0.7583, "lr": 1e-05}], "train_total": {"correct": 711214, "final_recall": 0.7183979797979798}, "training_time": 2735.2762944698334, "eval_time": 0.01603841781616211}}, {"ins_id": 2, "dataset_partition": {"bulid_graph_time": 1151.2750148773193, "save_graph_time": 28.085853815078735,