{"total_time_consume": 17899.33129954338, "preprocess": {"kmeans_time": 55.28642821311951, "random_projection_time": 0.00040221214294433594, "total_time": 55.497403383255005}, "classifier": [{"ins_id": 0, "dataset_partition": {"bulid_graph_time": 1808.3702836036682, "save_graph_time": 41.74246335029602, "graph_partition_time": 111.75376725196838, "total_time": 1962.0851395130157, "cluster_number_distribution": [4010, 4009, 4009, 4011, 4011, 4008, 4011, 4012, 4010, 4013, 4009, 4010, 4010, 4011, 4011, 4013, 1987, 4011, 4014, 4013, 4011, 4013, 4012, 1581, 4012, 4010, 4014, 4010, 4010, 4010, 4010, 4010, 4010, 4009, 4010, 4012, 4010, 4011, 1981, 4010, 4010, 4013, 4011, 4014, 4011, 4012, 4002, 4018, 4001, 4011, 4013, 4007, 4019, 4011, 4010, 4009, 4009, 4010, 4011, 4018, 4010, 4011, 4012, 4011, 4013, 4010, 4010, 4013, 3177, 3979, 4011, 4009, 4012, 4014, 4010, 0, 4011, 4011, 4010, 4011, 4011, 4010, 4010, 4011, 4010, 4010, 4012, 4010, 3762, 3051, 4012, 4015, 4010, 4010, 4011, 4010, 4010, 4014, 4013, 4011, 4009, 4009, 4008, 4011, 3144, 4008, 4014, 4013, 4013, 4011, 4011, 4008, 4010, 4013, 4014, 4011, 4012, 4011, 4009, 4010, 4010, 4011, 4012, 4012, 4017, 4011, 4015, 4010, 2145, 4011, 4037, 4038, 2209, 4040, 4039, 4037, 4037, 4039, 4037, 4027, 4040, 2594, 4033, 4040, 4037, 4037, 4037, 4008, 4039, 4035, 4037, 4037, 4039, 4038, 4039, 4038, 4037, 4036, 2171, 4036, 4041, 4039, 4037, 4037, 3728, 4038, 4039, 4037, 4037, 4035, 4038, 1999, 4040, 4036, 4039, 4037, 4037, 4038, 4038, 4039, 4037, 4037, 4037, 4042, 4039, 4037, 4038, 4039, 4037, 4036, 4041, 4037, 4038, 4035, 4038, 2977, 4037, 2966, 4043, 4038, 4036, 4037, 4037, 4036, 4039, 4037, 4037, 4037, 4039, 4039, 4038, 4036, 4042, 4036, 4041, 4041, 4035, 4038, 4038, 4036, 4033, 3957, 4037, 4037, 960, 4043, 4038, 4034, 4037, 4037, 4040, 4038, 2463, 4035, 4038, 4035, 4038, 4038, 4038, 4038, 4037, 4038, 4038, 4041, 4039, 4038, 4037, 4039, 4038, 4039, 3538, 4039, 4037, 4038, 4042, 4037]}, "prepare_train_sample": {"time": 1.1911282539367676}, "train_eval_model": {"train_config": {"model_name": "one_block_2048_dim", "lr": 0.008, "n_epochs": 12, "milestones": [3, 7]}, "train_intermediate": [{"epoch": 0, "loss": 63.92606906290989, "eval_loss": 50.119289960616676, "train_recall": 0.595369696969697, "val_recall": 0.6939, "lr": 0.008}, {"epoch": 1, "loss": 61.565026431816264, "eval_loss": 50.05797762137193, "train_recall": 0.6268393939393939, "val_recall": 0.7051, "lr": 0.008}, {"epoch": 2, "loss": 61.17832341002875, "eval_loss": 49.65903401374817, "train_recall": 0.6331727272727272, "val_recall": 0.697, "lr": 0.008}, {"epoch": 3, "loss": 59.387450791971254, "eval_loss": 48.088085584151436, "train_recall": 0.6670909090909091, "val_recall": 0.7398, "lr": 0.0008}, {"epoch": 4, "loss": 59.14627601117243, "eval_loss": 48.04504510683891, "train_recall": 0.6719030303030303, "val_recall": 0.7403, "lr": 0.0008}, {"epoch": 5, "loss": 59.04313844206739, "eval_loss": 47.954804451037674, "train_recall": 0.6742757575757575, "val_recall": 0.7396, "lr": 0.0008}, {"epoch": 6, "loss": 58.97976312151198, "eval_loss": 47.85551018592639, "train_recall": 0.6757747474747475, "val_recall": 0.7416, "lr": 0.0008}, {"epoch": 7, "loss": 58.82083537715221, "eval_loss": 47.80581449239682, "train_recall": 0.6788535353535353, "val_recall": 0.7427, "lr": 8e-05}, {"epoch": 8, "loss": 58.795867496737955, "eval_loss": 47.819787862973335, "train_recall": 0.6796222222222222, "val_recall": 0.7433, "lr": 8e-05}, {"epoch": 9, "loss": 58.78500179958223, "eval_loss": 47.75179543250646, "train_recall": 0.6802515151515152, "val_recall": 0.742, "lr": 8e-05}, {"epoch": 10, "loss": 58.77476019082028, "eval_loss": 47.85011307398478, "train_recall": 0.6799656565656566, "val_recall": 0.7414, "lr": 8e-05}, {"epoch": 11, "loss": 58.770375090579115, "eval_loss": 47.74105893648588, "train_recall": 0.6804191919191919, "val_recall": 0.7453, "lr": 8e-05}], "train_total": {"correct": 673615, "final_recall": 0.6804191919191919}, "training_time": 2806.0573437213898, "eval_time": 0.02227187156677246}}, {"ins_id": 1, "dataset_partition": {"bulid_graph_time": 1521.8358373641968, "save_graph_time": 29.867108583450317, "graph_partition_time": 65.32765913009644, "total_time": 1617.1877193450928, "cluster_number_distribution": [4032, 4033, 4028, 4028, 4031, 515, 4031, 4028, 4032, 4027, 4027, 4037, 4028, 4026, 4026, 4029, 4028, 4026, 4026, 3107, 4027, 4028, 4029, 4028, 4032, 4033, 4031, 4028, 4033, 4028, 4028, 4029, 4028, 4031, 4029, 4029, 3789, 4030, 4028, 4027, 4032, 4029, 4028, 4027, 4029, 4027, 4031, 4032, 4029, 4031, 4028, 4028, 4030, 4028, 4028, 4030, 4035, 4030, 4029, 4032, 3752, 3089, 4029, 4030, 4014, 4028, 3852, 1675, 4028, 4029, 4023, 379, 4027, 4030, 4033, 4030, 4025, 4029, 4030, 4029, 4029, 4026, 4024, 4027, 4028, 4032, 4028, 4029, 4029, 4030, 4027, 4027, 4028, 4025, 4027, 4025, 4027, 4029, 4030, 4028, 4028, 4031, 4029, 4032, 4032, 4029, 4025, 4028, 4019, 4029, 4028, 4028, 4028, 4036, 4030, 4033, 4028, 3842, 3332, 4028, 1129, 4033, 4029, 4028, 4029, 4036, 4029, 4028, 3854, 4029, 4030, 4027, 4023, 4029, 4021, 4030, 4017, 4016, 3943, 3898, 4018, 3799, 4017, 3995, 4014, 2572, 4015, 4016, 3996, 4014, 4008, 3924, 4017, 3735, 4018, 3926, 4018, 3976, 4015, 3565, 4019, 4018, 4018, 4004, 4019, 3991, 3994, 3989, 4018, 3997, 3985, 4016, 3845, 3990, 4018, 4018, 3737, 4018, 4018, 4019, 4018, 4006, 4018, 4018, 4006, 4018, 4015, 4014, 3152, 4016, 4018, 3335, 4019, 4018, 4019, 4014, 4011, 4016, 3933, 0, 4009, 3995, 4009, 4016, 4018, 4013, 4010, 3012, 4013, 4018, 4013, 4017, 3996, 4017, 4015, 3968, 4009, 4016, 3993, 4018, 3998, 3930, 3982, 4018, 4018, 4018, 4008, 4018, 3951, 4013, 4016, 4015, 4018, 4007, 4014, 3989, 4012, 4019, 4018, 4013, 4016, 4018, 4009, 4018, 3989, 4011, 3993, 4006, 4007, 4018, 3997, 3925, 3984, 4006, 3968, 980]}, "prepare_train_sample": {"time": 0.7296979427337646}, "train_eval_model": {"train_config": {"model_name": "one_block_2048_dim", "lr": 0.008, "n_epochs": 12, "milestones": [3, 7]}, "train_intermediate": [{"epoch": 0, "loss": 66.00834787032582, "eval_loss": 53.12430133575048, "train_recall": 0.5671828282828283, "val_recall": 0.6591, "lr": 0.008}, {"epoch": 1, "loss": 63.70272261953756, "eval_loss": 52.443908110643044, "train_recall": 0.5974151515151516, "val_recall": 0.674, "lr": 0.008}, {"epoch": 2, "loss": 63.316150316082485, "eval_loss": 52.401381914432235, "train_recall": 0.6045414141414142, "val_recall": 0.6824, "lr": 0.008}, {"epoch": 3, "loss": 61.53822201381932, "eval_loss": 50.947340665719445, "train_recall": 0.6361717171717172, "val_recall": 0.7043, "lr": 0.0008}, {"epoch": 4, "loss": 61.28536586266404, "eval_loss": 50.94877350024688, "train_recall": 0.6411979797979798, "val_recall": 0.7074, "lr": 0.0008}, {"epoch": 5, "loss": 61.19589899530869, "eval_loss": 50.86888527870178, "train_recall": 0.6430494949494949, "val_recall": 0.71, "lr": 0.0008}, {"epoch": 6, "loss": 61.12482306312743, "eval_loss": 50.777720879285766, "train_recall": 0.6442020202020202, "val_recall": 0.7056, "lr": 0.0008}, {"epoch": 7, "loss": 60.94232308203754, "eval_loss": 50.673144089869965, "train_recall": 0.6482444444444444, "val_recall": 0.7153, "lr": 8e-05}, {"epoch": 8, "loss": 60.931344194526595, "eval_loss": 50.715962935716675, "train_recall": 0.6480282828282828, "val_recall": 0.7118, "lr": 8e-05}, {"epoch": 9, "loss": 60.91491559353504, "eval_loss": 50.63810891371507, "train_recall": 0.6483454545454546, "val_recall": 0.7145, "lr": 8e-05}, {"epoch": 10, "loss": 60.91398219049302, "eval_loss": 50.654407617373344, "train_recall": 0.6484636363636364, "val_recall": 0.7122, "lr": 8e-05}, {"epoch": 11, "loss": 60.900336865721876, "eval_loss": 50.60655104808318, "train_recall": 0.6484838383838384, "val_recall": 0.7107, "lr": 8e-05}], "train_total": {"correct": 641999, "final_recall": 0.6484838383838384}, "training_time": 2358.9526767730713, "eval_time": 0.00895547866821289}}, {"ins_id": 2, "dataset_partition": {"bulid_graph_time": 1460.0114045143127, "save_graph_time": 28.411072492599487,